Date,Depth_m,Temp_C,Chla_ugL,Turb_NTU,Cond_uScm,Spec_Cond_uScm,DO_mgL,DO_pSat,pH,ORP_mV,PAR,Salinity,Descent Rate (m/s),Flag
2019-06-06T06:36:59Z,-0.638,22.8435,-0.114,-0.3691,0.309985,0.63,8.4731,98.495,8.235,-1240.7455,203.87,0.0111,0,0
2019-06-06T06:36:59Z,-0.637,22.8442,-0.1216,-0.5277,1.151201,0.688,8.5119,98.947,8.237,-1240.7455,256.04,0.0111,0,0
2019-06-06T06:36:59Z,-0.636,22.8393,-0.1407,-0.5566,-0.070603,0.775,8.5776,99.707,8.178,-1240.7455,311.06,0.0111,0.001,0
2019-06-06T06:36:59Z,-0.628,22.832,-0.1102,-0.4845,2.067154,0.775,8.6157,100.14,8.042,-1240.7455,337.73,0.0111,0.003,0
2019-06-06T06:36:59Z,-0.569,22.8318,-0.1178,-0.4412,17.757368,19.662,8.6574,100.619,8.472,1240.2295,351.14,0.017,0.02,0
2019-06-06T06:36:59Z,-0.49,22.8318,-0.1178,-0.5277,31.346258,32.065,8.6851,100.94,9.116,144.792,375.47,0.0219,0.053,0
2019-06-06T06:36:59Z,-0.385,22.8342,-0.011,4.3462,37.005395,39.448,8.6961,101.066,9.761,155.0135,386.71,0.0249,0.105,0
2019-06-06T06:36:59Z,-0.31,22.8396,-0.0263,4.4327,36.6656,37.844,8.6898,100.994,10.226,155.1271,397.58,0.0242,0.159,0
2019-06-06T06:36:59Z,-0.271,22.8415,0.0043,4.548,34.613199,36.469,8.6817,100.905,10.555,153.8778,415.74,0.0237,0.202,0
2019-06-06T06:36:59Z,-0.235,22.8416,0.0195,4.5336,34.847768,36.174,8.669,100.766,10.775,154.6728,419.43,0.0235,0.23,0
2019-06-06T06:36:59Z,-0.188,22.8419,-0.011,4.4904,34.269744,36.055,8.6641,100.717,10.924,158.9507,422.61,0.0235,0.245,0
2019-06-06T06:36:59Z,-0.126,22.8424,1.3203,1.3613,34.532478,35.793,8.6336,100.367,11.011,154.7864,443.63,0.0234,0.247,0
2019-06-06T06:36:59Z,-0.078,22.8402,1.3242,1.3324,35.824668,37.718,8.5484000000000009,99.382,11.057,155.5056,439.77,0.0242,0.231,0
2019-06-06T06:36:59Z,-0.053,22.8356,1.3623,1.4189,35.743437,37.164,8.4273,97.978,11.069,155.2406,324.54,0.024,0.204,0
2019-06-06T06:36:59Z,-0.045,22.8327,1.3318,1.3036,35.255816,36.961,8.2802,96.271,11.054,157.9664,272.12,0.0239,0.172,0
2019-06-06T06:36:59Z,-0.045,22.8319,1.4996,1.2892,35.453598,36.965,8.1114,94.312,11.028,159.0264,315.49,0.0239,0.145,0
2019-06-06T06:36:59Z,-0.044,22.8312,1.5111,1.3036,35.349137,37.025,7.9252,92.149,11.005,160.4649,318.19,0.0239,0.12,0
2019-06-06T06:36:59Z,-0.045,22.8319,1.5378,1.4622,35.385819,36.909,7.7762,90.418,10.974,162.1307,312.13,0.0238,0.09,0
2019-06-06T06:36:59Z,-0.046,22.8348,1.5378,1.3613,35.23015,36.91,7.6734,89.223,10.945,162.4335,305.51,0.0238,0.058,0
2019-06-06T06:36:59Z,-0.045,22.8392,1.5683,1.0873,34.476098,35.975,7.6117,88.505,10.913,163.2664,313.02,0.0235,0.029,0
2019-06-06T06:36:59Z,-0.045,22.843,1.5569,1.2027,33.924023,35.477,7.5849,88.195,10.887,164.0992,295.11,0.0233,0.01,0
2019-06-06T06:36:59Z,-0.045,22.8458,1.5797,1.1882,33.902236,35.415,7.5697,88.019,10.855,165.0457,293.85,0.0232,0.002,0
2019-06-06T06:36:59Z,-0.044,22.8485,1.5454,1.145,33.851322,35.383,7.5568,87.87,10.826,165.1214,299.72,0.0232,0,0
2019-06-06T06:36:59Z,-0.044,22.8508,1.595,1.3613,33.898489,35.41,7.5431,87.712,10.8,165.765,293.68,0.0232,0,0
2019-06-06T06:36:59Z,-0.044,22.8526,1.5607,1.3324,33.813906,35.35,7.5086,87.311,10.773,166.0678,305.02,0.0232,0,0
2019-06-06T06:36:59Z,-0.044,22.8538,1.5607,1.3613,34.045477,35.523,7.4513,86.645,10.748,166.3328,304.66,0.0233,0.001,0
2019-06-06T06:36:59Z,-0.044,22.8552,1.6026,1.3901,34.617769,36.222,7.3722,85.727,10.727,164.7807,296.18,0.0236,0.001,0
2019-06-06T06:36:59Z,-0.044,22.8563,1.5263,1.2892,34.761062,36.279,7.2772,84.624,10.706,164.0992,285.86,0.0236,0.001,0
2019-06-06T06:36:59Z,-0.044,22.8566,1.5149,1.3469,34.815365,36.395,7.2109,83.854,10.686,168.7935,298.2,0.0236,0,0
2019-06-06T06:36:59Z,-0.044,22.8567,1.5225,1.3324,34.905775,36.453,7.1893,83.603,10.663,168.7557,296.96,0.0237,0,0
2019-06-06T06:36:59Z,-0.043,22.8572,1.492,1.4045,34.885605,36.452,7.2293,84.07,10.641,169.21,284.44,0.0237,0,0
2019-06-06T06:36:59Z,-0.043,22.8577,1.4767,1.2748,35.018259,36.569,7.3344,85.293,10.625,166.7114,292.95,0.0237,0,0
2019-06-06T06:36:59Z,-0.044,22.8582,1.5263,1.0873,35.066645,36.656,7.4731,86.907,10.604,167.3171,307.59,0.0238,0,0
2019-06-06T06:36:59Z,-0.043,22.8588,1.5187,1.145,34.914288,36.451,7.6253,88.677,10.587,170.8757,287.35,0.0237,0,0
2019-06-06T06:36:59Z,-0.043,22.8591,1.4958,1.1882,34.704116,36.276,7.7587,90.231,10.57,171.4814,267.34,0.0236,0,0
2019-06-06T06:36:59Z,-0.043,22.8596,1.4882,1.1882,34.498499,36.013,7.8561,91.363,10.555,172.0114,295.12,0.0235,0,0
2019-06-06T06:36:59Z,-0.042,22.8602,1.5035,1.145,34.518269,36.071,7.9164,92.065,10.54,172.3521,303.71,0.0235,0,0
2019-06-06T06:36:59Z,-0.043,22.8609,1.492,1.145,34.620247,36.158,7.94,92.341,10.528,172.0114,281.61,0.0235,0,0
2019-06-06T06:36:59Z,-0.042,22.8617,1.4996,1.0585,34.608643,36.158,7.9421,92.366,10.518,172.5035,274.9,0.0235,0.001,0
2019-06-06T06:36:59Z,-0.043,22.8624,1.5111,1.1594,34.562342,36.099,7.9294,92.218,10.51,172.39,282.05,0.0235,0.001,0
2019-06-06T06:36:59Z,-0.042,22.8632,1.5683,1.145,34.470446,36.011,7.9084,91.974,10.503,173.1093,297.38,0.0235,0.001,0
2019-06-06T06:36:59Z,-0.042,22.8638,1.5759,1.1882,34.426689,35.952,7.8854,91.707,10.493,173.2607,296.11,0.0235,0,0
2019-06-06T06:36:59Z,-0.042,22.8642,1.5874,1.1306,34.409373,35.951,7.8736,91.57,10.473,173.4121,291.67,0.0235,0.001,0
2019-06-06T06:36:59Z,-0.042,22.8647,1.5607,1.1017,34.314202,35.834,7.8593,91.403,10.455,173.7528,307.93,0.0234,0,0
2019-06-06T06:36:59Z,-0.042,22.8654,1.5035,1.3613,34.308074,35.834,7.835,91.121,10.443,174.1693,297.67,0.0234,0,0
2019-06-06T06:36:59Z,-0.042,22.8657,1.5111,1.3613,34.328106,35.863,7.8029,90.748,10.436,174.8507,294.59,0.0234,0,0
2019-06-06T06:36:59Z,-0.042,22.8661,1.5187,1.3036,34.259641,35.775,7.7687,90.349,10.428,174.2071,301.21,0.0234,0,0
2019-06-06T06:36:59Z,-0.041,22.8665,1.4882,1.3901,34.185858,35.716,7.7257,89.85,10.421,174.2828,281.41,0.0234,0.001,0
2019-06-06T06:36:59Z,-0.041,22.8671,1.5721,1.145,34.153245,35.658,7.6902,89.438,10.413,172.8064,301.52,0.0233,0.001,0
2019-06-06T06:36:59Z,-0.042,22.8674,1.595,1.1161,34.122437,35.657,7.6499,88.969,10.402,173.45,328.1,0.0233,0,0
2019-06-06T06:36:59Z,-0.04,22.8674,1.5569,1.0585,34.076041,35.569,7.6118,88.525,10.393,173.5636,305.26,0.0233,0.001,0
2019-06-06T06:36:59Z,-0.041,22.8675,1.5607,1.145,34.12209,35.657,7.5723,88.066,10.382,177.6521,293.45,0.0233,0.001,0
2019-06-06T06:36:59Z,-0.04,22.8675,1.5912,1.1161,34.06513,35.569,7.5406,87.697,10.368,176.895,302.05,0.0233,0.001,0
2019-06-06T06:36:59Z,-0.041,22.8673,1.6904,1.145,34.058034,35.569,7.5047,87.279,10.358,177.0464,288.98,0.0233,0.001,0
2019-06-06T06:36:59Z,-0.041,22.8673,1.6827,1.2171,34.130921,35.657,7.4719,86.897,10.345,177.3871,283.55,0.0233,0.001,0
2019-06-06T06:36:59Z,-0.04,22.8673,1.6866,1.1306,34.063317,35.569,7.4341,86.457,10.333,174.9264,323.24,0.0233,0,0
2019-06-06T06:36:59Z,-0.04,22.8671,1.6751,1.1882,34.053273,35.569,7.3955,86.008,10.325,175.5321,298.27,0.0233,0,0
2019-06-06T06:36:59Z,-0.04,22.8675,1.6675,1.145,34.291578,35.803,7.362,85.617,10.319,179.7721,269.65,0.0234,0,0
2019-06-06T06:36:59Z,-0.04,22.8678,1.6827,1.145,34.507536,36.065,7.322,85.151,10.315,179.9614,295.08,0.0235,0,0
2019-06-06T06:36:59Z,-0.04,22.8678,1.7056,1.1017,34.554937,36.065,7.2866,84.739,10.307,179.7721,322.14,0.0235,0,0
2019-06-06T06:36:59Z,-0.04,22.8678,1.698,1.1594,34.499273,36.065,7.2474,84.283,10.302,178.75,325.46,0.0235,0,0
2019-06-06T06:36:59Z,-0.04,22.8679,1.4691,1.145,34.280492,35.773,7.2141,83.895,10.292,178.5607,301.51,0.0234,0,0
2019-06-06T06:36:59Z,-0.04,22.8676,1.4882,1.0873,34.14568,35.685,7.1786,83.481,10.28,179.6586,315.78,0.0234,0,0
2019-06-06T06:36:59Z,-0.04,22.8674,1.4882,1.1017,34.074415,35.569,7.1403,83.034,10.272,180.3779,335.74,0.0233,0,0
2019-06-06T06:36:59Z,-0.04,22.8672,1.4882,1.1161,34.043236,35.569,7.1044,82.617,10.261,180.3021,313.89,0.0233,0,0
2019-06-06T06:36:59Z,-0.04,22.8669,1.5759,1.0585,34.006696,35.511,7.0673,82.185,10.248,180.2264,300.79,0.0233,0,0
2019-06-06T06:36:59Z,-0.039,22.8662,1.5683,1.0729,33.942103,35.453,7.0272,81.718,10.234,180.4536,300.77,0.0233,0,0
2019-06-06T06:36:59Z,-0.04,22.8657,1.5797,1.0873,33.945834,35.453,6.9871,81.252,10.223,180.3779,285.39,0.0233,0,0
2019-06-06T06:36:59Z,-0.04,22.8654,1.5836,1.1882,33.91316,35.424,6.9363,80.661,10.212,179.7343,306.4,0.0232,0,0
2019-06-06T06:36:59Z,-0.039,22.8647,1.6103,1.1882,33.893873,35.395,6.8958,80.19,10.2,180.3779,293.26,0.0232,0,0
2019-06-06T06:36:59Z,-0.039,22.8644,1.6141,1.1017,33.880944,35.396,6.8421,79.564,10.191,180.2264,298.24,0.0232,0,0
2019-06-06T06:36:59Z,-0.039,22.8641,1.6293,1.145,33.840358,35.338,6.796,79.029,10.187,180.075,302.94,0.0232,0,0
2019-06-06T06:36:59Z,-0.039,22.8635,1.637,1.1161,33.825859,35.338,6.7493,78.486,10.178,180.4536,273.17,0.0232,0,0
2019-06-06T06:36:59Z,-0.039,22.863,1.6332,1.1017,33.839725,35.338,6.7006,77.919,10.168,180.4536,290.85,0.0232,0,0
2019-06-06T06:36:59Z,-0.039,22.8629,1.5569,1.1594,33.852732,35.368,6.6509,77.34,10.158,182.2707,286.2,0.0232,0,0
2019-06-06T06:36:59Z,-0.039,22.863,1.5721,1.1017,33.839304,35.339,6.6061,76.819,10.152,181.8543,277.48,0.0232,0,0
2019-06-06T06:36:59Z,-0.039,22.8628,1.5569,1.1161,33.826806,35.339,6.5562,76.238,10.142,181.5136,290.62,0.0232,0,0
2019-06-06T06:36:59Z,-0.039,22.8626,1.5797,1.1306,33.838654,35.339,6.512,75.725,10.136,181.7786,292.15,0.0232,0,0
2019-06-06T06:36:59Z,-0.039,22.8624,1.6484,1.3324,33.824559,35.339,6.4712,75.25,10.13,181.3621,302.82,0.0232,0,0
2019-06-06T06:36:59Z,-0.039,22.862,1.5988,1.3324,33.785086,35.281,6.43,74.77,10.127,180.2643,299.71,0.0232,0,0
2019-06-06T06:36:59Z,-0.038,22.8617,1.6065,1.3036,33.798886,35.31,6.3872,74.273,10.122,184.6557,271.55,0.0232,0,0
2019-06-06T06:36:59Z,-0.038,22.8616,1.6026,1.4334,33.837017,35.34,6.3528,73.873,10.114,184.5043,310.58,0.0232,0,0
2019-06-06T06:36:59Z,-0.038,22.8615,1.6332,1.145,33.826525,35.34,6.316,73.445,10.111,184.5043,341.8,0.0232,0,0
2019-06-06T06:36:59Z,-0.038,22.8613,1.6293,1.145,33.782312,35.282,6.2834,73.065,10.102,184.845,302.19,0.0232,0,0
2019-06-06T06:36:59Z,-0.038,22.8612,1.6293,1.0873,33.773516,35.282,6.2491,72.666,10.097,183.2171,300.68,0.0232,0,0
2019-06-06T06:36:59Z,-0.038,22.8609,1.6522,1.1738,33.778209,35.282,6.217,72.294,10.092,182.8007,295.81,0.0232,0,0
2019-06-06T06:36:59Z,-0.037,22.8608,1.5759,1.4045,33.806102,35.311,6.1817,71.883,10.086,186.0564,279.21,0.0232,0.001,0
2019-06-06T06:36:59Z,-0.038,22.8609,1.6026,1.3469,33.827697,35.341,6.1575,71.602,10.081,186.3972,266.09,0.0232,0.001,0
2019-06-06T06:36:59Z,-0.038,22.8604,1.5836,1.3757,33.780966,35.282,6.1221,71.189,10.081,186.8514,263.33,0.0232,0,0
2019-06-06T06:36:59Z,-0.038,22.8603,1.5683,1.2603,33.775365,35.282,6.0959,70.881,10.072,186.7,287.47,0.0232,0,0
2019-06-06T06:36:59Z,-0.037,22.8604,1.6332,1.3324,33.775405,35.283,6.0902,70.807,10.071,186.2836,281.24,0.0232,0,0
2019-06-06T06:36:59Z,-0.038,22.8603,1.6332,1.4189,33.780916,35.283,6.1469,71.463,10.066,186.5486,292.68,0.0232,0,0
2019-06-06T06:36:59Z,-0.038,22.8602,1.6408,1.3469,33.798138,35.312,6.2888,73.115,10.066,185.5643,286.56,0.0232,0,0
2019-06-06T06:36:59Z,-0.037,22.8601,1.6332,1.2892,33.783603,35.283,6.4788,75.326,10.066,186.6243,273.81,0.0232,0,0
2019-06-06T06:36:59Z,-0.037,22.86,1.6446,1.4622,33.769373,35.283,6.6706,77.558,10.063,186.8514,298.84,0.0232,0,0
2019-06-06T06:36:59Z,-0.038,22.86,1.5683,1.3901,33.786217,35.283,6.8235,79.337,10.06,188.1007,289.91,0.0232,0,0
2019-06-06T06:36:59Z,-0.038,22.8601,1.5836,1.2603,33.762642,35.283,6.9312,80.588,10.055,188.2143,293.18,0.0232,0,0
2019-06-06T06:36:59Z,-0.037,22.8599,1.5683,1.2892,33.739449,35.225,6.9917,81.286,10.052,188.1764,289.34,0.0232,0,0
2019-06-06T06:36:59Z,-0.036,22.8599,1.5683,1.3469,33.84471,35.37,7.0042,81.431,10.047,185.4507,296.36,0.0232,0,0
2019-06-06T06:36:59Z,-0.044,22.8572,1.595,1.3469,33.957586,35.458,6.9986,81.37,10.027,185.2614,335.3,0.0233,-0.001,0
2019-06-06T06:36:59Z,-0.082,22.851,1.6255,1.4622,34.25086,35.779,6.9902,81.275,10.033,184.5043,318.8,0.0234,-0.013,0
2019-06-06T06:36:59Z,-0.123,22.8486,1.637,1.5055,34.398303,35.956,7.03,81.74,10.045,185.0722,320.03,0.0235,-0.032,0
2019-06-06T06:36:59Z,-0.12,22.8503,1.6293,1.3469,34.070411,35.582,7.1265,82.864,10.046,184.9586,321.8,0.0233,-0.045,0
2019-06-06T06:36:59Z,-0.098,22.8519,1.5721,1.1738,33.888505,35.408,7.2826,84.679,10.028,185.4129,325.78,0.0232,-0.046,0
2019-06-06T06:36:59Z,-0.084,22.8532,1.5416,1.3036,33.85427,35.378,7.4116,86.18,10.005,183.7093,335.68,0.0232,-0.04,0
2019-06-06T06:36:59Z,-0.083,22.8541,1.5721,1.2315,33.905599,35.406,7.508,87.302,9.976,184.5043,324.33,0.0232,-0.031,0
2019-06-06T06:36:59Z,-0.095,22.8532,1.5836,1.1161,34.180201,35.726,7.5419,87.696,9.922,184.5043,330.59,0.0234,-0.022,0
2019-06-06T06:36:59Z,-0.13,22.8502,1.5607,1.145,34.431099,35.958,7.5181,87.42,9.933,184.4286,325.95,0.0235,-0.017,0
2019-06-06T06:36:59Z,-0.16,22.8497,1.5912,1.2603,34.334142,35.901,7.4443,86.557,9.954,184.0122,323.97,0.0234,-0.018,0
2019-06-06T06:36:59Z,-0.154,22.8519,1.5645,1.1882,33.886027,35.378,7.3347,85.278,9.966,184.7693,325.28,0.0232,-0.021,0
2019-06-06T06:36:59Z,-0.146,22.8539,1.595,1.2171,33.951677,35.466,7.2222,83.966,9.953,184.7693,329.22,0.0233,-0.031,0
2019-06-06T06:36:59Z,-0.185,22.8553,1.5836,1.0729,34.341334,35.902,7.1275,82.864,9.976,185.7157,344.64,0.0234,-0.048,0
2019-06-06T06:36:59Z,-0.225,22.8563,1.5454,1.1017,34.141886,35.667,7.0538,82.007,9.992,185.6022,345.17,0.0233,-0.065,0
2019-06-06T06:36:59Z,-0.227,22.8568,1.5797,1.1594,33.78505,35.286,7.0094,81.492,9.993,185.0343,339.38,0.0232,-0.069,0
2019-06-06T06:36:59Z,-0.215,22.8575,1.5836,1.1161,33.71869,35.227,6.9925,81.298,10.001,184.6557,345.73,0.0232,-0.061,0
2019-06-06T06:36:59Z,-0.206,22.858,1.5187,1.1738,33.750373,35.256,6.9805,81.16,9.999,185.1857,347.15,0.0232,-0.045,0
2019-06-06T06:36:59Z,-0.201,22.8583,1.5111,1.0873,33.893774,35.401,6.9797,81.153,9.986,185.5643,343.88,0.0232,-0.033,0
2019-06-06T06:36:59Z,-0.198,22.8579,1.5111,1.145,34.132849,35.664,6.973,81.076,9.968,185.375,340.99,0.0233,-0.025,0
2019-06-06T06:36:59Z,-0.197,22.8551,1.5111,1.1017,34.31215,35.839,6.9477,80.784,9.949,186.17,343.91,0.0234,-0.012,0
2019-06-06T06:36:59Z,-0.193,22.8523,1.5187,1.2171,34.352155,35.897,6.9122,80.375,9.929,186.2079,348.13,0.0234,0.008,0
2019-06-06T06:36:59Z,-0.179,22.8503,1.4386,1.2748,34.260852,35.783,6.9009,80.244,9.915,186.5107,345.18,0.0234,0.021,0
2019-06-06T06:36:59Z,-0.161,22.8489,1.4386,1.3324,34.277619,35.814,6.9308,80.593,9.896,185.375,347.56,0.0234,0.026,0
2019-06-06T06:36:59Z,-0.156,22.849,1.4233,1.4045,34.360922,35.903,6.9825,81.196,9.877,186.1322,354.93,0.0234,0.027,0
2019-06-06T06:36:59Z,-0.155,22.8501,1.4539,1.4334,34.246078,35.787,7.0509,81.991,9.858,186.3972,357.27,0.0234,0.028,0
2019-06-06T06:36:59Z,-0.151,22.8513,1.4577,1.4045,34.005702,35.524,7.1103,82.682,9.842,187.4572,354.3,0.0233,0.029,0
2019-06-06T06:36:59Z,-0.147,22.8524,1.4348,1.3613,33.830393,35.349,7.1427,83.059,9.834,187.9493,354.15,0.0232,0.029,0
2019-06-06T06:36:59Z,-0.145,22.8536,1.45,1.4045,33.782733,35.289,7.1556,83.209,9.828,188.3279,355.74,0.0232,0.027,0
2019-06-06T06:36:59Z,-0.144,22.8549,1.45,1.3324,33.798336,35.318,7.1342,82.961,9.825,185.4129,354.1,0.0232,0.022,0
2019-06-06T06:36:59Z,-0.142,22.8565,1.5836,1.4045,33.781345,35.288,7.0781,82.308,9.814,186.1322,354.66,0.0232,0.015,0
2019-06-06T06:36:59Z,-0.14,22.858,1.5759,1.4189,33.714985,35.228,6.997,81.364,9.799,186.435,352.23,0.0232,0.01,0
2019-06-06T06:36:59Z,-0.139,22.8588,1.5569,1.3469,33.673503,35.169,6.9043,80.287,9.784,188.3279,346.24,0.0231,0.009,0
2019-06-06T06:36:59Z,-0.139,22.8595,1.5836,1.3901,33.714444,35.226,6.8112,79.204,9.767,188.1764,342.52,0.0232,0.007,0
2019-06-06T06:36:59Z,-0.139,22.8601,1.6408,1.3469,33.723296,35.225,6.7275,78.231,9.754,188.5172,346.23,0.0232,0.005,0
2019-06-06T06:36:59Z,-0.14,22.8606,1.6408,1.3469,33.692119,35.196,6.6419,77.235,9.739,185.1857,354.68,0.0232,0.004,0
2019-06-06T06:36:59Z,-0.141,22.8609,1.6332,1.3036,33.664351,35.166,6.5699,76.398,9.726,186.3972,359.7,0.0231,0.002,0
2019-06-06T06:36:59Z,-0.14,22.8611,1.6408,1.2315,33.66896,35.166,6.5105,75.707,9.712,186.5486,361.02,0.0231,0.001,0
2019-06-06T06:36:59Z,-0.14,22.8612,1.6179,1.4189,33.716014,35.224,6.4602,75.122,9.7,187.0786,358.36,0.0232,0,0
2019-06-06T06:36:59Z,-0.14,22.8611,1.6408,1.3324,33.724315,35.224,6.4125,74.568,9.695,188.9715,356.94,0.0232,-0,0
2019-06-06T06:36:59Z,-0.14,22.8611,1.6408,1.3613,33.717891,35.224,6.3755,74.138,9.691,189.2365,358.11,0.0232,-0,0
2019-06-06T06:36:59Z,-0.139,22.8609,1.6332,1.318,33.753641,35.253,6.3307,73.617,9.692,187.5329,357.97,0.0232,0,0
2019-06-06T06:36:59Z,-0.139,22.8607,1.6103,1.3036,33.768718,35.282,6.3012,73.275,9.693,187.4572,356.28,0.0232,0,0
2019-06-06T06:36:59Z,-0.138,22.8606,1.6522,1.3469,33.728758,35.224,6.2774,72.998,9.692,188.2143,353.06,0.0232,0.001,0
2019-06-06T06:36:59Z,-0.138,22.8607,1.6332,1.3757,33.714477,35.224,6.2546,72.733,9.692,188.4036,351.63,0.0232,0.001,0
2019-06-06T06:36:59Z,-0.138,22.8605,1.6179,1.3469,33.727229,35.224,6.2309,72.457,9.686,188.9715,351.44,0.0232,0.001,0
2019-06-06T06:36:59Z,-0.138,22.8607,1.6179,1.3901,33.71289,35.224,6.2042,72.148,9.678,189.4636,349.36,0.0232,0.001,0
2019-06-06T06:36:59Z,-0.138,22.8608,1.7705,1.145,33.702692,35.195,6.1813,71.881,9.664,189.7286,347.59,0.0232,0.001,0
2019-06-06T06:36:59Z,-0.138,22.8609,1.7705,1.145,33.710288,35.224,6.1559,71.586,9.653,190.2207,346.56,0.0232,0.001,0
2019-06-06T06:36:59Z,-0.138,22.861,1.7667,1.1017,33.673805,35.166,6.1432,71.438,9.644,190.3722,346.83,0.0231,0,0
2019-06-06T06:36:59Z,-0.138,22.8611,1.7667,1.0008,33.659203,35.166,6.1179,71.144,9.636,190.6372,345.19,0.0231,0,0
2019-06-06T06:36:59Z,-0.137,22.8613,1.6522,1.4045,33.669198,35.166,6.0929,70.852,9.632,191.2807,338.96,0.0231,0,0
2019-06-06T06:36:59Z,-0.138,22.8614,1.656,1.3613,33.661365,35.165,6.066,70.539,9.625,191.205,336.09,0.0231,0,0
2019-06-06T06:36:59Z,-0.137,22.8616,1.637,1.3613,33.63932,35.136,6.0432,70.275,9.619,191.0536,340.12,0.0231,0,0
2019-06-06T06:36:59Z,-0.138,22.8615,1.6217,1.3036,33.667003,35.165,6.065,70.522,9.612,191.3186,344.91,0.0231,0,0
2019-06-06T06:36:59Z,-0.138,22.8617,1.6255,1.2603,33.656545,35.165,6.301,73.257,9.608,191.8865,346.83,0.0231,0,0
2019-06-06T06:36:59Z,-0.137,22.862,1.6522,1.3324,33.593074,35.078,6.8379,79.492,9.598,192.9465,349.07,0.0231,0,0
2019-06-06T06:36:59Z,-0.138,22.862,1.6484,1.4045,33.657101,35.165,7.524,87.462,9.592,193.6658,349.65,0.0231,0,0
2019-06-06T06:36:59Z,-0.137,22.862,1.6332,1.3901,33.636125,35.136,8.2494,95.89,9.582,191.3186,349.37,0.0231,0,0
2019-06-06T06:36:59Z,-0.137,22.8619,1.6942,1.3324,33.589547,35.077,8.8612,102.997,9.577,191.9243,350.8,0.0231,0,0
2019-06-06T06:36:59Z,-0.137,22.862,1.6827,1.3613,33.566915,35.077,9.3455,108.624,9.572,192.2272,351.15,0.0231,0,0
2019-06-06T06:36:59Z,-0.137,22.8616,1.7171,1.318,33.545769,35.019,9.6753,112.456,9.564,193.59,351.97,0.0231,0.001,0
2019-06-06T06:36:59Z,-0.137,22.8614,1.6942,1.3613,33.49734,35.019,9.8365,114.327,9.562,194.0065,353.81,0.0231,0.001,0
2019-06-06T06:36:59Z,-0.137,22.8614,1.698,1.3324,33.567921,35.019,9.8319,114.272,9.557,194.0443,355.3,0.0231,0.001,0
2019-06-06T06:36:59Z,-0.137,22.8577,1.6255,1.3757,33.457931,35.019,9.7184,112.953,9.554,191.1293,354.55,0.0231,0,0
2019-06-06T06:36:59Z,-0.137,22.8512,1.6255,1.2603,32.686072,34.086,9.5633,111.15,9.55,192.0757,352.18,0.0227,0,0
2019-06-06T06:36:59Z,-0.136,22.846,1.6484,1.3036,32.276643,33.739,9.4147,109.424,9.544,192,350.42,0.0226,0,0
2019-06-06T06:36:59Z,-0.137,22.8423,1.6637,1.318,32.248963,33.685,9.3161,108.276,9.539,192.2272,348.77,0.0225,0,0
2019-06-06T06:36:59Z,-0.137,22.8397,1.5836,1.3324,32.098321,33.543,9.2374,107.362,9.534,192.3029,347.37,0.0225,0,0
2019-06-06T06:36:59Z,-0.136,22.8382,1.5797,1.4045,32.108577,33.545,9.1817,106.713,9.531,194.6122,346.51,0.0225,0,0
2019-06-06T06:36:59Z,-0.137,22.837,1.5569,1.4045,32.176943,33.635,9.1332,106.15,9.526,192.2272,345.8,0.0225,0,0
2019-06-06T06:36:59Z,-0.137,22.8359,1.5683,1.4045,32.102125,33.548,9.0913,105.663,9.523,192.265,345.1,0.0225,0,0
2019-06-06T06:36:59Z,-0.136,22.835,1.6408,1.1594,32.053545,33.491,9.0684,105.397,9.517,192.8707,344.08,0.0224,0,0
2019-06-06T06:36:59Z,-0.137,22.8343,1.6179,0.9719,32.08926,33.55,9.0399,105.065,9.509,193.0222,343.23,0.0225,0,0
2019-06-06T06:36:59Z,-0.137,22.8341,1.6522,1.1161,32.057682,33.492,9.022,104.858,9.505,193.9308,342.31,0.0224,-0,0
2019-06-06T06:36:59Z,-0.136,22.8342,1.6408,1.1017,32.092845,33.551,9.0073,104.686,9.498,194.3472,340.37,0.0225,0,0
2019-06-06T06:36:59Z,-0.137,22.8344,1.6408,1.4045,32.075127,33.522,9.0008,104.611,9.49,194.915,339.79,0.0225,0,0
2019-06-06T06:36:59Z,-0.136,22.8341,1.6141,1.3324,32.050102,33.493,8.9979,104.578,9.488,194.4229,340.76,0.0224,0,0
2019-06-06T06:36:59Z,-0.136,22.8335,1.6446,1.3036,32.094361,33.551,9.0002,104.606,9.482,194.4986,341.18,0.0225,0,0
2019-06-06T06:36:59Z,-0.136,22.8332,1.637,1.3036,32.049676,33.493,9.0098,104.718,9.479,194.8015,342.08,0.0224,0,0
2019-06-06T06:36:59Z,-0.136,22.8332,1.6408,1.0729,32.046455,33.493,9.0106,104.728,9.473,194.65,343.01,0.0224,0,0
2019-06-06T06:36:59Z,-0.136,22.8335,1.6408,1.1882,32.039113,33.493,9.0083,104.702,9.468,194.7636,343.93,0.0224,0,0
2019-06-06T06:36:59Z,-0.136,22.8333,1.6293,1.1882,32.058813,33.493,9.0116,104.74,9.465,195.2179,346.19,0.0224,0,0
2019-06-06T06:36:59Z,-0.135,22.8332,1.6255,1.0873,32.110824,33.581,9.014,104.767,9.462,197.6408,347.46,0.0225,0,0
2019-06-06T06:36:59Z,-0.135,22.8334,1.6141,1.1161,32.06327,33.493,9.016,104.79,9.454,196.8836,348.19,0.0224,0.001,0
2019-06-06T06:36:59Z,-0.135,22.8333,1.5378,1.145,32.029109,33.493,9.0126,104.751,9.45,197.0729,349.95,0.0224,0,0
2019-06-06T06:36:59Z,-0.135,22.8332,1.5111,1.1161,32.064453,33.493,9.0095,104.715,9.449,196.4293,352.46,0.0224,0.001,0
2019-06-06T06:36:59Z,-0.135,22.8336,1.5263,1.1161,32.07854,33.552,9.0054,104.667,9.444,196.9593,354.79,0.0225,0,0
2019-06-06T06:36:59Z,-0.136,22.8344,1.5263,1.2171,32.011577,33.435,9.0109,104.732,9.444,196.6186,355.68,0.0224,0,0
2019-06-06T06:36:59Z,-0.135,22.8349,1.595,1.3613,32.058903,33.522,9.0088,104.708,9.438,199.1929,357.19,0.0225,0,0
2019-06-06T06:36:59Z,-0.135,22.8352,1.5721,1.3036,32.108529,33.551,9.0159,104.792,9.439,198.9658,357.71,0.0225,0,0
2019-06-06T06:36:59Z,-0.135,22.8355,1.5721,1.3613,32.038703,33.492,9.0121,104.749,9.433,199.4958,357.39,0.0224,0,0
2019-06-06T06:36:59Z,-0.135,22.8353,1.5797,1.3901,32.056916,33.492,9.0088,104.712,9.432,198.2086,359.87,0.0224,0,0
2019-06-06T06:36:59Z,-0.135,22.835,1.5836,1.1882,32.085864,33.55,9.0044,104.664,9.427,198.6251,362.83,0.0225,0,0
2019-06-06T06:36:59Z,-0.135,22.8348,1.5454,1.145,32.061934,33.492,8.9987,104.598,9.422,198.8522,363.1,0.0224,0,0
2019-06-06T06:36:59Z,-0.135,22.8349,1.5797,1.0873,32.057067,33.521,8.9953,104.558,9.417,199.8743,362.51,0.0225,0,0
2019-06-06T06:36:59Z,-0.135,22.8346,1.5759,1.145,32.06229,33.492,8.9976,104.583,9.413,199.8743,362.33,0.0224,0,0
2019-06-06T06:36:59Z,-0.135,22.8346,1.5035,1.4622,32.085062,33.55,9.0057,104.68,9.411,199.5715,361.01,0.0225,-0,0
2019-06-06T06:36:59Z,-0.134,22.8352,1.5263,1.3757,32.058357,33.492,9.012,104.753,9.405,200.0258,361.18,0.0224,0,0
2019-06-06T06:36:59Z,-0.135,22.8358,1.5149,1.4045,32.036268,33.492,9.0121,104.756,9.401,200.1015,362.27,0.0224,0,0
2019-06-06T06:36:59Z,-0.135,22.8364,1.5111,1.4622,32.112551,33.55,9.0171,104.812,9.396,200.0258,362.2,0.0225,0,0
2019-06-06T06:36:59Z,-0.134,22.8367,1.5073,1.3613,32.111565,33.579,9.0297,104.956,9.395,199.9501,362.85,0.0225,0,0
2019-06-06T06:36:59Z,-0.134,22.8374,1.5378,1.4478,32.067122,33.491,9.0315,104.974,9.39,200.5179,361.88,0.0224,0,0
2019-06-06T06:36:59Z,-0.134,22.8389,1.5111,1.3757,32.078975,33.549,9.028,104.932,9.388,200.5558,361.25,0.0225,0,0
2019-06-06T06:36:59Z,-0.135,22.8395,1.5149,1.3469,32.067188,33.49,9.0296,104.951,9.386,200.7829,359.59,0.0224,0,0
2019-06-06T06:36:59Z,-0.135,22.839,1.5149,1.2748,32.081789,33.548,9.0234,104.88,9.384,200.8208,357.48,0.0225,-0,0
2019-06-06T06:36:59Z,-0.134,22.8387,1.5111,1.4334,32.060803,33.489,9.0168,104.804,9.383,201.0101,357.99,0.0224,-0,0
2019-06-06T06:36:59Z,-0.134,22.8392,1.5263,1.3036,32.063677,33.518,9.0002,104.611,9.377,201.1615,358.38,0.0225,0,0
2019-06-06T06:36:59Z,-0.134,22.8395,1.534,1.3757,32.048584,33.49,8.9851,104.436,9.372,201.0101,358.62,0.0224,0,0
2019-06-06T06:36:59Z,-0.134,22.8398,1.5035,1.3036,32.049958,33.489,8.9794,104.371,9.37,200.8586,356.21,0.0224,0,0
2019-06-06T06:36:59Z,-0.134,22.8391,1.5912,1.2892,32.091594,33.547,8.9831,104.415,9.365,201.0101,358.19,0.0225,0,0
2019-06-06T06:36:59Z,-0.135,22.8377,1.5721,1.4045,32.056024,33.489,8.9921,104.521,9.359,201.2372,359.52,0.0224,0,0
2019-06-06T06:36:59Z,-0.134,22.8368,1.5683,1.318,32.094224,33.548,9.0081,104.708,9.352,201.1236,357.57,0.0225,0,0
2019-06-06T06:36:59Z,-0.134,22.8363,1.5607,1.2748,32.073684,33.519,9.0141,104.778,9.349,201.8808,359.54,0.0225,0,0
2019-06-06T06:36:59Z,-0.134,22.8363,1.5759,1.3036,32.051958,33.491,9.0232,104.885,9.344,202.1458,361.34,0.0224,0,0
2019-06-06T06:36:59Z,-0.134,22.8366,1.5683,1.3901,32.091634,33.549,9.0362,105.036,9.338,202.3729,362.17,0.0225,-0,0
2019-06-06T06:36:59Z,-0.134,22.8368,1.5836,1.4334,32.053938,33.491,9.0365,105.039,9.334,202.1458,361.32,0.0224,-0,0
2019-06-06T06:36:59Z,-0.135,22.8369,1.5645,1.4189,32.039614,33.491,9.039,105.068,9.33,202.6758,361.89,0.0224,-0,0
2019-06-06T06:36:59Z,-0.134,22.8372,1.6599,1.3613,32.050203,33.491,9.0356,105.029,9.325,202.6379,363.26,0.0224,0,0
2019-06-06T06:36:59Z,-0.134,22.8379,1.6446,1.3757,32.070389,33.52,9.0287,104.948,9.321,203.8115,362.58,0.0225,0,0
2019-06-06T06:36:59Z,-0.134,22.8385,1.6141,1.4189,32.103379,33.549,9.0178,104.822,9.321,203.7358,362.16,0.0225,0,0
2019-06-06T06:36:59Z,-0.134,22.839,1.6141,1.3324,32.098033,33.548,9.0103,104.734,9.318,204.0008,362.96,0.0225,0,0
2019-06-06T06:36:59Z,-0.134,22.8393,1.5645,1.1594,32.106668,33.548,9.003,104.649,9.316,203.4329,364.32,0.0225,0,0
2019-06-06T06:36:59Z,-0.134,22.8398,1.5874,1.0873,32.09263,33.548,8.999,104.604,9.311,203.8115,363.88,0.0225,0,0
2019-06-06T06:36:59Z,-0.134,22.8402,1.553,1.1738,32.056247,33.489,8.9974,104.587,9.31,203.7358,362.68,0.0224,0,0
2019-06-06T06:36:59Z,-0.134,22.8403,1.5797,1.145,32.122319,33.576,9.0026,104.648,9.307,204.0765,363.15,0.0225,0,0
2019-06-06T06:36:59Z,-0.134,22.8402,1.553,1.0296,32.099289,33.547,9.0078,104.712,9.301,204.7579,364.21,0.0225,-0,0
2019-06-06T06:36:59Z,-0.134,22.8402,1.5797,1.1882,32.055278,33.488,9.0046,104.676,9.293,204.9094,364.01,0.0224,-0,0
2019-06-06T06:36:59Z,-0.134,22.8402,1.5759,1.1161,32.088204,33.547,9.016,104.809,9.291,204.8336,362.65,0.0225,-0,0
2019-06-06T06:36:59Z,-0.134,22.84,1.5836,1.1882,32.058313,33.488,9.0136,104.781,9.288,204.7201,362.68,0.0224,-0,0
2019-06-06T06:36:59Z,-0.134,22.8399,1.5683,1.0296,32.092477,33.547,9.0227,104.884,9.281,204.9851,363.08,0.0225,-0,0
2019-06-06T06:36:59Z,-0.134,22.8398,1.5607,1.0008,32.075317,33.518,9.0251,104.913,9.275,204.8715,362.14,0.0225,0,0
2019-06-06T06:36:59Z,-0.134,22.8399,1.595,1.1161,32.050041,33.489,9.0213,104.867,9.273,205.5151,362,0.0224,0,0
2019-06-06T06:36:59Z,-0.134,22.8405,1.5759,1.1306,32.094303,33.547,9.0083,104.716,9.266,205.8558,361.93,0.0225,0,0
2019-06-06T06:36:59Z,-0.134,22.841,1.5759,1.2171,32.109118,33.547,9.0048,104.675,9.261,205.7801,362.9,0.0225,0,0
2019-06-06T06:36:59Z,-0.134,22.8416,1.5836,1.3036,32.09086,33.547,9.0023,104.645,9.26,206.4236,363.2,0.0225,0,0
2019-06-06T06:36:59Z,-0.13,22.843,1.5569,1.3324,32.057768,33.488,8.9996,104.614,9.257,206.1208,360.57,0.0224,0.001,0
2019-06-06T06:36:59Z,-0.125,22.8439,1.5683,1.3613,32.061417,33.517,8.9953,104.567,9.253,204.3036,361.38,0.0225,0.003,0
2019-06-06T06:36:59Z,-0.123,22.8443,1.5759,1.2892,32.05669,33.486,8.9923,104.535,9.239,204.7201,362.53,0.0224,0.005,0
2019-06-06T06:36:59Z,-0.127,22.8441,1.6217,1.3036,32.093278,33.544,8.9969,104.594,9.217,204.8715,359.48,0.0225,0.005,0
2019-06-06T06:36:59Z,-0.147,22.8432,1.6179,1.3757,32.104769,33.544,8.9998,104.632,9.183,204.1144,354.18,0.0225,0,0
2019-06-06T06:36:59Z,-0.182,22.8428,1.6332,1.3469,32.101647,33.544,8.99,104.519,9.183,205.0986,347.85,0.0225,-0.014,0
2019-06-06T06:36:59Z,-0.223,22.8426,1.6408,1.491,32.15642,33.603,8.974,104.335,9.182,205.0608,343.79,0.0225,-0.035,0
2019-06-06T06:36:59Z,-0.259,22.8424,1.5607,1.2315,32.184746,33.632,8.9647,104.228,9.181,202.8651,339.45,0.0225,-0.06,0
2019-06-06T06:36:59Z,-0.289,22.8421,1.5836,1.1161,32.244165,33.691,8.9577,104.149,9.177,203.0543,332.58,0.0225,-0.085,0
2019-06-06T06:36:59Z,-0.319,22.8418,1.5645,1.2171,32.349129,33.808,8.9591,104.166,9.162,202.4865,325.63,0.0226,-0.106,0
2019-06-06T06:36:59Z,-0.341,22.8421,1.5759,1.1738,32.350405,33.808,8.9459,104.013,9.16,202.2972,322.39,0.0226,-0.118,0
2019-06-06T06:36:59Z,-0.351,22.843,1.5721,1.1161,32.301834,33.75,8.934,103.875,9.156,204.0765,323.05,0.0226,-0.119,0
2019-06-06T06:36:59Z,-0.355,22.845,1.4462,1.145,32.231802,33.691,8.9193,103.705,9.161,204.0386,320.73,0.0225,-0.107,0
2019-06-06T06:36:59Z,-0.358,22.8477,1.4691,1.0152,32.141273,33.574,8.9069,103.559,9.168,201.9943,315.62,0.0225,-0.087,0
2019-06-06T06:36:59Z,-0.36,22.8496,1.4272,0.9864,32.088583,33.543,8.8867,103.318,9.159,202.3729,309.86,0.0225,-0.066,0
2019-06-06T06:36:59Z,-0.36,22.8506,1.4539,1.1882,32.119604,33.541,8.8666,103.079,9.143,202.6001,307,0.0225,-0.046,0
2019-06-06T06:36:59Z,-0.359,22.8513,1.5225,1.0729,32.221182,33.686,8.8443,102.817,9.127,202.9029,309.01,0.0225,-0.029,0
2019-06-06T06:36:59Z,-0.359,22.8522,1.4958,1.0585,32.169569,33.598,8.8343,102.697,9.11,202.7136,316.77,0.0225,-0.015,0
2019-06-06T06:36:59Z,-0.358,22.853,1.5225,1.0008,32.154207,33.597,8.8307,102.652,9.106,203.4329,323.57,0.0225,-0.007,0
2019-06-06T06:36:59Z,-0.357,22.8533,1.5111,1.0873,32.181043,33.626,8.8425,102.788,9.111,203.9629,323.67,0.0225,-0.002,0
2019-06-06T06:36:59Z,-0.356,22.8536,1.5263,1.4045,32.165801,33.596,8.8557,102.938,9.118,203.1301,324.78,0.0225,0,0
2019-06-06T06:36:59Z,-0.349,22.854,1.5035,1.4189,32.143548,33.596,8.8686,103.086,9.122,202.8272,328.51,0.0225,0.003,0
2019-06-06T06:36:59Z,-0.34,22.8543,1.5187,1.3036,32.179108,33.596,8.8755,103.163,9.123,203.5844,331.2,0.0225,0.008,0
2019-06-06T06:36:59Z,-0.335,22.8532,1.5111,1.2748,32.210431,33.683,8.8876,103.305,9.114,204.0765,332.38,0.0225,0.012,0
2019-06-06T06:36:59Z,-0.335,22.8505,1.6446,1.145,32.134193,33.537,8.9027,103.478,9.101,204.6444,334.37,0.0225,0.014,0
2019-06-06T06:36:59Z,-0.335,22.8479,1.6332,1.0873,32.15547,33.625,8.9081,103.538,9.086,205.8936,333.14,0.0225,0.015,0
2019-06-06T06:36:59Z,-0.322,22.8461,1.637,1.1017,32.124697,33.539,8.916,103.623,9.078,205.4394,328.99,0.0225,0.018,0
2019-06-06T06:36:59Z,-0.302,22.8442,1.5874,1.0873,32.083607,33.541,8.9136,103.59,9.058,205.3636,336.14,0.0225,0.023,0
2019-06-06T06:36:59Z,-0.281,22.8427,1.637,1.318,32.058465,33.484,8.9125,103.571,9.051,205.2122,342.28,0.0224,0.031,0
2019-06-06T06:36:59Z,-0.254,22.8418,1.6255,1.3613,32.096729,33.544,8.9139,103.585,9.03,204.9094,337.25,0.0225,0.042,0
2019-06-06T06:36:59Z,-0.225,22.8407,1.6484,1.3036,32.095245,33.545,8.9102,103.542,9.014,204.4172,337.03,0.0225,0.055,0
2019-06-06T06:36:59Z,-0.199,22.8391,1.6217,1.3036,32.060314,33.487,8.8984,103.406,9.008,204.4929,341.89,0.0224,0.07,0
2019-06-06T06:36:59Z,-0.173,22.8378,1.6026,1.4189,32.110574,33.576,8.8896,103.306,9.008,203.9251,337.76,0.0225,0.085,0
2019-06-06T06:36:59Z,-0.143,22.8377,1.6675,1.4766,32.062326,33.489,8.8986,103.411,9.006,203.9251,345.19,0.0224,0.097,0
2019-06-06T06:36:59Z,-0.118,22.8374,1.6446,1.4045,32.09073,33.549,8.9039,103.471,9.009,203.9629,345.14,0.0225,0.102,0
2019-06-06T06:36:59Z,-0.099,22.8356,1.6408,1.3036,32.104857,33.548,8.9075,103.504,9.011,204.8715,362.06,0.0225,0.103,0
2019-06-06T06:36:59Z,-0.077,22.8324,1.6332,1.3469,32.044747,33.49,8.9074,103.48,9.008,205.0986,349.37,0.0224,0.101,0
2019-06-06T06:36:59Z,-0.053,22.8294,1.7094,1.3036,32.106278,33.55,8.8985,103.373,8.996,205.2879,300.58,0.0225,0.098,0
2019-06-06T06:36:59Z,-0.028,22.8266,1.698,1.4045,32.176424,33.64,8.8974,103.351,8.984,202.7136,274.85,0.0225,0.095,0
2019-06-06T06:36:59Z,-0.005,22.825,1.6942,1.4045,32.105595,33.554,8.893,103.278,8.977,201.6536,249.83,0.0225,0.093,0
2019-06-06T06:36:59Z,0.014,22.8252,1.6942,1.3469,32.046284,33.498,8.8927,103.258,8.971,200.8586,263.57,0.0224,0.091,0
2019-06-06T06:36:59Z,0.034,22.8259,1.7247,1.0296,32.042838,33.499,8.8943,103.267,8.971,201.3886,260.31,0.0224,0.088,0
2019-06-06T06:36:59Z,0.056,22.827,1.7743,1.2027,32.109882,33.557,8.9029,103.366,8.968,201.5401,255.65,0.0225,0.087,0
2019-06-06T06:36:59Z,0.08,22.827,1.7667,1.1306,32.229504,33.703,8.9182,103.549,8.97,201.6915,261.48,0.0225,0.087,0
2019-06-06T06:36:59Z,0.109,22.8263,1.7476,1.1738,32.190256,33.644,8.9457,103.864,8.973,200.9722,263.78,0.0225,0.088,0
2019-06-06T06:36:59Z,0.137,22.8215,1.6942,1.2748,32.158726,33.614,8.9634,104.061,8.969,200.1772,255.84,0.0225,0.091,0
2019-06-06T06:36:59Z,0.164,22.8113,1.6866,1.3324,32.090972,33.557,8.962,104.041,8.962,200.2529,253.14,0.0225,0.093,0
2019-06-06T06:36:59Z,0.188,22.8078,1.7171,1.318,32.007921,33.443,8.961,104.026,8.956,200.2529,264.77,0.0224,0.097,0
2019-06-06T06:36:59Z,0.21,22.8038,1.6827,1.4045,32.025057,33.509,8.9604,104.016,8.954,200.8208,261.56,0.0224,0.099,0
2019-06-06T06:36:59Z,0.229,22.7929,1.7476,1.3757,31.951137,33.394,8.959,103.998,8.948,201.0858,264.12,0.0224,0.099,0
2019-06-06T06:36:59Z,0.248,22.7842,1.74,1.318,31.89252,33.368,8.9551,103.95,8.944,204.2658,259.98,0.0224,0.096,0
2019-06-06T06:36:59Z,0.27,22.779,1.7667,1.3613,31.831357,33.288,8.9471,103.855,8.943,202.5622,250.96,0.0223,0.092,0
2019-06-06T06:36:59Z,0.298,22.7791,1.7743,1.3324,31.879118,33.352,8.9452,103.832,8.942,203.2436,244.63,0.0224,0.089,0
2019-06-06T06:36:59Z,0.331,22.7817,1.7171,1.3324,31.981226,33.473,8.9347,103.707,8.939,203.3572,240.68,0.0224,0.09,0
2019-06-06T06:36:59Z,0.361,22.7795,1.8811,1.3036,31.941312,33.414,8.9261,103.605,8.935,203.3572,237.42,0.0224,0.094,0
2019-06-06T06:36:59Z,0.387,22.7755,1.8887,1.3613,31.869534,33.354,8.9152,103.476,8.937,203.3572,232.86,0.0224,0.098,0
2019-06-06T06:36:59Z,0.411,22.7731,1.862,1.4622,31.863156,33.326,8.9087,103.398,8.936,205.7422,225.9,0.0224,0.102,0
2019-06-06T06:36:59Z,0.428,22.7713,1.8887,1.4045,31.860368,33.358,8.9081,103.39,8.936,205.5529,222.48,0.0224,0.103,0
2019-06-06T06:36:59Z,0.444,22.7703,1.9345,1.3324,31.843377,33.302,8.9077,103.385,8.935,205.5529,217.72,0.0223,0.101,0
2019-06-06T06:36:59Z,0.465,22.7692,1.9612,1.3613,31.913929,33.42,8.9027,103.326,8.933,206.1208,213.27,0.0224,0.096,0
2019-06-06T06:36:59Z,0.487,22.7678,1.9612,1.3901,31.891079,33.362,8.9016,103.311,8.927,205.9694,207.21,0.0224,0.089,0
2019-06-06T06:36:59Z,0.508,22.7669,1.946,1.3324,31.871813,33.363,8.9044,103.341,8.92,206.4994,200.03,0.0224,0.083,0
2019-06-06T06:36:59Z,0.53,22.7661,1.9193,1.4478,31.849022,33.335,8.9049,103.345,8.915,205.9694,195.09,0.0224,0.08,0
2019-06-06T06:36:59Z,0.553,22.7647,1.8697,1.318,31.83056,33.306,8.9005,103.291,8.909,205.8179,188.96,0.0223,0.08,0
2019-06-06T06:36:59Z,0.578,22.7637,1.8926,1.3036,31.865162,33.365,8.9061,103.351,8.9,205.9694,186.51,0.0224,0.082,0
2019-06-06T06:36:59Z,0.6,22.7626,1.8887,1.4045,31.83559,33.308,8.9104,103.398,8.894,206.8022,186.11,0.0223,0.085,0
2019-06-06T06:36:59Z,0.62,22.7613,1.9421,1.3613,31.867363,33.367,8.9224,103.535,8.893,206.9158,184.86,0.0224,0.087,0
2019-06-06T06:36:59Z,0.64,22.7608,1.9269,1.318,31.884878,33.367,8.9442,103.786,8.89,207.1429,183.04,0.0224,0.087,0
2019-06-06T06:36:59Z,0.663,22.7603,1.946,1.2315,31.843422,33.339,8.9676,104.057,8.888,206.6886,180.56,0.0224,0.087,0
2019-06-06T06:36:59Z,0.69,22.7595,1.9269,1.318,31.830071,33.31,8.9908,104.326,8.888,206.4615,179.52,0.0223,0.088,0
2019-06-06T06:36:59Z,0.717,22.7588,1.9421,1.4189,31.81261,33.311,9.008,104.525,8.883,206.6886,178.63,0.0223,0.09,0
2019-06-06T06:36:59Z,0.743,22.7577,1.9383,1.4189,31.835525,33.311,9.0239,104.71,8.881,206.5751,176.68,0.0223,0.092,0
2019-06-06T06:36:59Z,0.763,22.7562,1.946,1.318,31.86081,33.37,9.0365,104.854,8.88,206.6129,175.42,0.0224,0.092,0
2019-06-06T06:36:59Z,0.784,22.7548,1.9536,1.491,31.840399,33.312,9.0389,104.875,8.88,206.8401,174.66,0.0223,0.093,0
2019-06-06T06:36:59Z,0.806,22.7527,1.9956,1.3324,31.890554,33.401,9.0151,104.572,8.874,209.2629,171.47,0.0224,0.093,0
2019-06-06T06:36:59Z,0.823,22.751,2.0184,1.4045,31.887278,33.373,8.9952,104.303,8.87,207.7865,169.32,0.0224,0.091,0
2019-06-06T06:36:59Z,0.833,22.7498,2.0108,1.3613,31.874106,33.374,8.9725,103.991,8.867,207.9001,167.99,0.0224,0.085,0
2019-06-06T06:36:59Z,0.845,22.749,2.0108,1.3324,31.877319,33.376,8.9732,103.956,8.868,208.2787,165.47,0.0224,0.076,0
2019-06-06T06:36:59Z,0.862,22.7487,2.0184,1.4622,31.824025,33.318,8.9837,104.001,8.866,208.6194,163.26,0.0223,0.07,0
2019-06-06T06:36:59Z,0.878,22.7481,2.0184,1.4045,31.821919,33.318,9.0125,104.234,8.866,208.1272,161.32,0.0223,0.065,0
2019-06-06T06:36:59Z,0.895,22.7485,2.0337,1.3757,31.850312,33.348,9.0492,104.542,8.863,210.8908,159.31,0.0224,0.062,0
2019-06-06T06:36:59Z,0.91,22.7484,2.0261,1.3901,31.877574,33.378,9.1114,105.139,8.861,210.4744,155.31,0.0224,0.06,0
2019-06-06T06:36:59Z,0.927,22.7479,2.0108,1.3036,31.876877,33.377,9.2015,106.123,8.859,210.5501,150.96,0.0224,0.059,0
2019-06-06T06:36:59Z,0.946,22.7438,2.1825,1.3036,31.880808,33.377,9.3111,107.394,8.854,210.8151,147.26,0.0224,0.061,0
2019-06-06T06:36:59Z,0.961,22.7313,2.2016,1.3613,31.872681,33.378,9.4446,108.926,8.852,210.6637,143.58,0.0224,0.064,0
2019-06-06T06:36:59Z,0.977,22.7103,2.2054,1.3324,31.827735,33.322,9.5724,110.388,8.851,210.8151,140.32,0.0223,0.065,0
2019-06-06T06:36:59Z,0.996,22.6871,2.1596,1.3757,31.788605,33.302,9.6798,111.623,8.845,210.9665,138.46,0.0223,0.065,0
2019-06-06T06:36:59Z,1.004,22.6645,2.0604,1.4045,31.773244,33.287,9.7685,112.624,8.838,210.7394,136.77,0.0223,0.064,0
2019-06-06T06:36:59Z,1.017,22.6265,2.0642,1.3901,31.757977,33.304,9.8257,113.264,8.839,210.5501,134.46,0.0223,0.061,0
2019-06-06T06:36:59Z,1.035,22.5755,2.0795,1.2892,31.689104,33.231,9.8439,113.466,8.839,210.4365,132.78,0.0223,0.06,0
2019-06-06T06:36:59Z,1.054,22.5175,2.049,1.4045,31.621946,33.199,9.8424,113.449,8.842,211.1558,131.88,0.0223,0.06,0
2019-06-06T06:36:59Z,1.073,22.4577,2.1481,1.3613,31.574922,33.176,9.8264,113.266,8.841,211.5344,131.84,0.0222,0.06,0
2019-06-06T06:36:59Z,1.088,22.4301,2.1329,1.4478,31.540253,33.187,9.8048,113.013,8.838,210.7394,132.16,0.0222,0.061,0
2019-06-06T06:36:59Z,1.1,22.4323,2.1481,1.3613,31.516978,33.2,9.7932,112.87,8.839,210.4365,132.42,0.0222,0.062,0
2019-06-06T06:36:59Z,1.114,22.4291,2.1253,1.3901,31.574281,33.278,9.7814,112.727,8.839,210.3987,131.78,0.0222,0.061,0
2019-06-06T06:36:59Z,1.134,22.4235,2.1138,1.3324,31.557835,33.276,9.7756,112.636,8.837,210.3229,131.4,0.0222,0.064,0
2019-06-06T06:36:59Z,1.151,22.4212,2.2855,1.3613,31.53745,33.22,9.7667,112.491,8.833,210.5122,131.93,0.0222,0.064,0
2019-06-06T06:36:59Z,1.164,22.412,2.255,1.3324,31.540397,33.283,9.7613,112.395,8.83,210.6637,132.46,0.0222,0.063,0
2019-06-06T06:36:59Z,1.179,22.4027,2.2473,1.3324,31.494914,33.166,9.7515,112.283,8.831,210.2472,132.98,0.0222,0.061,0
2019-06-06T06:36:59Z,1.19,22.3994,2.2473,1.2892,31.564428,33.32,9.7412,112.198,8.827,213.4272,133.82,0.0223,0.06,0
2019-06-06T06:36:59Z,1.194,22.3992,2.3046,1.4045,31.542774,33.238,9.7359000000000009,112.173,8.823,212.6701,134.85,0.0222,0.056,0
2019-06-06T06:36:59Z,1.199,22.4001,2.316,1.4334,31.551493,33.299,9.7371,112.215,8.82,212.9351,134.33,0.0222,0.051,0
2019-06-06T06:36:59Z,1.213,22.3981,2.3046,1.4334,31.583207,33.299,9.7382,112.214,8.821,211.8751,132.92,0.0222,0.046,0
2019-06-06T06:36:59Z,1.223,22.3941,2.2969,1.3324,31.503307,33.24,9.7313,112.089,8.817,212.5187,132.59,0.0222,0.041,0
2019-06-06T06:36:59Z,1.23,22.3904,2.3046,1.4334,31.532415,33.241,9.7201,111.915,8.814,212.6701,131.17,0.0222,0.037,0
2019-06-06T06:36:59Z,1.243,22.3791,2.3084,1.4622,31.576609,33.333,9.7259,111.944,8.813,214.7144,127.97,0.0223,0.036,0
2019-06-06T06:36:59Z,1.263,22.3598,2.3236,1.4334,31.477938,33.188,9.729,111.942,8.809,214.1844,125.62,0.0222,0.038,0
2019-06-06T06:36:59Z,1.272,22.3441,2.2893,1.3036,31.44782,33.196,9.7311,111.922,8.8,214.1465,124.14,0.0222,0.042,0
2019-06-06T06:36:59Z,1.276,22.345,2.3122,1.3757,31.465959,33.209,9.7381,111.966,8.799,214.298,122.44,0.0222,0.043,0
2019-06-06T06:36:59Z,1.284,22.3599,2.3122,1.4045,31.514628,33.279,9.7605,112.164,8.799,214.563,120.07,0.0222,0.043,0
2019-06-06T06:36:59Z,1.294,22.3771,2.3007,1.4045,31.565023,33.338,9.7921,112.408,8.796,214.7901,118.6,0.0222,0.041,0
2019-06-06T06:36:59Z,1.3,22.3895,2.2893,1.4189,31.55138,33.297,9.8366,112.768,8.792,213.768,118.16,0.0222,0.039,0
2019-06-06T06:36:59Z,1.308,22.3835,2.3503,1.3613,31.561228,33.315,9.8802,113.168,8.794,214.033,117.06,0.0222,0.037,0
2019-06-06T06:36:59Z,1.325,22.3625,2.3808,1.2748,31.463878,33.188,9.9261,113.651,8.79,213.8815,116.23,0.0222,0.035,0
2019-06-06T06:36:59Z,1.34,22.3415,2.3656,1.318,31.40588,33.134,10.0007,114.439,8.79,213.9194,115.89,0.0222,0.036,0
2019-06-06T06:36:59Z,1.351,22.3239,2.3808,1.2892,31.455644,33.207,10.0842,115.32,8.786,214.563,115.62,0.0222,0.04,0
2019-06-06T06:36:59Z,1.367,22.306,2.3694,1.2748,31.461211,33.222,10.1899,116.433,8.789,214.6387,115.55,0.0222,0.045,0
2019-06-06T06:36:59Z,1.382,22.2859,2.2473,1.2748,31.42859,33.205,10.2842,117.433,8.782,213.9951,115.68,0.0222,0.049,0
2019-06-06T06:36:59Z,1.393,22.2688,2.2283,1.2603,31.407366,33.188,10.3454,118.108,8.78,213.6544,115.38,0.0222,0.051,0
2019-06-06T06:36:59Z,1.404,22.241,2.2702,1.3324,31.339494,33.143,10.3906,118.614,8.778,213.5787,114.99,0.0221,0.053,0
2019-06-06T06:36:59Z,1.417,22.1857,2.2473,1.3613,31.216791,33.007,10.4203,118.925,8.778,214.0708,114.27,0.0221,0.053,0
2019-06-06T06:36:59Z,1.432,22.1165,1.9841,1.3036,31.145297,32.967,10.4389,119.042,8.779,213.9572,113.11,0.0221,0.052,0
2019-06-06T06:36:59Z,1.449,22.0712,2.0146,1.3613,31.043331,32.888,10.4497,119.001,8.774,214.2601,111.66,0.022,0.053,0
2019-06-06T06:36:59Z,1.467,22.0495,1.9994,1.4478,30.988187,32.877,10.444,118.822,8.771,216.5694,109.81,0.022,0.055,0
2019-06-06T06:36:59Z,1.483,22.0216,2.0184,1.4045,30.976934,32.91,10.4405,118.726,8.769,216.0015,108.41,0.022,0.056,0
2019-06-06T06:36:59Z,1.499,21.9867,1.9727,1.491,30.938848,32.864,10.4327,118.621,8.765,216.3044,106.55,0.022,0.059,0
2019-06-06T06:36:59Z,1.518,21.9448,1.9345,1.5776,30.917091,32.885,10.458,118.887,8.767,216.4937,104.52,0.022,0.062,0
2019-06-06T06:36:59Z,1.533,21.9109,1.9269,1.4766,30.826263,32.789,10.5056,119.373,8.766,215.888,102.53,0.0219,0.064,0
2019-06-06T06:36:59Z,1.548,21.9002,1.9383,1.592,30.814884,32.819,10.5593,119.892,8.761,216.418,99.793,0.0219,0.065,0
2019-06-06T06:36:59Z,1.564,21.8959,1.8392,1.5199,30.901641,32.932,10.624,120.474,8.762,218.1973,97.395,0.0219,0.065,0
2019-06-06T06:36:59Z,1.579,21.8834,1.8163,1.592,30.807188,32.85,10.6839,120.976,8.76,218.1215,95.445,0.0219,0.064,0
2019-06-06T06:36:59Z,1.596,21.8407,1.8239,1.5776,30.754677,32.764,10.7533,121.585,8.757,217.9701,93.445,0.0219,0.063,0
2019-06-06T06:36:59Z,1.615,21.7717,1.8353,1.5776,30.789234,32.862,10.8595,122.658,8.756,218.0458,91.789,0.0219,0.064,0
2019-06-06T06:36:59Z,1.632,21.7207,1.6446,1.6497,30.645685,32.682,10.9958,124.175,8.751,218.6515,90.591,0.0218,0.064,0
2019-06-06T06:36:59Z,1.646,21.6971,1.6408,1.6352,30.548199,32.673,11.1735,126.115,8.752,219.1437,89.797,0.0218,0.064,0
2019-06-06T06:36:59Z,1.658,21.6891,1.6179,1.5487,30.525438,32.648,11.3738,128.241,8.752,219.068,89.369,0.0218,0.063,0
2019-06-06T06:36:59Z,1.672,21.6799,1.6484,1.6064,30.555526,32.725,11.5673,130.248,8.752,217.3644,89.156,0.0218,0.062,0
2019-06-06T06:36:59Z,1.685,21.656,1.5683,1.6064,30.510766,32.67,11.7442,132.069,8.753,217.4022,88.979,0.0218,0.06,0
2019-06-06T06:36:59Z,1.699,21.6163,1.595,1.6208,30.403389,32.556,11.9141,133.826,8.75,217.2887,88.775,0.0217,0.058,0
2019-06-06T06:36:59Z,1.714,21.5519,1.5759,1.6208,30.333648,32.514,12.0859,135.612,8.75,217.5158,88.438,0.0217,0.056,0
2019-06-06T06:36:59Z,1.727,21.4766,1.5797,1.6497,30.093932,32.271,12.2349,137.149,8.748,218.8787,88.407,0.0216,0.054,0
2019-06-06T06:36:59Z,1.744,21.4011,1.5683,1.592,29.931466,32.136,12.3722,138.571,8.748,218.8787,88.63,0.0215,0.054,0
2019-06-06T06:36:59Z,1.764,21.3498,1.5607,1.3757,29.795226,32.069,12.4815,139.754,8.747,218.008,88.361,0.0215,0.057,0
2019-06-06T06:36:59Z,1.786,21.337,1.5874,1.3613,29.759883,32.03,12.5716,140.799,8.748,217.7051,87.815,0.0214,0.061,0
2019-06-06T06:36:59Z,1.807,21.3119,1.553,1.3036,29.827352,32.218,12.6603,141.769,8.747,218.1594,87.043,0.0215,0.066,0
2019-06-06T06:36:59Z,1.825,21.2568,1.553,1.4189,29.592783,31.893,12.7191,142.288,8.745,218.4244,86.212,0.0213,0.07,0
2019-06-06T06:36:59Z,1.84,21.1891,1.5836,1.6929,29.429689,31.791,12.7571,142.542,8.748,218.538,85.426,0.0213,0.072,0
2019-06-06T06:36:59Z,1.853,21.1225,1.5797,1.5199,29.408211,31.768,12.7602,142.313,8.749,219.1058,84.38,0.0213,0.072,0
2019-06-06T06:36:59Z,1.87,21.0635,1.595,1.5343,29.323289,31.755,12.7373,141.795,8.75,220.658,82.875,0.0212,0.071,0
2019-06-06T06:36:59Z,1.888,21.0095,1.5759,1.592,29.209532,31.649,12.69,141.135,8.747,220.5444,81.522,0.0212,0.069,0
2019-06-06T06:36:59Z,1.905,20.9591,1.5263,1.2748,29.135066,31.629,12.6594,140.765,8.746,220.7337,79.892,0.0212,0.067,0
2019-06-06T06:36:59Z,1.922,20.9167,1.5035,1.4478,29.09012,31.606,12.6731,140.861,8.746,220.3551,77.909,0.0211,0.065,0
2019-06-06T06:36:59Z,1.939,20.9019,1.4958,1.3036,29.087744,31.64,12.7095,141.1,8.747,220.6201,76.471,0.0211,0.064,0
2019-06-06T06:36:59Z,1.954,20.9141,1.5187,1.3469,29.138042,31.731,12.7749,141.52,8.75,220.8094,75.141,0.0212,0.064,0
2019-06-06T06:36:59Z,1.974,20.9043,1.4691,1.5776,29.146037,31.741,12.8338,141.931,8.747,221.0365,74.155,0.0212,0.066,0
2019-06-06T06:36:59Z,1.991,20.8569,1.45,1.6497,29.107425,31.701,12.8903,142.402,8.746,219.4087,73.338,0.0211,0.067,0
2019-06-06T06:36:59Z,2.005,20.7926,1.4615,1.7218,29.037973,31.616,12.9389,142.866,8.742,219.7873,72.865,0.0211,0.067,0
2019-06-06T06:36:59Z,2.018,20.7009,1.4691,1.491,28.90661,31.529,12.9622,143.112,8.739,219.6358,72.402,0.0211,0.065,0
2019-06-06T06:36:59Z,2.032,20.6069,1.4119,1.3469,28.796941,31.419,12.9636,143.16,8.739,220.8851,71.928,0.021,0.063,0
2019-06-06T06:36:59Z,2.045,20.5597,1.3509,1.3613,28.759751,31.483,12.9591,143.183,8.742,221.1501,71.822,0.021,0.061,0
2019-06-06T06:36:59Z,2.059,20.5467,1.3394,1.2459,28.745561,31.487,12.9578,143.192,8.741,221.2258,71.498,0.021,0.059,0
2019-06-06T06:36:59Z,2.073,20.5277,1.3242,1.3757,28.696138,31.52,12.9722,143.132,8.742,218.2351,71.301,0.021,0.057,0
2019-06-06T06:36:59Z,2.086,20.4655,1.3318,1.3469,28.643536,31.405,12.9659,142.836,8.741,218.5758,70.927,0.0209,0.054,0
2019-06-06T06:36:59Z,2.103,20.3601,1.2784,1.3613,28.574044,31.419,12.9543,142.412,8.739,218.6515,69.877,0.0209,0.054,0
2019-06-06T06:36:59Z,2.127,20.2715,1.2746,1.4045,28.397528,31.184,12.9376,141.739,8.741,218.9165,68.684,0.0208,0.057,0
2019-06-06T06:36:59Z,2.147,20.2191,1.2746,1.2748,28.418884,31.352,12.9145,141.037,8.735,220.0901,67.836,0.0208,0.062,0
2019-06-06T06:36:59Z,2.162,20.1916,1.2669,1.3469,28.458634,31.411,12.8815,140.416,8.735,220.128,67.15,0.0208,0.065,0
2019-06-06T06:36:59Z,2.172,20.1889,1.328,1.2027,28.436963,31.449,12.8762,140.217,8.737,220.6958,66.698,0.0208,0.066,0
2019-06-06T06:36:59Z,2.175,20.1986,1.3432,1.0729,28.475497,31.498,12.902,140.393,8.735,220.6201,66.438,0.0208,0.063,0
2019-06-06T06:36:59Z,2.176,20.2268,1.3356,1.145,28.440312,31.47,12.94,140.735,8.735,220.5823,65.939,0.0208,0.056,0
2019-06-06T06:36:59Z,2.18,20.2297,1.3203,1.0585,28.510375,31.524,12.9834,141.086,8.735,220.7337,64.883,0.0208,0.047,0
2019-06-06T06:36:59Z,2.193,20.1582,1.2669,1.3036,28.477171,31.506,13.023,141.337,8.738,220.923,62.94,0.0208,0.039,0
2019-06-06T06:36:59Z,2.217,20.0756,1.2593,1.4045,28.333513,31.284,13.0281,141.334,8.737,221.7558,61.193,0.0208,0.035,0
2019-06-06T06:36:59Z,2.237,19.97,1.2746,1.3324,28.274437,31.337,13.051,141.401,8.736,222.0965,60.01,0.0208,0.037,0
2019-06-06T06:36:59Z,2.254,19.7993,1.3013,1.4334,28.106368,31.145,13.0884,141.361,8.736,222.6265,58.925,0.0206,0.043,0
2019-06-06T06:36:59Z,2.27,19.6408,1.3814,1.3324,28.009494,31.156,13.0954,140.989,8.739,223.0808,57.908,0.0206,0.052,0
2019-06-06T06:36:59Z,2.287,19.5474,1.3928,1.3613,27.980321,31.214,13.0931,140.408,8.738,223.4973,57.019,0.0206,0.06,0
2019-06-06T06:36:59Z,2.301,19.4961,1.4043,1.3036,27.964997,31.325,13.0822,139.717,8.738,224.0273,56.531,0.0206,0.066,0
2019-06-06T06:36:59Z,2.312,19.4593,1.4157,1.4045,28.028622,31.453,13.0731,139.142,8.738,224.4437,56.147,0.0206,0.067,0
2019-06-06T06:36:59Z,2.322,19.4336,1.389,1.3469,27.960424,31.426,13.0365,138.518,8.737,225.9201,56.066,0.0206,0.063,0
2019-06-06T06:36:59Z,2.329,19.3894,1.4119,1.1017,27.901778,31.358,12.9889,137.9,8.736,226.6773,55.658,0.0205,0.055,0
2019-06-06T06:36:59Z,2.346,19.3299,1.4043,1.1882,27.805397,31.313,12.9541,137.422,8.734,224.0651,54.877,0.0205,0.052,0
2019-06-06T06:36:59Z,2.369,19.307,1.3852,1.1161,27.754537,31.218,12.9353,137.022,8.733,225.428,54.649,0.0205,0.052,0
2019-06-06T06:36:59Z,2.384,19.2398,1.4157,1.1594,27.8466,31.451,12.9359,136.821,8.732,225.5037,54.223,0.0205,0.053,0
2019-06-06T06:36:59Z,2.406,19.0905,1.4386,1.0873,27.690845,31.213,12.9622,136.733,8.732,226.223,53.697,0.0204,0.056,0
2019-06-06T06:36:59Z,2.429,18.9271,1.4653,1.0729,27.533678,31.132,12.9845,136.564,8.731,227.8508,53.687,0.0204,0.063,0
2019-06-06T06:36:59Z,2.45,18.7373,1.4462,1.1017,27.420155,31.084,12.9773,136.13,8.729,228.4187,53.472,0.0203,0.07,0
2019-06-06T06:36:59Z,2.47,18.5319,1.4195,1.1161,27.358222,31.132,12.9513,135.623,8.729,228.8351,52.903,0.0203,0.076,0
2019-06-06T06:36:59Z,2.491,18.3686,1.6904,1.0873,27.314601,31.239,12.9168,135.142,8.732,225.3523,52.502,0.0202,0.08,0
2019-06-06T06:36:59Z,2.508,18.2807,1.6751,1.0296,27.207919,31.223,12.8817,134.781,8.731,226.2987,52.129,0.0202,0.08,0
2019-06-06T06:36:59Z,2.525,18.2443,1.7285,1.0585,27.224464,31.409,12.8689,134.695,8.727,226.7908,51.509,0.0202,0.079,0
2019-06-06T06:36:59Z,2.541,18.2004,1.7285,1.0873,27.205203,31.405,12.8941,134.834,8.73,228.6459,50.992,0.0202,0.077,0
2019-06-06T06:36:59Z,2.556,18.1352,1.7552,1.1161,27.17268,31.434,12.9656,135.16,8.73,229.2137,50.361,0.0202,0.074,0
2019-06-06T06:36:59Z,2.574,18.0548,1.7705,1.2315,27.146473,31.397,12.9648,134.867,8.73,229.2137,49.435,0.0201,0.07,0
2019-06-06T06:36:59Z,2.592,17.9297,1.7323,1.1306,27.089729,31.417,12.9613,134.652,8.728,229.2894,48.728,0.0201,0.068,0
2019-06-06T06:36:59Z,2.609,17.7829,1.7552,1.1306,27.035971,31.374,12.9512,134.368,8.727,229.9709,48.007,0.0201,0.067,0
2019-06-06T06:36:59Z,2.626,17.6591,1.9002,1.1306,27.006056,31.469,12.9283,133.926,8.728,230.5387,47.06,0.0201,0.066,0
2019-06-06T06:36:59Z,2.643,17.5727,1.946,0.9864,26.949275,31.477,12.9357,133.594,8.732,231.0309,46.304,0.02,0.066,0
2019-06-06T06:36:59Z,2.66,17.5325,1.9383,1.2171,26.928958,31.571,12.9113,132.936,8.728,231.8637,45.96,0.02,0.067,0
2019-06-06T06:36:59Z,2.669,17.5318,1.9345,1.0873,26.942521,31.633,12.8717,132.203,8.727,232.2801,45.922,0.02,0.065,0
2019-06-06T06:36:59Z,2.675,17.5507,1.9383,1.145,26.932426,31.665,12.8138,131.438,8.729,233.0373,45.659,0.02,0.061,0
2019-06-06T06:36:59Z,2.691,17.5005,2.1787,1.044,26.971157,31.696,12.7472,130.719,8.729,232.2423,45.203,0.02,0.057,0
2019-06-06T06:36:59Z,2.713,17.3585,2.2054,1.0152,26.923947,31.65,12.6778,129.926,8.729,233.4159,44.882,0.02,0.056,0
2019-06-06T06:36:59Z,2.731,17.2529,2.2168,1.1161,26.783833,31.486,12.5997,128.929,8.727,233.7944,44.616,0.0199,0.056,0
2019-06-06T06:36:59Z,2.749,17.1891,2.1863,1.1161,26.760471,31.598,12.5367,127.93,8.727,234.2109,44.357,0.0199,0.058,0
2019-06-06T06:36:59Z,2.767,17.1272,2.2397,1.044,26.775334,31.674,12.4721,126.905,8.725,234.6652,44.138,0.0199,0.06,0
2019-06-06T06:36:59Z,2.783,17.0491,2.255,1.1882,26.765376,31.722,12.4069,125.913,8.724,235.1194,43.959,0.0199,0.064,0
2019-06-06T06:36:59Z,2.802,16.908,2.2511,1.1882,26.71365,31.704,12.3463,125.024,8.725,235.9902,43.614,0.0199,0.068,0
2019-06-06T06:36:59Z,2.822,16.7599,2.255,1.1161,26.632385,31.66,12.2803,124.15,8.724,233.3402,43.231,0.0198,0.072,0
2019-06-06T06:36:59Z,2.841,16.6443,2.4343,1.3036,26.540712,31.67,12.2131,123.411,8.721,234.703,42.862,0.0198,0.072,0
2019-06-06T06:36:59Z,2.857,16.583,2.4419,1.2171,26.472334,31.681,12.1363,122.617,8.722,235.4223,42.392,0.0197,0.071,0
2019-06-06T06:36:59Z,2.874,16.5673,2.419,1.2459,26.539809,31.87,12.0978,122.015,8.723,235.64940000000001,41.984,0.0198,0.071,0
2019-06-06T06:36:59Z,2.887,16.5389,2.4304,1.5055,26.604885,31.985,12.0723,121.479,8.722,236.9366,41.529,0.0198,0.069,0
2019-06-06T06:36:59Z,2.9,16.464,2.377,1.4334,26.539475,31.928,12.0404,120.877,8.724,237.088,40.951,0.0198,0.067,0
2019-06-06T06:36:59Z,2.912,16.3363,2.3732,1.2748,26.473117,31.85,12.0097,120.259,8.725,237.0123,40.262,0.0197,0.063,0
2019-06-06T06:36:59Z,2.929,16.1985,2.3656,1.4189,26.391272,31.838,11.9752,119.657,8.726,234.8923,39.302,0.0197,0.06,0
2019-06-06T06:36:59Z,2.948,16.0769,2.3808,1.3324,26.197051,31.669,11.9201,118.993,8.723,235.6116,38.525,0.0196,0.059,0
2019-06-06T06:36:59Z,2.964,15.9726,2.4075,1.3469,26.063219,31.638,11.8711,118.467,8.723,235.9523,37.974,0.0195,0.059,0
2019-06-06T06:36:59Z,2.979,15.8958,2.3541,1.3469,25.995088,31.631,11.8058,117.639,8.724,236.558,37.272,0.0195,0.059,0
2019-06-06T06:36:59Z,2.997,15.8734,2.3885,1.2315,25.985682,31.711,11.7535,116.957,8.721,236.823,36.577,0.0195,0.061,0
2019-06-06T06:36:59Z,3.016,15.8621,2.3808,1.4045,26.074961,31.874,11.6959,116.16,8.726,236.6716,36.067,0.0195,0.064,0
2019-06-06T06:36:59Z,3.031,15.784,2.377,1.318,26.120966,31.959,11.6395,115.346,8.723,236.823,35.684,0.0195,0.066,0
2019-06-06T06:36:59Z,3.046,15.6759,2.3198,1.145,25.987681,31.795,11.5785,114.513,8.722,238.5266,35.349,0.0195,0.066,0
2019-06-06T06:36:59Z,3.064,15.566,2.3007,1.0873,25.826164,31.653,11.5197,113.747,8.721,238.9809,34.905,0.0194,0.066,0
2019-06-06T06:36:59Z,3.088,15.4475,2.3122,1.2748,25.699981,31.599,11.457,112.996,8.724,239.5487,34.457,0.0193,0.067,0
2019-06-06T06:36:59Z,3.109,15.3468,2.3084,1.1738,25.611597,31.547,11.4053,112.463,8.721,239.1323,34.19,0.0192,0.07,0
2019-06-06T06:36:59Z,3.125,15.3053,2.1787,1.0873,25.64,31.709,11.3906,112.185,8.723,239.6245,33.925,0.0193,0.072,0
2019-06-06T06:36:59Z,3.146,15.2837,2.1901,1.0873,25.664674,31.788,11.3811,111.812,8.724,239.8516,33.653,0.0193,0.073,0
2019-06-06T06:36:59Z,3.166,15.2215,2.2054,1.145,25.640162,31.823,11.3889,111.605,8.721,239.9273,33.656,0.0193,0.075,0
2019-06-06T06:36:59Z,3.179,15.152,2.2054,1.145,25.552044,31.696,11.3743,111.242,8.721,240.9116,33.875,0.0192,0.075,0
2019-06-06T06:36:59Z,3.19,15.0666,2.1977,0.8422,25.448533,31.646,11.366,111.03,8.722,241.9337,33.78,0.0192,0.073,0
2019-06-06T06:36:59Z,3.205,14.9623,2.1787,0.871,25.29509,31.488,11.3751,110.968,8.722,241.7823,33.52,0.0191,0.069,0
2019-06-06T06:36:59Z,3.223,14.8725,2.1748,0.8422,25.121027,31.349,11.4014,111.13,8.723,241.8959,33.11,0.019,0.065,0
2019-06-06T06:36:59Z,3.25,14.7953,2.2054,0.8854,25.043185,31.325,11.4528,111.54,8.72,241.9716,32.443,0.0189,0.065,0
2019-06-06T06:36:59Z,3.28,14.7452,2.2359,0.8998,24.977334,31.327,11.5145,111.943,8.72,241.8959,31.965,0.0189,0.07,0
2019-06-06T06:36:59Z,3.301,14.731,2.2473,0.7989,24.936443,31.316,11.5776,112.294,8.716,241.8959,31.551,0.0188,0.074,0
2019-06-06T06:36:59Z,3.318,14.6771,2.2473,0.8998,24.946007,31.393,11.6222,112.484,8.719,241.1009,30.995,0.0189,0.078,0
2019-06-06T06:36:59Z,3.342,14.5643,2.2397,0.8854,24.876592,31.296,11.6543,112.495,8.718,241.593,30.475,0.0188,0.084,0
2019-06-06T06:36:59Z,3.363,14.4466,2.2511,0.9143,24.81551,31.268,11.6383,112.025,8.717,241.6309,30.118,0.0188,0.088,0
2019-06-06T06:36:59Z,3.376,14.3583,2.2664,0.8422,24.814713,31.359,11.5682,111.214,8.719,241.5552,29.769,0.0188,0.087,0
2019-06-06T06:36:59Z,3.392,14.3004,2.2168,0.871,24.759144,31.381,11.472,110.196,8.719,241.6309,29.125,0.0187,0.082,0
2019-06-06T06:36:59Z,3.417,14.2422,2.2473,0.8422,24.706994,31.383,11.3675,109.027,8.72,241.328,28.482,0.0187,0.078,0
2019-06-06T06:36:59Z,3.443,14.2013,2.2473,0.871,24.701936,31.426,11.2458,107.767,8.718,241.4037,28.145,0.0187,0.077,0
2019-06-06T06:36:59Z,3.463,14.1637,2.377,0.7845,24.646988,31.404,11.1234,106.529,8.719,242.5395,27.829,0.0187,0.079,0
2019-06-06T06:36:59Z,3.482,14.083,2.377,0.5249,24.50883,31.257,11.023,105.578,8.72,242.1609,27.577,0.0186,0.08,0
2019-06-06T06:36:59Z,3.501,13.9782,2.3618,0.6403,24.399998,31.145,10.9275,104.78,8.719,242.3502,27.484,0.0185,0.08,0
2019-06-06T06:36:59Z,3.515,13.8789,2.3541,0.6403,24.338177,31.137,10.8526,104.18,8.72,242.7666,27.429,0.0185,0.079,0
2019-06-06T06:36:59Z,3.53,13.7576,2.5144,0.6835,24.348849,31.222,10.8039,103.845,8.719,241.1387,27.256,0.0185,0.078,0
2019-06-06T06:36:59Z,3.552,13.6335,2.4533,0.6114,24.327514,31.301,10.7705,103.674,8.72,241.2902,26.885,0.0185,0.076,0
2019-06-06T06:36:59Z,3.577,13.5762,2.4838,0.6403,24.305529,31.327,10.7675,103.807,8.722,241.2145,26.68,0.0184,0.074,0
2019-06-06T06:36:59Z,3.605,13.5357,2.4953,0.6547,24.346629,31.538,10.8003,104.204,8.719,245.2652,26.573,0.0185,0.076,0
2019-06-06T06:36:59Z,3.626,13.4715,2.8348,0.6835,24.246782,31.403,10.8695,104.732,8.717,245.038,26.422,0.0184,0.079,0
2019-06-06T06:36:59Z,3.638,13.4296,2.8653,0.597,24.163251,31.361,10.9255,105.183,8.716,245.1516,26.364,0.0184,0.08,0
2019-06-06T06:36:59Z,3.642,13.4037,2.8234,0.6114,24.184041,31.417,10.9819,105.68,8.717,245.038,26.354,0.0184,0.077,0
2019-06-06T06:36:59Z,3.645,13.4085,2.8577,0.7412,24.220928,31.521,11.0461,106.055,8.718,243.4102,26.313,0.0184,0.071,0
2019-06-06T06:36:59Z,3.65,13.457,2.8195,0.7268,24.235831,31.544,11.1047,106.203,8.716,243.2209,26.277,0.0184,0.06,0
2019-06-06T06:36:59Z,3.652,13.5092,2.8119,0.698,24.283973,31.613,11.1345,106.017,8.713,243.0316,26.159,0.0184,0.047,0
2019-06-06T06:36:59Z,3.652,13.5664,2.7814,0.6259,24.368338,31.68,11.1188,105.501,8.711,245.4166,25.911,0.0185,0.032,0
2019-06-06T06:36:59Z,3.653,13.6318,2.77,0.6691,24.397387,31.675,11.0658,104.653,8.708,245.2652,25.66,0.0185,0.02,0
2019-06-06T06:36:59Z,3.658,13.7038,2.9264,0.6259,24.395892,31.628,10.9594,103.366,8.709,245.0759,25.295,0.0185,0.013,0
2019-06-06T06:36:59Z,3.663,13.734,2.934,0.6691,24.399795,31.574,10.8027,101.681,8.706,244.8109,25.073,0.0185,0.011,0
2019-06-06T06:36:59Z,3.664,13.6797,2.8882,0.6835,24.392509,31.516,10.6139,99.758,8.705,244.1295,24.876,0.0185,0.01,0
2019-06-06T06:36:59Z,3.666,13.6402,2.9035,0.597,24.345705,31.415,10.3846,97.584,8.707,243.9402,24.715,0.0185,0.01,0
2019-06-06T06:36:59Z,3.668,13.6171,2.8958,0.6259,24.339563,31.464,10.1236,95.161,8.709,243.6752,24.526,0.0185,0.01,0
2019-06-06T06:36:59Z,3.684,13.5164,3.0484,0.7124,24.370545,31.532,9.8781,92.781,8.708,243.5995,23.935,0.0185,0.014,0
2019-06-06T06:36:59Z,3.717,13.3387,3.0599,0.6835,24.277543,31.439,9.6585,90.5,8.711,242.9938,23.527,0.0184,0.025,0
2019-06-06T06:36:59Z,3.743,13.1441,3.0179,0.6835,24.099906,31.27,9.4391,88.196,8.712,242.8802,23.328,0.0183,0.038,0
2019-06-06T06:36:59Z,3.768,12.9846,3.0408,0.597,24.088147,31.413,9.27,86.395,8.711,242.8423,22.972,0.0183,0.053,0
2019-06-06T06:36:59Z,3.796,12.8402,3.3536,0.6691,24.084909,31.578,9.1283,84.9,8.71,243.1073,22.669,0.0183,0.069,0
2019-06-06T06:36:59Z,3.822,12.7182,3.3269,0.597,24.103998,31.707,8.9866,83.428,8.708,242.6909,22.466,0.0183,0.084,0
2019-06-06T06:36:59Z,3.846,12.6275,3.3574,0.6259,24.212534,32.014,8.8302,81.833,8.71,243.183,22.332,0.0183,0.095,0
2019-06-06T06:36:59Z,3.87,12.5642,3.3116,0.6547,24.157207,32.006,8.6724,80.251,8.707,244.773,22.379,0.0183,0.102,0
2019-06-06T06:36:59Z,3.887,12.5544,3.4642,0.6403,24.084039,32.009,8.5101,78.663,8.709,245.1895,22.325,0.0183,0.1,0
2019-06-06T06:36:59Z,3.903,12.5675,3.4795,0.6403,24.096299,32.064,8.3413,77.033,8.705,244.0159,22.115,0.0183,0.093,0
2019-06-06T06:36:59Z,3.919,12.5315,3.4681,0.6259,24.082734,32.071,8.1638,75.324,8.711,243.8266,21.946,0.0183,0.088,0
2019-06-06T06:36:59Z,3.938,12.4271,3.4833,0.597,24.04169,31.985,7.988,73.672,8.708,244.2809,21.73,0.0182,0.082,0
2019-06-06T06:36:59Z,3.964,12.3016,3.5901,1.0585,24.088143,32.089,7.828,72.211,8.707,244.4702,21.39,0.0182,0.078,0
2019-06-06T06:36:59Z,3.993,12.19,3.6092,1.0152,24.173027,32.293,7.692,70.924,8.705,245.1895,21.02,0.0183,0.079,0
2019-06-06T06:36:59Z,4.021,12.0986,3.6016,0.8854,24.024938,32.214,7.5807,69.838,8.708,247.6502,20.757,0.0182,0.082,0
2019-06-06T06:36:59Z,4.046,12.0182,3.5978,0.8422,23.887448,32.086,7.4709,68.719,8.707,248.6723,20.419,0.0181,0.087,0
2019-06-06T06:36:59Z,4.07,11.9412,3.9449,0.5682,23.899906,32.239,7.3823,67.802,8.707,247.8773,20.034,0.0181,0.093,0
2019-06-06T06:36:59Z,4.091,11.876,3.9678,0.5682,23.831763,32.159,7.2943,66.928,8.707,248.1423,19.762,0.0181,0.096,0
2019-06-06T06:36:59Z,4.104,11.8277,3.9525,0.6403,23.85381,32.302,7.2313,66.272,8.709,248.7102,19.539,0.0181,0.095,0
2019-06-06T06:36:59Z,4.116,11.7881,3.964,0.5538,23.872494,32.359,7.1657,65.557,8.708,249.1266,19.275,0.0181,0.09,0
2019-06-06T06:36:59Z,4.135,11.7469,3.9449,0.597,23.808533,32.325,7.0975,64.824,8.706,249.9973,18.969,0.018,0.082,0
2019-06-06T06:36:59Z,4.158,11.7313,3.7618,0.6114,23.814957,32.36,7.0198,64.01,8.706,250.4516,18.718,0.018,0.077,0
2019-06-06T06:36:59Z,4.184,11.7364,3.7694,0.6835,23.834897,32.434,6.9372,63.159,8.708,248.5588,18.496,0.0181,0.075,0
2019-06-06T06:36:59Z,4.209,11.7196,3.7809,0.7556,23.813347,32.412,6.8479,62.252,8.704,249.2023,18.305,0.018,0.076,0
2019-06-06T06:36:59Z,4.233,11.6793,3.7542,0.597,23.812163,32.404,6.7284,61.059,8.702,249.6188,18.139,0.018,0.079,0
2019-06-06T06:36:59Z,4.258,11.6132,4.5591,0.8998,23.806753,32.422,6.6258,60.006,8.699,249.6188,17.957,0.018,0.085,0
2019-06-06T06:36:59Z,4.285,11.5477,4.5705,0.8998,23.760851,32.378,6.5337,59.021,8.697,251.5495,17.718,0.018,0.092,0
2019-06-06T06:36:59Z,4.315,11.5048,4.54,0.8998,23.750834,32.439,6.4376,57.955,8.693,251.7388,17.466,0.018,0.098,0
2019-06-06T06:36:59Z,4.345,11.4522,4.5591,0.9719,23.700772,32.421,6.3171,56.649,8.691,252.2688,17.286,0.018,0.102,0
2019-06-06T06:36:59Z,4.369,11.3787,5.1923,0.9287,23.615853,32.344,6.1635,55.099,8.691,248.8995,17.21,0.0179,0.104,0
2019-06-06T06:36:59Z,4.385,11.3046,5.2,0.9143,23.560361,32.313,5.9832,53.344,8.692,248.9752,17.106,0.0179,0.102,0
2019-06-06T06:36:59Z,4.402,11.2341,5.2114,0.871,23.503297,32.303,5.7441,51.036,8.696,248.8995,16.876,0.0178,0.099,0
2019-06-06T06:36:59Z,4.428,11.1673,5.1694,0.8277,23.331489,32.138,5.4774,48.515,8.695,249.3159,16.581,0.0177,0.096,0
2019-06-06T06:36:59Z,4.459,11.1017,5.1313,0.8854,23.300331,32.123,5.1913,45.901,8.695,251.1331,16.15,0.0177,0.094,0
2019-06-06T06:36:59Z,4.496,11.0259,5.1465,0.9431,23.542096,32.569,4.8814,43.093,8.695,251.2466,15.706,0.0179,0.096,0
2019-06-06T06:36:59Z,4.529,10.9383,5.1351,0.9575,23.504505,32.55,4.6122,40.626,8.698,251.8523,15.362,0.0178,0.1,0
2019-06-06T06:36:59Z,4.558,10.8281,5.1389,0.9143,23.465601,32.542,4.3746,38.467,8.698,251.2845,14.914,0.0178,0.105,0
2019-06-06T06:36:59Z,4.592,10.6811,5.837,0.8566,23.590537,32.853,4.1955,36.854,8.699,250.9438,14.472,0.0179,0.113,0
2019-06-06T06:36:59Z,4.625,10.5157,5.8637,0.7701,23.645222,32.954,4.0681,35.717,8.7,251.1709,14.108,0.0179,0.121,0
2019-06-06T06:36:59Z,4.653,10.3817,5.8675,0.9575,23.782604,33.364,3.9879,35.006,8.702,252.0416,13.749,0.018,0.125,0
2019-06-06T06:36:59Z,4.678,10.2654,5.8446,0.7989,23.834254,33.521,3.9681,34.827,8.703,252.0038,13.423,0.018,0.124,0
2019-06-06T06:36:59Z,4.708,10.1207,5.8446,0.7845,23.788315,33.647,3.9868,34.985,8.701,252.3445,13.069,0.0179,0.122,0
2019-06-06T06:36:59Z,4.742,9.9888,5.5738,1.0152,23.780584,33.677,4.0356,35.408,8.703,252.7988,12.758,0.0179,0.119,0
2019-06-06T06:36:59Z,4.774,9.9138,5.5395,0.8422,23.8143,33.937,4.1046,36.007,8.704,252.1173,12.493,0.0179,0.119,0
2019-06-06T06:36:59Z,4.802,9.8459,5.5509,0.871,23.776019,33.946,4.1715,36.587,8.701,252.7988,12.234,0.0179,0.119,0
2019-06-06T06:36:59Z,4.83,9.7544,5.5395,0.871,23.739412,34.018,4.2355,37.144,8.7,254.1238,11.961,0.0179,0.117,0
2019-06-06T06:36:59Z,4.857,9.6806,6.2452,1.0729,23.830268,34.163,4.2859,37.586,8.701,254.7674,11.741,0.0179,0.116,0
2019-06-06T06:36:59Z,4.883,9.6379,6.2376,1.1161,23.840681,34.336,4.3417,38.077,8.699,255.2216,11.556,0.0179,0.115,0
2019-06-06T06:36:59Z,4.911,9.6159,6.2719,1.1738,23.785716,34.247,4.3746,38.367,8.699,255.3731,11.321,0.0179,0.114,0
2019-06-06T06:36:59Z,4.943,9.6072,6.249,1.0729,23.839459,34.451,4.4121,38.695,8.699,255.9409,11.091,0.0179,0.112,0
2019-06-06T06:36:59Z,4.981,9.601,5.8981,1.4045,23.833048,34.391,4.432,38.868,8.694,255.8274,10.889,0.0179,0.113,0
2019-06-06T06:36:59Z,5.016,9.5938,5.9057,1.3469,23.823319,34.441,4.4543,39.062,8.695,252.6852,10.812,0.0179,0.117,0
2019-06-06T06:36:59Z,5.038,9.5872,5.9133,1.3324,23.821953,34.406,4.469,39.19,8.697,254.3131,10.694,0.0179,0.118,0
2019-06-06T06:36:59Z,5.065,9.5804,5.9362,1.4622,23.805133,34.413,4.4816,39.297,8.691,254.8052,10.392,0.0179,0.119,0
2019-06-06T06:36:59Z,5.102,9.5727,3.8266,2.486,23.814635,34.42,4.4867,39.34,8.692,254.9188,10.126,0.0179,0.121,0
2019-06-06T06:36:59Z,5.133,9.5681,3.8266,2.486,23.81013,34.427,4.4895,39.363,8.689,254.4266,9.9232,0.0179,0.123,0
2019-06-06T06:36:59Z,5.16,9.5678,3.8266,2.486,23.810744,34.434,4.4982,39.438,8.687,256.0166,9.6985,0.0179,0.121,0
2019-06-06T06:36:59Z,5.188,9.57,3.8343,2.5149,23.813874,34.439,4.5019,39.477,8.688,255.9409,9.532,0.0179,0.119,0
2019-06-06T06:36:59Z,5.211,9.5717,3.2964,2.933,23.835852,34.48,4.5121,39.573,8.688,253.1016,9.3412,0.0179,0.114,0
2019-06-06T06:36:59Z,5.242,9.5703,3.304,2.8609,23.813011,34.437,4.5218,39.657,8.685,253.5938,9.0593,0.0179,0.113,0
2019-06-06T06:36:59Z,5.28,9.568,3.2621000000000002,2.8032,23.753448,34.355,4.5321,39.743,8.682,254.4645,8.8139,0.0179,0.116,0
2019-06-06T06:36:59Z,5.314,9.5671,3.2888,2.9474,23.761889,34.356,4.5308,39.726,8.683,254.5781,8.5621,0.0179,0.118,0
2019-06-06T06:36:59Z,5.339,9.5653,3.3155,2.8898,23.802508,34.439,4.537,39.778,8.68,254.9566,8.3809,0.0179,0.117,0
2019-06-06T06:36:59Z,5.354,9.5618,2.9187,3.207,23.762136,34.359,4.5428,39.827,8.68,255.1081,8.2838,0.0179,0.114,0
2019-06-06T06:36:59Z,5.364,9.5599,2.9225,3.3224,23.752897,34.361,4.5372,39.776,8.678,255.1838,8.1437,0.0179,0.107,0
2019-06-06T06:36:59Z,5.379,9.558,2.9035,3.3079,23.784389,34.405,4.533,39.739,8.678,256.4331,7.932,0.0179,0.099,0
2019-06-06T06:36:59Z,5.41,9.5574,2.934,3.3224,23.811797,34.447,4.5267,39.684,8.676,256.8116,7.6247,0.0179,0.093,0
2019-06-06T06:36:59Z,5.449,9.5642,2.3694,3.7405,23.80764,34.449,4.533,39.74,8.674,257.7959,7.4217,0.0179,0.09,0
2019-06-06T06:36:59Z,5.477,9.5715,2.3732,3.7838,23.819182,34.45,4.5195,39.626,8.671,258.4395,7.2519,0.0179,0.089,0
2019-06-06T06:36:59Z,5.502,9.5707,2.3694,3.8559,23.797433,34.443,4.5258,39.688,8.669,257.5309,7.0113,0.0179,0.092,0
2019-06-06T06:36:59Z,5.53,9.5649,2.3847,3.8126,23.775468,34.355,4.518,39.625,8.669,257.8717,6.7087,0.0179,0.098,0
2019-06-06T06:36:59Z,5.561,9.5596,2.4304,3.7838,23.846517,34.517,4.5146,39.605,8.664,257.9474,6.5169,0.0179,0.107,0
2019-06-06T06:36:59Z,5.58,9.5562,2.4457,3.8126,23.797867,34.402,4.5194,39.666,8.664,258.8559,6.5862,0.0179,0.111,0
2019-06-06T06:36:59Z,5.581,9.5545,2.4266,3.6829,23.806396,34.447,4.5215,39.709,8.662,259.5752,6.5529,0.0179,0.104,0
2019-06-06T06:36:59Z,5.589,9.553,2.4381,3.8126,23.865522,34.532,4.513,39.65,8.66,259.9538,6.4081,0.0179,0.09,0
2019-06-06T06:36:59Z,5.603,9.5523,2.2397,3.755,23.81314,34.453,4.5198,39.7,8.659,259.8402,6.3222,0.0179,0.076,0
2019-06-06T06:36:59Z,5.609,9.5529,2.2473,3.7261,23.753117,34.373,4.5175,39.66,8.657,259.8781,6.3101,0.0179,0.063,0
2019-06-06T06:36:59Z,5.611,9.5543,2.255,3.8559,23.762516,34.374,4.5157,39.631,8.657,260.0295,6.3328,0.0179,0.05,0
2019-06-06T06:36:59Z,5.611,9.5585,2.2397,3.8559,23.801442,34.454,4.5124,39.595,8.655,259.4995,6.3302,0.0179,0.036,0
2019-06-06T06:36:59Z,5.612,9.5653,2.2473,3.7838,23.823141,34.453,4.5131,39.593,8.654,259.42380000000003,6.2746,0.0179,0.025,0
2019-06-06T06:36:59Z,5.614,9.571,2.0604,3.755,23.883597,34.57,4.5082,39.544,8.655,256.6224,6.2395,0.0179,0.018,0
2019-06-06T06:36:59Z,5.614,9.5813,2.0528,3.755,23.874292,34.522,4.5113,39.569,8.654,257.9095,6.161,0.0179,0.015,0
2019-06-06T06:36:59Z,5.622,9.6019,2.068,3.9424,23.864337,34.517,4.5078,39.532,8.649,257.4552,6.0155,0.0179,0.012,0
2019-06-06T06:36:59Z,5.627,9.6276,2.068,3.8992,23.807131,34.426,4.5042,39.497,8.647,256.9631,6.0504,0.0179,0.01,0
2019-06-06T06:36:59Z,5.627,9.6438,2.0986,3.755,23.827011,34.405,4.5074,39.524,8.65,256.0924,5.9934,0.0179,0.009,0
2019-06-06T06:36:59Z,5.645,9.6341,2.1138,3.8271,23.898826,34.541,4.5069,39.518,8.647,255.6002,5.6425,0.018,0.015,0
2019-06-06T06:36:59Z,5.681,9.6131,2.1558,3.8415,23.776986,34.282,4.5085,39.529,8.645,254.9566,5.4289,0.0179,0.027,0
2019-06-06T06:36:59Z,5.707,9.5999,2.1329,3.8703,23.771314,34.333,4.5037,39.485,8.644,256.9252,5.4127,0.0179,0.042,0
2019-06-06T06:36:59Z,5.719,9.5912,2.3847,4.0578,23.817036,34.394,4.5013,39.462,8.643,256.2438,5.3715,0.0179,0.055,0
2019-06-06T06:36:59Z,5.731,9.5823,2.3465,4.0001,23.808943,34.407,4.501,39.457,8.639,256.0166,5.2795,0.0179,0.064,0
2019-06-06T06:36:59Z,5.749,9.5768,2.3694,4.0722,23.811007,34.416,4.504,39.483,8.639,255.3731,5.1834,0.0179,0.07,0
2019-06-06T06:36:59Z,5.765,9.5742,2.3694,4.0866,23.814469,34.425,4.4971,39.421,8.639,255.2216,5.1729,0.0179,0.074,0
2019-06-06T06:36:59Z,5.782,9.5685,2.2969,3.755,23.804637,34.431,4.4855,39.319,8.638,253.2531,5.0967,0.0179,0.074,0
2019-06-06T06:36:59Z,5.804,9.5638,2.3122,3.7694,23.764013,34.352,4.4849,39.318,8.635,253.1016,4.9716,0.0179,0.071,0
2019-06-06T06:36:59Z,5.826,9.562,2.3122,3.7694,23.776174,34.399,4.4826,39.301,8.631,257.4174,4.8663,0.0179,0.067,0
2019-06-06T06:36:59Z,5.848,9.5608,2.3046,3.8703,23.759884,34.362,4.4836,39.31,8.63,256.7738,4.6373,0.0179,0.069,0
2019-06-06T06:36:59Z,5.877,9.5585,2.255,4.0289,23.754669,34.364,4.4841,39.312,8.629,257.0766,4.3988,0.0179,0.077,0
2019-06-06T06:36:59Z,5.911,9.5561,2.2435,3.9712,23.812283,34.446,4.4792,39.268,8.629,256.9252,4.2424,0.0179,0.086,0
2019-06-06T06:36:59Z,5.939,9.5539,2.2321,3.9857,23.806657,34.449,4.4779,39.255,8.625,257.1145,4.1148,0.0179,0.094,0
2019-06-06T06:36:59Z,5.957,9.5514,2.2435,4.0866,23.761674,34.37,4.4945,39.399,8.625,256.3574,4.0566,0.0179,0.098,0
2019-06-06T06:36:59Z,5.97,9.5502,2.2092,4.0578,23.809029,34.453,4.4918,39.375,8.625,256.8495,3.9599,0.0179,0.098,0
2019-06-06T06:36:59Z,5.988,9.5491,2.2397,4.0289,23.836577,34.496,4.4957,39.41,8.624,257.1524,3.751,0.0179,0.095,0
2019-06-06T06:36:59Z,6.019,9.5494,2.274,3.9424,23.75701,34.376,4.5029,39.471,8.623,257.4174,3.5771,0.0179,0.093,0
2019-06-06T06:36:59Z,6.05,9.5532,2.2092,3.9568,23.759963,34.377,4.5013,39.453,8.62,256.8116,3.4562,0.0179,0.093,0
2019-06-06T06:36:59Z,6.075,9.5568,2.2588,4.0433,23.803286,34.458,4.5051,39.48,8.618,256.8495,3.3709,0.0179,0.091,0
2019-06-06T06:36:59Z,6.094,9.5571,2.0528,3.9857,23.76233,34.373,4.5083,39.504,8.619,257.0009,3.2826,0.0179,0.09,0
2019-06-06T06:36:59Z,6.111,9.5552,2.0795,3.9424,23.751695,34.369,4.5058,39.482,8.615,257.0009,3.1896,0.0179,0.09,0
2019-06-06T06:36:59Z,6.132,9.5535,2.0604,4.0145,23.757284,34.369,4.5001,39.434,8.616,257.0009,3.1343,0.0179,0.091,0
2019-06-06T06:36:59Z,6.153,9.5519,2.0375,4.101,23.814608,34.452,4.5018,39.452,8.613,257.0388,3.0315,0.0179,0.091,0
2019-06-06T06:36:59Z,6.176,9.55,1.9536,4.0289,23.828443,34.494,4.5048,39.478,8.61,258.9695,2.9079,0.0179,0.089,0
2019-06-06T06:36:59Z,6.201,9.5499,1.9383,3.8992,23.769686,34.374,4.5009,39.443,8.611,258.1367,2.8553,0.0179,0.085,0
2019-06-06T06:36:59Z,6.223,9.5506,1.946,3.9712,23.798881,34.457,4.5036,39.466,8.607,258.2502,2.7763,0.0179,0.084,0
2019-06-06T06:36:59Z,6.243,9.5487,1.9536,4.0001,23.821728,34.457,4.4955,39.393,8.607,257.3795,2.6914,0.0179,0.084,0
2019-06-06T06:36:59Z,6.263,9.5434,2.0108,4.0001,23.800487,34.456,4.5017,39.443,8.605,257.0009,2.6513,0.0179,0.085,0
2019-06-06T06:36:59Z,6.279,9.5376,1.9956,3.9136,23.766081,34.377,4.4972,39.401,8.606,257.4552,2.57,0.0179,0.085,0
2019-06-06T06:36:59Z,6.293,9.5334,1.9994,4.0866,23.805313,34.464,4.5006,39.432,8.605,257.4552,2.4952,0.0179,0.081,0
2019-06-06T06:36:59Z,6.307,9.5324,1.9803,3.9424,23.840517,34.51,4.4956,39.388,8.602,261.1274,2.4319,0.0179,0.076,0
2019-06-06T06:36:59Z,6.323,9.5348,1.9345,4.0289,23.811122,34.474,4.4934,39.369,8.601,259.4617,2.3716,0.0179,0.07,0
2019-06-06T06:36:59Z,6.338,9.5379,1.9536,4.0866,23.812279,34.475,4.4932,39.366,8.602,259.1967,2.3395,0.0179,0.066,0
2019-06-06T06:36:59Z,6.353,9.5384,1.9154,3.8992,23.809462,34.472,4.4937,39.369,8.6,259.1209,2.2731,0.0179,0.062,0
2019-06-06T06:36:59Z,6.372,9.5371,1.9383,4.0001,23.814626,34.469,4.4993,39.417,8.599,258.7045,2.2054,0.0179,0.061,0
2019-06-06T06:36:59Z,6.395,9.5365,1.9498,3.9712,23.805851,34.468,4.4935,39.367,8.596,258.8559,2.1297,0.0179,0.063,0
2019-06-06T06:36:59Z,6.416,9.5338,2.0032,3.9136,23.761149,34.389,4.4978,39.406,8.595,258.7045,2.0705,0.0179,0.066,0
2019-06-06T06:36:59Z,6.434,9.529,1.9841,4.0289,23.781405,34.43,4.4955,39.386,8.595,257.0766,2.054,0.0179,0.07,0
2019-06-06T06:36:59Z,6.452,9.5272,2.0108,3.928,23.810259,34.473,4.4923,39.357,8.592,257.3795,1.988,0.0179,0.073,0
2019-06-06T06:36:59Z,6.468,9.5276,2.0108,4.0289,23.814094,34.478,4.494,39.371,8.592,256.6224,1.9405,0.0179,0.074,0
2019-06-06T06:36:59Z,6.483,9.5277,2.0108,4.0145,23.806252,34.48,4.4982,39.407,8.589,256.0545,1.8861,0.0179,0.073,0
2019-06-06T06:36:59Z,6.497,9.5285,1.9956,3.928,23.760783,34.398,4.494,39.369,8.589,255.7895,1.8207,0.0179,0.071,0
2019-06-06T06:36:59Z,6.514,9.5272,2.007,4.0289,23.752211,34.399,4.4927,39.359,8.588,257.3795,1.8043,0.0179,0.068,0
2019-06-06T06:36:59Z,6.533,9.525,2.0261,4.0001,23.816922,34.478,4.4989,39.412,8.585,257.4931,1.7482,0.0179,0.066,0
2019-06-06T06:36:59Z,6.555,9.5248,2.0566,4.2164,23.828338,34.52,4.5005,39.425,8.584,254.9566,1.715,0.0179,0.066,0
2019-06-06T06:36:59Z,6.578,9.5257,2.0528,4.2596,23.826857,34.482,4.5011,39.431,8.583,254.9945,1.7089,0.0179,0.069,0
2019-06-06T06:36:59Z,6.59,9.5271,2.049,4.1587,23.848384,34.563,4.4993,39.418,8.582,255.3731,1.6715,0.0179,0.07,0
2019-06-06T06:36:59Z,6.596,9.5269,2.0757,4.3462,23.771931,34.4,4.5,39.425,8.581,255.4488,1.6674,0.0179,0.068,0
2019-06-06T06:36:59Z,6.601,9.5261,1.9498,4.3606,23.744297,34.399,4.5009,39.432,8.58,256.0545,1.6642,0.0179,0.063,0
2019-06-06T06:36:59Z,6.61,9.5255,1.9383,4.1299,23.764304,34.399,4.5075,39.487,8.581,256.6602,1.6451,0.0179,0.057,0
2019-06-06T06:36:59Z,6.617,9.524,1.9498,4.2452,23.747032,34.4,4.5114,39.521,8.578,257.1524,1.6145,0.0179,0.049,0
2019-06-06T06:36:59Z,6.623,9.5233,1.946,4.2452,23.765791,34.401,4.5058,39.473,8.576,257.7959,1.5924,0.0179,0.04,0
2019-06-06T06:36:59Z,6.624,9.524,1.8201,4.2452,23.82981,34.523,4.5092,39.504,8.577,259.0074,1.6226,0.0179,0.031,0
2019-06-06T06:36:59Z,6.627,9.5236,1.8277,4.3317,23.815448,34.484,4.5088,39.502,8.574,259.4617,1.5868,0.0179,0.024,0
2019-06-06T06:36:59Z,6.648,9.5218,1.8124,4.2308,23.754049,34.402,4.5093,39.505,8.574,260.0674,1.5113,0.0179,0.025,0
2019-06-06T06:36:59Z,6.682,9.5226,1.7896,4.1875,23.758135,34.403,4.5101,39.513,8.574,260.4838,1.4645,0.0179,0.034,0
2019-06-06T06:36:59Z,6.704,9.526,1.8201,4.2452,23.810363,34.485,4.5044,39.463,8.57,261.4302,1.4126,0.0179,0.045,0
2019-06-06T06:36:59Z,6.722,9.5269,1.9421,4.1443,23.807521,34.484,4.5031,39.451,8.572,261.9224,1.3793,0.0179,0.056,0
2019-06-06T06:36:59Z,6.755,9.5249,1.9498,4.2452,23.820906,34.481,4.502,39.438,8.567,262.5281,1.3256,0.0179,0.069,0
2019-06-06T06:36:59Z,6.783,9.5226,1.965,4.3029,23.882557,34.601,4.5072,39.481,8.57,260.0674,1.2938,0.0179,0.083,0
2019-06-06T06:36:59Z,6.793,9.522,1.9421,4.1731,23.819649,34.482,4.502,39.435,8.566,261.4681,1.2786,0.0179,0.091,0
2019-06-06T06:36:59Z,6.805,9.5232,2.0261,4.2596,23.810343,34.484,4.5034,39.449,8.565,261.1274,1.2476,0.0179,0.091,0
2019-06-06T06:36:59Z,6.821,9.525,1.9879,4.1443,23.805287,34.485,4.5049,39.462,8.564,261.5438,1.2513,0.0179,0.085,0
2019-06-06T06:36:59Z,6.836,9.5258,2.007,4.2452,23.766707,34.403,4.4992,39.411,8.562,263.3231,1.2144,0.0179,0.077,0
2019-06-06T06:36:59Z,6.867,9.5255,1.9956,4.2741,23.739887,34.401,4.5105,39.51,8.563,263.4367,1.1623000000000001,0.0179,0.075,0
2019-06-06T06:36:59Z,6.902,9.5253,2.0757,4.2741,23.779431,34.4,4.503,39.443,8.558,263.3988,1.1156,0.0179,0.078,0
2019-06-06T06:36:59Z,6.93,9.5256,2.0719,4.2452,23.865581,34.603,4.4989,39.406,8.558,259.2724,1.0675,0.0179,0.081,0
2019-06-06T06:36:59Z,6.956,9.5245,2.0604,4.1587,23.780759,34.401,4.4936,39.359,8.557,259.4995,1.0438,0.0179,0.088,0
2019-06-06T06:36:59Z,6.985,9.5212,2.0451,4.2741,23.736904,34.401,4.5019,39.432,8.558,260.3324,0.99492,0.0179,0.098,0
2019-06-06T06:36:59Z,7.009,9.5187,2.068,4.2596,23.772073,34.402,4.5039,39.451,8.555,260.2567,0.95442,0.0179,0.105,0
2019-06-06T06:36:59Z,7.028,9.519,2.0909,4.1875,23.796227,34.486,4.5125,39.527,8.555,260.2567,0.9258,0.0179,0.107,0
2019-06-06T06:36:59Z,7.052,9.5203,2.0451,4.2741,23.766079,34.407,4.5097,39.501,8.552,261.3924,0.87753,0.0179,0.105,0
2019-06-06T06:36:59Z,7.081,9.5196,2.068,4.1875,23.809591,34.488,4.5169,39.562,8.551,260.6731,0.8318,0.0179,0.102,0
2019-06-06T06:36:59Z,7.114,9.5186,2.1024,3.9136,23.830931,34.527,4.5211,39.598,8.55,259.1967,0.80899,0.0179,0.1,0
2019-06-06T06:36:59Z,7.145,9.519,2.1596,3.9857,23.769142,34.406,4.5259,39.642,8.549,259.4995,0.76084,0.0179,0.103,0
2019-06-06T06:36:59Z,7.177,9.5179,2.1062,3.9857,23.797634,34.488,4.5193,39.586,8.547,259.42380000000003,0.72195,0.0179,0.107,0
2019-06-06T06:36:59Z,7.209,9.516,2.1367,3.9568,23.765855,34.407,4.5133,39.533,8.547,259.4995,0.70402,0.0179,0.111,0
2019-06-06T06:36:59Z,7.237,9.5159,2.1024,4.0001,23.749457,34.408,4.5069,39.476,8.545,259.8781,0.67071,0.0179,0.116,0
2019-06-06T06:36:59Z,7.262,9.5166,2.1863,4.2596,23.758806,34.41,4.5008,39.422,8.544,259.42380000000003,0.6544,0.0179,0.118,0
2019-06-06T06:36:59Z,7.283,9.5178,2.1748,4.202,23.754219,34.41,4.5001,39.415,8.544,259.3102,0.63256,0.0179,0.116,0
2019-06-06T06:36:59Z,7.308,9.5181,2.1939,4.1875,23.755166,34.41,4.4941,39.363,8.541,259.3481,0.6163,0.0179,0.112,0
2019-06-06T06:36:59Z,7.339,9.5163,2.1901,4.2452,23.787246,34.449,4.4868,39.298,8.542,259.8402,0.57254,0.0179,0.108,0
2019-06-06T06:36:59Z,7.38,9.514,2.0642,4.3029,23.803149,34.489,4.4836,39.269,8.54,261.0138,0.53504,0.0179,0.109,0
2019-06-06T06:36:59Z,7.417,9.5137,2.0642,4.2596,23.764992,34.41,4.4795,39.234,8.537,261.2788,0.51498,0.0179,0.113,0
2019-06-06T06:36:59Z,7.449,9.5153,2.0413,4.2164,23.805114,34.493,4.4802,39.239,8.538,261.3924,0.49981,0.0179,0.117,0
2019-06-06T06:36:59Z,7.479,9.5168,2.0451,4.2452,23.812453,34.493,4.4783,39.223,8.537,261.7709,0.49677,0.0179,0.122,0
2019-06-06T06:36:59Z,7.508,9.5172,2.0642,4.4471,23.815093,34.492,4.4748,39.191,8.536,261.8845,0.43491,0.0179,0.126,0
2019-06-06T06:36:59Z,7.537,9.5165,2.068,4.4327,23.801828,34.49,4.4731,39.175,8.533,262.3388,0.40917,0.0179,0.128,0
2019-06-06T06:36:59Z,7.569,9.5155,2.0642,4.5192,23.740109,34.368,4.4804,39.239,8.533,259.8024,0.40723,0.0178,0.128,0
2019-06-06T06:36:59Z,7.6,9.5151,2.049,4.4904,23.743816,34.41,4.4718,39.163,8.532,260.9381,0.38869,0.0179,0.125,0
2019-06-06T06:36:59Z,7.628,9.5152,2.0604,4.2308,23.7676,34.411,4.474,39.182,8.532,260.7867,0.38642,0.0179,0.12,0
2019-06-06T06:36:59Z,7.659,9.5142,2.0566,4.2308,23.799364,34.492,4.4775,39.213,8.533,261.0517,0.37269,0.0179,0.118,0
2019-06-06T06:36:59Z,7.69,9.5136,2.0642,4.1875,23.763521,34.411,4.4729,39.173,8.53,261.4681,0.37743,0.0179,0.118,0
2019-06-06T06:36:59Z,7.721,9.5137,2.0604,4.2885,23.752969,34.412,4.4741,39.183,8.529,261.0138,0.36055,0.0179,0.119,0
2019-06-06T06:36:59Z,7.753,9.5131,1.9536,4.4038,23.812495,34.493,4.4733,39.177,8.528,261.5438,0.31809,0.0179,0.12,0
2019-06-06T06:36:59Z,7.782,9.5128,1.9421,4.2596,23.837531,34.534,4.4799,39.236,8.526,261.7709,0.30307,0.0179,0.12,0
2019-06-06T06:36:59Z,7.812,9.5125,1.9574,4.3317,23.810665,34.494,4.4744,39.188,8.527,261.8088,0.26226,0.0179,0.12,0
2019-06-06T06:36:59Z,7.848,9.5116,1.9193,4.2452,23.757077,34.413,4.4735,39.18,8.527,262.4145,0.22133,0.0179,0.121,0
2019-06-06T06:36:59Z,7.888,9.5114,1.9383,4.1299,23.81537,34.494,4.4753,39.194,8.524,262.5659,0.24264,0.0179,0.125,0
2019-06-06T06:36:59Z,7.924,9.5109,1.9383,4.2596,23.797357,34.495,4.4734,39.177,8.522,261.2788,0.22639,0.0179,0.129,0
2019-06-06T06:36:59Z,7.96,9.5104,1.946,4.1587,23.720259,34.334,4.4835,39.265,8.522,261.3167,0.21601,0.0178,0.132,0
2019-06-06T06:36:59Z,7.99,9.5105,1.9383,4.2452,23.792847,34.496,4.4808,39.242,8.522,261.0895,0.22164,0.0179,0.135,0
2019-06-06T06:36:59Z,8.013,9.5109,1.9345,4.202,23.795875,34.456,4.49,39.323,8.521,264.686,0.19884,0.0179,0.133,0
2019-06-06T06:36:59Z,8.029,9.511,1.8392,4.2452,23.805344,34.496,4.4782,39.219,8.518,264.6481,0.21174,0.0179,0.127,0
2019-06-06T06:36:59Z,8.049,9.5109,1.8163,4.2596,23.810681,34.496,4.4838,39.267,8.519,264.6102,0.18896,0.0179,0.118,0
2019-06-06T06:36:59Z,8.078,9.512,1.8124,4.1443,23.759616,34.415,4.4823,39.255,8.515,264.421,0.17071,0.0179,0.109,0
2019-06-06T06:36:59Z,8.105,9.5131,1.7896,4.1443,23.750423,34.415,4.475,39.192,8.515,264.4588,0.18861,0.0179,0.101,0
2019-06-06T06:36:59Z,8.124,9.5129,1.8201,4.1875,23.762886,34.414,4.4657,39.112,8.516,264.2695,0.18686,0.0179,0.095,0
2019-06-06T06:36:59Z,8.146,9.5117,1.8163,4.2596,23.803342,34.494,4.4566,39.033,8.513,262.6795,0.14552,0.0179,0.09,0
2019-06-06T06:36:59Z,8.18,9.5101,1.7972,4.2164,23.818546,34.494,4.4556,39.026,8.513,262.2631,0.13688,0.0179,0.092,0
2019-06-06T06:36:59Z,8.217,9.5096,1.7819,4.2164,23.832817,34.536,4.4572,39.043,8.513,263.626,0.15529,0.0179,0.099,0
2019-06-06T06:36:59Z,8.246,9.5105,2.0108,4.1587,23.8152,34.497,4.4578,39.051,8.51,264.2317,0.13236,0.0179,0.106,0
2019-06-06T06:36:59Z,8.264,9.5111,2.0337,4.1875,23.751618,34.416,4.4523,39.001,8.508,263.5502,0.14109,0.0179,0.108,0
2019-06-06T06:36:59Z,8.286,9.5104,2.0261,4.2164,23.763858,34.416,4.457,39.038,8.51,263.3231,0.14415,0.0179,0.106,0
2019-06-06T06:36:59Z,8.316,9.5094,1.9841,4.1587,23.799969,34.496,4.4603,39.065,8.505,263.096,0.12775,0.0179,0.107,0
2019-06-06T06:36:59Z,8.346,9.5099,1.8124,4.2741,23.765913,34.416,4.4586,39.048,8.504,262.2631,0.13358,0.0179,0.108,0
2019-06-06T06:36:59Z,8.373,9.5113,1.8239,4.2741,23.747005,34.417,4.4608,39.067,8.502,261.6952,0.12651,0.0179,0.107,0
2019-06-06T06:36:59Z,8.395,9.5125,1.8239,4.2452,23.793882,34.457,4.4645,39.099,8.503,261.9224,0.12203,0.0179,0.103,0
2019-06-06T06:36:59Z,8.407,9.514,1.7972,4.1731,23.796427,34.496,4.4661,39.112,8.501,261.3924,0.12481,0.0179,0.097,0
2019-06-06T06:36:59Z,8.409,9.5161,1.8239,4.2164,23.773456,34.414,4.4714,39.158,8.5,260.7867,0.12312,0.0179,0.089,0
2019-06-06T06:36:59Z,8.409,9.519,1.8773,4.2452,23.792852,34.493,4.4697,39.142,8.503,260.4081,0.12413,0.0179,0.077,0
2019-06-06T06:36:59Z,8.413,9.5214,1.8811,4.2885,23.831522,34.491,4.4711,39.154,8.499,259.2724,0.12347,0.0179,0.062,0
2019-06-06T06:36:59Z,8.428,9.5198,1.8659,4.2741,23.8438,34.569,4.466,39.108,8.5,259.0074,0.12375,0.0179,0.048,0
2019-06-06T06:36:59Z,8.453,9.5156,1.8735,4.1154,23.777572,34.405,4.4698,39.142,8.497,258.9317,0.12343,0.0179,0.041,0
2019-06-06T06:36:59Z,8.481,9.5127,2.1176,4.2452,23.82509,34.527,4.4608,39.063,8.494,262.6417,0.12375,0.0179,0.043,0
2019-06-06T06:36:59Z,8.511,9.5117,2.1253,4.2596,23.814283,34.491,4.4606,39.061,8.495,261.3167,0.12363,0.0179,0.052,0
2019-06-06T06:36:59Z,8.535,9.5113,2.1329,4.2596,23.761405,34.413,4.4592,39.05,8.494,261.4681,0.12373,0.0179,0.066,0
2019-06-06T06:36:59Z,8.561,9.5101,2.1253,4.2164,23.802044,34.495,4.457,39.032,8.492,261.9981,0.12371,0.0179,0.081,0
2019-06-06T06:36:59Z,8.587,9.5088,2.1214,4.2452,23.763709,34.415,4.4662,39.112,8.494,260.1052,0.1238,0.0179,0.093,0
2019-06-06T06:36:59Z,8.613,9.5081,2.1481,4.3317,23.749879,34.416,4.4683,39.131,8.49,260.5217,0.12376,0.0179,0.101,0
2019-06-06T06:36:59Z,8.636,9.5074,2.1176,4.2308,23.760023,34.417,4.4722,39.167,8.491,260.6731,0.1237,0.0179,0.103,0
2019-06-06T06:36:59Z,8.665,9.5068,2.1367,4.1731,23.780702,34.458,4.471,39.156,8.49,263.5502,0.12378,0.0179,0.103,0
2019-06-06T06:36:59Z,8.705,9.5062,1.8582,4.1875,23.812995,34.5,4.4844,39.271,8.489,263.3988,0.12367,0.0179,0.105,0
2019-06-06T06:36:59Z,8.741,9.5063,1.8697,4.2596,23.808688,34.5,4.4808,39.239,8.489,262.6795,0.12374,0.0179,0.11,0
2019-06-06T06:36:59Z,8.773,9.5065,1.8811,4.2596,23.81568,34.501,4.4845,39.271,8.49,262.5659,0.12386,0.0179,0.116,0
2019-06-06T06:36:59Z,8.799,9.5068,1.8811,4.3317,23.804292,34.501,4.4852,39.277,8.485,262.831,0.12385,0.0179,0.12,0
2019-06-06T06:36:59Z,8.821,9.508,1.8544,4.2164,23.763624,34.42,4.4797,39.229,8.487,262.831,0.12379,0.0179,0.121,0
2019-06-06T06:36:59Z,8.842,9.5085,1.7705,4.202,23.807057,34.5,4.4817,39.247,8.485,262.7552,0.12369,0.0179,0.118,0
2019-06-06T06:36:59Z,8.87,9.508,1.7438,4.2452,23.809477,34.499,4.4771,39.206,8.484,262.9824,0.12368,0.0179,0.115,0
2019-06-06T06:36:59Z,8.903,9.5086,1.7552,4.2741,23.790229,34.458,4.4711,39.154,8.482,261.6195,0.12363,0.0179,0.111,0
2019-06-06T06:36:59Z,8.932,9.5101,1.7476,4.1154,23.801393,34.499,4.4677,39.123,8.48,261.2409,0.12365,0.0179,0.107,0
2019-06-06T06:36:59Z,8.959,9.5099,1.7476,4.2308,23.765967,34.418,4.4636,39.088,8.482,261.4302,0.12378,0.0179,0.105,0
2019-06-06T06:36:59Z,8.986,9.5083,1.7743,4.2164,23.745464,34.416,4.467,39.118,8.478,260.7488,0.12377,0.0179,0.105,0
2019-06-06T06:36:59Z,9.011,9.5075,1.7743,4.2164,23.767674,34.416,4.4626,39.08,8.477,260.7867,0.12368,0.0179,0.107,0
2019-06-06T06:36:59Z,9.037,9.5074,1.7629,4.2452,23.797563,34.499,4.4542,39.009,8.476,261.9981,0.12365,0.0179,0.108,0
2019-06-06T06:36:59Z,9.069,9.5072,1.8239,4.2741,23.826738,34.5,4.4498,38.971,8.477,260.9759,0.12379,0.0179,0.11,0
2019-06-06T06:36:59Z,9.101,9.5071,1.8048,4.1731,23.820219,34.54,4.4516,38.989,8.474,262.5281,0.12383,0.0179,0.11,0
2019-06-06T06:36:59Z,9.129,9.5074,1.8201,4.2164,23.77606,34.419,4.455,39.023,8.473,260.7867,0.12365,0.0179,0.11,0
2019-06-06T06:36:59Z,9.157,9.5072,1.8124,4.2596,23.792842,34.5,4.452,39.004,8.473,260.9002,0.12367,0.0179,0.111,0
2019-06-06T06:36:59Z,9.181,9.5067,1.8773,4.2164,23.769716,34.418,4.4529,39.026,8.47,261.0517,0.12371,0.0179,0.111,0
2019-06-06T06:36:59Z,9.193,9.5066,1.9078,4.1154,23.804839,34.5,4.4526,39.034,8.47,260.7109,0.12362,0.0179,0.107,0
2019-06-06T06:36:59Z,9.199,9.5069,1.8887,4.3317,23.808367,34.5,4.4653,39.141,8.469,260.7488,0.12363,0.0179,0.098,0
2019-06-06T06:36:59Z,9.207,9.5074,1.8544,4.202,23.765327,34.419,4.4769,39.233,8.466,260.7488,0.12374,0.0179,0.085,0
2019-06-06T06:36:59Z,9.22,9.5088,1.698,4.2741,23.828784,34.541,4.4798,39.252,8.469,263.3988,0.12367,0.0179,0.072,0
2019-06-06T06:36:59Z,9.234,9.5104,1.6904,4.1875,23.818248,34.5,4.4832,39.275,8.469,262.7174,0.12362,0.0179,0.061,0
2019-06-06T06:36:59Z,9.245,9.511,1.7323,4.2164,23.808057,34.498,4.4861,39.294,8.468,262.7552,0.12364,0.0179,0.052,0
2019-06-06T06:36:59Z,9.246,9.5134,1.7209,4.2452,23.811848,34.496,4.4847,39.279,8.466,262.4902,0.12362,0.0179,0.043,0
2019-06-06T06:36:59Z,9.228,9.5179,1.6789,4.1875,23.813529,34.496,4.4824,39.258,8.466,262.3767,0.12369,0.0179,0.031,0
2019-06-06T06:36:59Z,9.182,9.526,1.5263,4.202,23.805964,34.493,4.477,39.21,8.466,261.5438,0.12356,0.0179,0.01,0
2019-06-06T06:36:59Z,9.09,9.5409,1.5111,4.1587,23.821261,34.489,4.4687,39.139,8.464,261.5438,0.12366,0.0179,-0.032,0
2019-06-06T06:36:59Z,9.026,9.5523,1.4996,4.375,23.883343,34.602,4.4573,39.043,8.464,265.9731,0.12375,0.0179,-0.081,0
2019-06-06T06:36:59Z,9.061,9.5484000000000009,1.5187,4.2452,23.817552,34.466,4.4588,39.058,8.461,264.9131,0.12362,0.0179,-0.107,0
2019-06-06T06:36:59Z,9.145,9.538,1.595,4.2741,23.755045,34.373,4.4525,39.011,8.459,264.6102,0.12368,0.0179,-0.097,0
2019-06-06T06:36:59Z,9.224,9.5308,1.6065,4.202,23.813044,34.458,4.4389,38.906,8.46,264.2695,0.12369,0.0179,-0.057,0
2019-06-06T06:36:59Z,9.288,9.5236,1.5836,4.1731,23.80461,34.469,4.4274,38.816,8.461,264.156,0.12372,0.0179,0.003,0
2019-06-06T06:36:59Z,9.341,9.5168,1.5569,4.1587,23.824778,34.476,4.3998,38.579,8.46,262.1874,0.12379,0.0179,0.076,0
2019-06-06T06:36:59Z,9.387,9.513,1.7056,4.2452,23.787948,34.483,4.3268,37.94,8.46,262.1874,0.12369,0.0179,0.148,0
2019-06-06T06:36:59Z,9.422,9.5122,1.6904,4.2164,23.850447,34.49,4.1108,36.046,8.455,261.7709,0.1237,0.0179,0.204,0
2019-06-06T06:36:59Z,9.442,9.5121,1.7171,4.1587,23.835854,34.615,3.6951,32.401,8.454,262.6795,0.12373,0.0179,0.219,0
