DateTime,Depth_m,Temp_C,Chla_ugL,Turbidity_NTU,Cond_uScm,SpCond_uScm,DO_mgL,DOsat_percent,pH,ORP_mV,PAR,Salinity,DescRate_ms ,Flag
2018-06-14T17:39:24Z,-0.11,25.5413,1.7161,0.5982,33.335188,33.158,8.1355,98.939,7.478,256.9133,285.91,1.7127283098482178,0.102,0
2018-06-14T17:39:24Z,-0.08,25.4223,1.6564,0.5782,33.314276,33.158,8.1428,98.971,7.484,254.9451,288.3,1.7170915305562156,0.092,0
2018-06-14T17:39:24Z,-0.057,25.3405,1.6291,0.6209,33.181019,33.038,8.1284,98.763,7.492,254.0763,290.12,1.7135154560954866,0.084,0
2018-06-14T17:39:24Z,-0.042,25.2951,1.6342,0.6567,33.05777,32.921,8.0738,98.085,7.496,254.496,291.24,1.7087572450384287,0.08,0
2018-06-14T17:39:24Z,-0.034,25.2602,1.6166,0.6452,32.967322,32.842,7.9896,97.031,7.496,255.4599,290.9,1.7056952890369912,0.082,0
2018-06-14T17:39:24Z,-0.022,25.2214,1.5816,0.6338,32.849567,32.752,7.9147,96.046,7.496,256.0089,274.02,1.7021667799907778,0.09,0
2018-06-14T17:39:24Z,0.005,25.2058,1.5693,0.6409,32.713675,32.666,7.8666,95.329,7.495,255.1967,234.87,1.6980065049275284,0.102,0
2018-06-14T17:39:24Z,0.042,25.2055,1.5692,0.6399,32.594445,32.619,7.8336,94.738,7.492,253.8142,200.49,1.6954321953949412,0.116,0
2018-06-14T17:39:24Z,0.078,25.1941,1.5715,0.6522,32.487574,32.598,7.8001,94.105,7.487,253.5754,185.12,1.6946916283214857,0.127,0
2018-06-14T17:39:24Z,0.112,25.1545,1.5692,0.6669,32.437567,32.634,7.7493,93.264,7.483,254.1169,176.33,1.698114860545413,0.13,0
2018-06-14T17:39:24Z,0.146,25.0792,1.5594,0.6655,32.497781,32.771,7.6794,92.225,7.481,255.0262,166.47,1.7084207403357567,0.125,0
2018-06-14T17:39:24Z,0.18,24.9654,1.5634,0.6665,32.580383,32.913,7.61,91.24,7.481,256.3097,159.45,1.7204638718353762,0.115,0
2018-06-14T17:39:24Z,0.21,24.8252,1.5902,0.678,32.54705,32.926,7.5547,90.459,7.482,256.6436,156.42,1.7263956939004526,0.106,0
2018-06-14T17:39:24Z,0.235,24.6873,1.617,0.6826,32.475751,32.896,7.5128,89.852,7.479,256.0517,154.63,1.7298798927181618,0.1,0
2018-06-14T17:39:24Z,0.255,24.567,1.6202,0.6617,32.4804,32.937,7.4795,89.364,7.471,255.9502,152.65,1.7366803045057821,0.097,0
2018-06-14T17:39:24Z,0.272,24.4796,1.6205,0.6384,32.476176,32.961,7.454,88.989,7.465,256.7076,149.71,1.7413176717515577,0.097,0
2018-06-14T17:39:24Z,0.294,24.4191,1.6306,0.645,32.424651,32.936,7.4353,88.7,7.462,257.9819,145.77,1.742207384865752,0.099,0
2018-06-14T17:39:24Z,0.325,24.3531,1.6317,0.6498,32.365461,32.901,7.4123,88.36,7.458,259.3969,141.69,1.7427461282105767,0.102,0
2018-06-14T17:39:24Z,0.357,24.2935,1.624,0.6361,32.332089,32.89,7.3788,87.905,7.453,260.3947,138.46,1.7443896541939556,0.102,0
2018-06-14T17:39:24Z,0.385,24.2595,1.6203,0.6315,32.33867,32.918,7.3384,87.373,7.449,260.5822,135.64,1.7472539640859346,0.094,0
2018-06-14T17:39:24Z,0.412,24.2201,1.6236,0.6254,32.317984,32.917,7.2893,86.74,7.45,259.944,133.44,1.7486976730470734,0.075,0
2018-06-14T17:39:24Z,0.436,24.1766,1.6461,0.6228,32.272474,32.89,7.2329,86.023,7.457,259.0446,131.85,1.7488369294986172,0.048,0
2018-06-14T17:39:24Z,0.448,24.1446,1.681,0.6311,32.232973,32.866,7.1825,85.383,7.466,258.3112,131.4,1.7487064537773296,0.018,0
2018-06-14T17:39:24Z,0.446,24.1135,1.6958,0.6335,32.221428,32.865,7.149,84.957,7.475,257.6162,133,1.749837380225453,-0.013,0
2018-06-14T17:39:24Z,0.434,24.0847,1.6966,0.622,32.259882,32.91,7.1448,84.895,7.482,257.6965,135.69,1.7534755695676356,-0.046,0
2018-06-14T17:39:24Z,0.414,24.0548,1.6993,0.6134,32.253342,32.906,7.1819,85.33,7.486,258.6796,138.41,1.7543958822476402,-0.075,0
2018-06-14T17:39:24Z,0.391,24.0283,1.7016,0.6207,32.205863,32.859,7.2574,86.224,7.484,259.178,141.91,1.7527592000783696,-0.092,0
2018-06-14T17:39:24Z,0.363,24.0097,1.6973,0.6187,32.257411,32.905,7.3556,87.406,7.476,258.6457,146.71,1.7560703683883212,-0.095,0
2018-06-14T17:39:24Z,0.327,24.0043,1.6832,0.6202,32.368526,33.002,7.4549,88.626,7.468,257.5784,151.26,1.761758262128352,-0.088,0
2018-06-14T17:39:24Z,0.292,24.0041,1.6688,0.6397,32.406162,33.02,7.54,89.69,7.465,257.028,153.51,1.762783777211251,-0.075,0
2018-06-14T17:39:24Z,0.277,23.9948,1.6526,0.6406,32.394936,32.986,7.601,90.472,7.466,258.101,153.95,1.761221100581571,-0.059,0
2018-06-14T17:39:24Z,0.276,24.0014,1.6343,0.6305,32.35985,32.924,7.6276,90.853,7.469,260.1404,154.63,1.7574640104081272,-0.043,0
2018-06-14T17:39:24Z,0.273,24.033,1.6208,0.6392,32.299532,32.833,7.6188,90.823,7.471,261.1226,154.95,1.7511137395192342,-0.028,0
2018-06-14T17:39:24Z,0.269,24.0646,1.6186,0.6549,32.300791,32.803,7.5848,90.498,7.471,260.5986,155.04,1.7482131454877856,-0.019,0
2018-06-14T17:39:24Z,0.264,24.0948,1.6268,0.6673,32.375119,32.848,7.5348,89.979,7.473,259.4831,156.66,1.749596942834078,-0.018,0
2018-06-14T17:39:24Z,0.257,24.1351,1.6283,0.6669,32.436134,32.883,7.4702,89.274,7.475,258.8207,158.19,1.7500299191786908,-0.019,0
2018-06-14T17:39:24Z,0.252,24.1788,1.6271,0.6507,32.466958,32.892,7.3884,88.352,7.476,259.6449,158.6,1.7488689329663367,-0.018,0
2018-06-14T17:39:24Z,0.247,24.2282,1.6307,0.624,32.49379,32.901,7.289,87.207,7.476,261.4469,159.25,1.7474926058280724,-0.017,0
2018-06-14T17:39:24Z,0.243,24.2779,1.6446,0.6188,32.506536,32.9,7.1817,85.957,7.474,262.4541,159.91,1.7455457637353486,-0.015,0
2018-06-14T17:39:24Z,0.24,24.3181,1.6747,0.6485,32.494064,32.878,7.0843,84.814,7.474,262.5311,160.45,1.7427849269514952,-0.013,0
2018-06-14T17:39:24Z,0.238,24.3506,1.6917,0.6476,32.470034,32.848,7.0118,83.959,7.474,262.0335,162.05,1.7398715807543808,-0.012,0
2018-06-14T17:39:24Z,0.235,24.377,1.6937,0.6073,32.470043,32.844,6.9743,83.519,7.473,261.1689,164.8,1.7386490237253018,-0.01,0
2018-06-14T17:39:24Z,0.232,24.3985,1.681,0.5891,32.494179,32.867,6.9723,83.499,7.472,261.1979,167.03,1.7391245371467932,-0.01,0
2018-06-14T17:39:24Z,0.23,24.4122,1.6489,0.6104,32.507819,32.882,6.9957,83.776,7.471,262.1262,167.63,1.7394465448187288,-0.009,0
2018-06-14T17:39:24Z,0.227,24.42,1.6364,0.6517,32.507924,32.886,7.0325,84.206,7.471,262.9282,167.24,1.7393756821849586,-0.008,0
2018-06-14T17:39:24Z,0.225,24.4254,1.6392,0.6613,32.495439,32.878,7.0742,84.694,7.471,263.3233,167.09,1.7387239573960727,-0.007,0
2018-06-14T17:39:24Z,0.223,24.4291,1.6462,0.6346,32.483891,32.868,7.1144,85.172,7.471,263.3758,167.52,1.738024661787864,-0.006,0
2018-06-14T17:39:24Z,0.222,24.4276,1.675,0.6343,32.495326,32.877,7.1459,85.556,7.471,263.1324,167.65,1.7385849688356463,-0.005,0
2018-06-14T17:39:24Z,0.221,24.4187,1.7032,0.6574,32.506673,32.881,7.1653,85.806,7.472,262.3601,167.67,1.7391450794134586,-0.003,0
2018-06-14T17:39:24Z,0.221,24.4092,1.7111,0.6695,32.494074,32.858,7.1779,85.982,7.474,261.4374,168.47,1.7382165275522006,-0.003,0
2018-06-14T17:39:24Z,0.221,24.4069,1.7071,0.6583,32.470031,32.822,7.1898,86.151,7.476,261.2679,169.2,1.736288100766144,-0.002,0
2018-06-14T17:39:24Z,0.22,24.4115,1.6998,0.6441,32.47004,32.812,7.1999,86.297,7.476,261.4304,169.86,1.7355548466748774,-0.002,0
2018-06-14T17:39:24Z,0.219,24.4224,1.6968,0.651,32.494196,32.826,7.2049,86.382,7.477,261.7659,170.95,1.735927324480191,-0.002,0
2018-06-14T17:39:24Z,0.218,24.4401,1.6988,0.6499,32.508063,32.83,7.2019,86.369,7.477,262.3996,171.74,1.7354837644229748,-0.003,0
2018-06-14T17:39:24Z,0.218,24.4576,1.6862,0.6308,32.510696,32.825,7.186,86.199,7.475,261.6064,172.33,1.7345447124827982,-0.003,0
2018-06-14T17:39:24Z,0.217,24.4724,1.6453,0.6029,32.526049,32.831,7.1543,85.84,7.473,259.5753,172.58,1.7343228414040008,-0.004,0
2018-06-14T17:39:24Z,0.216,24.489,1.6187,0.5881,32.566674,32.861,7.107,85.3,7.471,258.7488,172.49,1.7353744648806058,-0.005,0
2018-06-14T17:39:24Z,0.216,24.5039,1.6214,0.6044,32.620844,32.903,7.0444,84.578,7.471,258.9263,172.83,1.73715982894723,-0.008,0
2018-06-14T17:39:24Z,0.215,24.515,1.6226,0.6165,32.672931,32.944,6.9714,83.73,7.469,259.4855,173.95,1.739031715420019,-0.011,0
2018-06-14T17:39:24Z,0.212,24.5279,1.6331,0.6121,32.688369,32.948,6.8944,82.83,7.466,260.3477,174.85,1.7387685454089017,-0.016,0
2018-06-14T17:39:24Z,0.207,24.5454,1.6657,0.613,32.680504,32.931,6.812,81.862,7.463,259.6278,175.02,1.7371597947578528,-0.021,0
2018-06-14T17:39:24Z,0.201,24.5651,1.6952,0.627,32.70487,32.951,6.7295,80.882,7.458,257.321,176.47,1.7375340019431487,-0.025,0
2018-06-14T17:39:24Z,0.192,24.5835,1.7047,0.6592,32.728931,32.971,6.657,80.02,7.453,256.0306,179.63,1.737956856046054,-0.029,0
2018-06-14T17:39:24Z,0.182,24.6013,1.6988,0.6969,32.717386,32.956,6.5937,79.266,7.45,256.588,182.1,1.7364504390542963,-0.031,0
2018-06-14T17:39:24Z,0.175,24.6149,1.6888,0.686,32.692305,32.927,6.5348,78.565,7.449,257.6937,184.35,1.7343225404527252,-0.031,0
2018-06-14T17:39:24Z,0.169,24.6225,1.6935,0.65,32.679726,32.912,6.4808,77.92,7.448,258.2145,187.58,1.7332011885184908,-0.029,0
2018-06-14T17:39:24Z,0.159,24.6276,1.7089,0.6579,32.692325,32.923,6.4322,77.34,7.447,257.8942,189.58,1.733622897100656,-0.024,0
2018-06-14T17:39:24Z,0.149,24.6314,1.7089,0.6896,32.717625,32.944,6.389,76.83,7.445,256.919,189.95,1.7346504928857276,-0.02,0
2018-06-14T17:39:24Z,0.146,24.6371,1.6939,0.6987,32.731575,32.952,6.3508,76.385,7.445,256.1456,189.47,1.7348821094655973,-0.016,0
2018-06-14T17:39:24Z,0.146,24.6422,1.684,0.676,32.733983,32.95,6.3128,75.937,7.444,256.0281,188.58,1.7345790490767121,-0.013,0
2018-06-14T17:39:24Z,0.146,24.6415,1.6818,0.6591,32.746747,32.96,6.2699,75.427,7.44,256.1865,188.83,1.7351624070656428,-0.009,0
2018-06-14T17:39:24Z,0.143,24.6483,1.6766,0.6471,32.758887,32.969,6.2211,74.847,7.436,256.6838,190.35,1.7354083490905663,-0.006,0
2018-06-14T17:39:24Z,0.14,24.6616,1.6753,0.6224,32.753743,32.96,6.1673,74.208,7.432,257.3958,191.83,1.7344076160545874,-0.006,0
2018-06-14T17:39:24Z,0.138,24.6668,1.685,0.6044,32.748065,32.95,6.1112,73.539,7.429,257.654,192.84,1.7336556170825386,-0.006,0
2018-06-14T17:39:24Z,0.138,24.6704,1.6925,0.61240000000000006,32.753753,32.954,6.0563,72.882,7.427,257.3108,193.86,1.733743236038891,-0.005,0
2018-06-14T17:39:24Z,0.137,24.6761,1.7016,0.6284,32.759006,32.958,6.0044,72.261,7.424,256.9455,194.08,1.7337520358227867,-0.003,0
2018-06-14T17:39:24Z,0.137,24.682,1.7131,0.614,32.748073,32.948,5.9574,71.696,7.42,256.7645,193.6,1.732974079237573,-0.002,0
2018-06-14T17:39:24Z,0.136,24.6872,1.7118,0.5911,32.748593,32.948,5.9174,71.214,7.42,256.5851,193.07,1.7327790772291658,-0.002,0
2018-06-14T17:39:24Z,0.136,24.6901,1.7038,0.5957,32.76529,32.965,5.884,70.812,7.422,257.4435,192.49,1.7336163985845996,-0.002,0
2018-06-14T17:39:24Z,0.135,24.6916,1.6995,0.6091,32.759412,32.959,5.8554,70.467,7.425,259.142,193.39,1.7332262408563295,-0.003,0
2018-06-14T17:39:24Z,0.134,24.6922,1.6963,0.6005,32.741042,32.939,5.8324,70.192,7.428,259.655,195.47,1.7320908392674796,-0.003,0
2018-06-14T17:39:24Z,0.134,24.6921,1.6924,0.582,32.733716,32.931,5.8127,69.958,7.43,259.3443,196.59,1.731649450840369,-0.004,0
2018-06-14T17:39:24Z,0.133,24.6915,1.6889,0.5692,32.734351,32.93,5.795,69.748,7.432,258.8264,196.6,1.7316163059785914,-0.005,0
2018-06-14T17:39:24Z,0.131,24.6915,1.6918,0.5981,32.748721,32.943,5.7842,69.621,7.435,258.04,196.88,1.7323397108366865,-0.005,0
2018-06-14T17:39:24Z,0.13,24.6926,1.6999,0.6561,32.780434,32.973,5.778,69.55,7.437,258.9564,198.15,1.7339679081279686,-0.005,0
2018-06-14T17:39:24Z,0.128,24.6942,1.704,0.6611,32.800237,32.99,5.7723,69.486,7.437,261.3014,198.55,1.7348539022774174,-0.004,0
2018-06-14T17:39:24Z,0.127,24.6965,1.7042,0.6277,32.797613,32.985,5.7695,69.457,7.437,262.3024,197.63,1.734489376685428,-0.004,0
2018-06-14T17:39:24Z,0.126,24.6995,1.7027,0.6187,32.812224,32.996,5.7698,69.467,7.438,262.1978,197.72,1.7349888768654542,-0.003,0
2018-06-14T17:39:24Z,0.126,24.7029,1.7033,0.6439,32.849884,33.03,5.7719,69.501,7.438,261.5857,198.44,1.73675303999672,-0.003,0
2018-06-14T17:39:24Z,0.126,24.7061,1.7115,0.6582,32.871878,33.048,5.7768,69.569,7.439,260.4937,198.31,1.7376343285403901,-0.002,0
2018-06-14T17:39:24Z,0.125,24.7095,1.7199,0.6387,32.887619,33.058,5.783,69.654,7.44,260.9543,198.26,1.7380629170708661,-0.002,0
2018-06-14T17:39:24Z,0.124,24.7142,1.7123,0.6211,32.913197,33.078,5.7909,69.761,7.442,262.9393,198.77,1.7389988892441575,-0.003,0
2018-06-14T17:39:24Z,0.123,24.7206,1.7029,0.6296,32.927088,33.086,5.8019,69.904,7.442,264.1021,199.02,1.739203205396805,-0.005,0
2018-06-14T17:39:24Z,0.122,24.7283,1.7077,0.6501,32.928565999999996,33.082,5.813,70.048,7.441,263.8296,199.21,1.738691128812474,-0.008,0
2018-06-14T17:39:24Z,0.121,24.7366,1.7056,0.6542,32.931075,33.08,5.8255,70.207,7.439,263.0001,199.84,1.7382678746299947,-0.011,0
2018-06-14T17:39:24Z,0.118,24.7452,1.6962,0.6487,32.957424,33.103,5.8419,70.412,7.438,262.6757,200.18,1.7392235096627202,-0.014,0
2018-06-14T17:39:24Z,0.114,24.7533,1.7039,0.6454,32.993108,33.136,5.8608,70.646,7.437,262.8334,200.45,1.7407535651965795,-0.019,0
2018-06-14T17:39:24Z,0.108,24.7615,1.7345,0.6142,32.981445,33.122,5.8823,70.911,7.434,263.1854,201.77,1.7396669297377856,-0.024,0
2018-06-14T17:39:24Z,0.102,24.7688,1.7622,0.576,32.943442,33.08,5.9055,71.198,7.431,263.8339,203.08,1.7370585823146336,-0.026,0
2018-06-14T17:39:24Z,0.094,24.7729,1.7634,0.5807,32.914696,33.045,5.9246,71.441,7.428,264.2217,204.31,1.7349601190960409,-0.025,0
2018-06-14T17:39:24Z,0.084,24.7786,1.7594,0.6093,32.887946,33.011,5.9343,71.572,7.425,264.2611,207.2,1.7328578450025351,-0.021,0
2018-06-14T17:39:24Z,0.075,24.7824,1.7499,0.6174,32.874068,32.992,5.9321,71.553,7.421,264.0517,209.75,1.7316604512947023,-0.015,0
2018-06-14T17:39:24Z,0.072,24.7859,1.722,0.6178,32.873932,32.99,5.9146,71.347,7.416,263.3241,209.87,1.731418470897849,-0.008,0
2018-06-14T17:39:24Z,0.074,24.7968,1.7072,0.6438,32.886307,33.001,5.8845,70.987,7.415,262.6918,207.41,1.731621429354247,-0.003,0
2018-06-14T17:39:24Z,0.078,24.81,1.6997,0.6573,32.896668,33.011,5.8485,70.554,7.416,262.7728,206.76,1.7316827818163105,0.002,0
2018-06-14T17:39:24Z,0.081,24.8172,1.7042,0.6594,32.872183,32.986,5.8094,70.082,7.416,263.0998,209.17,1.730025943684426,0.004,0
2018-06-14T17:39:24Z,0.081,24.8175,1.7434,0.6696,32.717285,32.83,5.7684,69.59,7.415,263.5477,207.54,1.72135847478004,0.004,0
2018-06-14T17:39:24Z,0.081,24.8215,1.7689,0.6584,32.421086,32.545,5.732,69.126,7.415,264.1451,205.08,1.7054045685397097,0.002,0
2018-06-14T17:39:24Z,0.081,24.8205,1.764,0.6459,32.2124,32.394,5.7574,69.315,7.416,263.3529,205.91,1.6970712477563883,0,0
2018-06-14T17:39:24Z,0.082,24.8211,1.7491,0.6402,32.162859,32.45,5.9624,71.561,7.417,261.5409,206.61,1.700153038451888,-0.001,0
2018-06-14T17:39:24Z,0.082,24.8248,1.7175,0.6195,32.139475,32.529,6.3986,76.573,7.418,261.0786,205.51,1.7043960682775576,-0.002,0
2018-06-14T17:39:24Z,0.081,24.8321,1.6947,0.6093,32.120051,32.574,6.9872,83.469,7.418,261.4637,202.26,1.7066216856913778,-0.003,0
2018-06-14T17:39:24Z,0.08,24.7532,1.6937,0.6083,32.118445,32.611,7.6144,90.864,7.418,262.1533,201.36,1.7115876018651024,-0.004,0
2018-06-14T17:39:24Z,0.078,24.5422,1.6874,0.6074,32.120006,32.641,8.198,97.751,7.418,263.2215,203.34,1.721098162083433,-0.004,0
2018-06-14T17:39:24Z,0.076,24.368,1.6823,0.6291,32.138881,32.685,8.6887,103.531,7.418,262.592,202.85,1.7300850196159487,-0.004,0
2018-06-14T17:39:24Z,0.075,24.286,1.6875,0.6571,32.156099,32.722,9.055,107.84,7.42,260.4786,201.74,1.7352505000725473,-0.004,0
2018-06-14T17:39:24Z,0.075,24.2344,1.6954,0.6717,32.137625,32.712,9.2696,110.37,7.423,259.6082,201.48,1.7366398800016358,-0.003,0
2018-06-14T17:39:24Z,0.075,24.1939,1.7036,0.6522,32.106027,32.677,9.3298,111.096,7.425,259.8981,199.98,1.7362055435702795,-0.002,0
2018-06-14T17:39:24Z,0.074,24.1559,1.7036,0.6055,32.091609,32.652,9.281,110.546,7.427,260.5412,197.96,1.7362381591323652,-0.001,0
2018-06-14T17:39:24Z,0.073,24.1222,1.705,0.5955,32.090338,32.638,9.1831,109.419,7.428,261.5336,196.47,1.7367269750928664,-0.001,0
2018-06-14T17:39:24Z,0.073,24.1095,1.712,0.6224,32.090684,32.627,9.0756,108.173,7.43,262.0893,196.07,1.7365889467799551,-0,0
2018-06-14T17:39:24Z,0.073,24.1178,1.7143,0.6255,32.095806,32.625,8.9819,107.077,7.432,261.5811,195.69,1.7361617290835556,0.001,0
2018-06-14T17:39:24Z,0.074,24.1346,1.7332,0.6028,32.088763,32.616,8.907,106.191,7.432,260.3786,194.59,1.7350187088866111,0.001,0
2018-06-14T17:39:24Z,0.074,24.1555,1.7657,0.5916,32.069038,32.598,8.8413,105.402,7.433,259.682,194.04,1.7332150558569728,0.002,0
2018-06-14T17:39:24Z,0.075,24.1753,1.7757,0.6128,32.047848,32.583,8.783,104.687,7.435,259.7842,195.13,1.7316232377258256,0.002,0
2018-06-14T17:39:24Z,0.075,24.1863,1.7722,0.6451,32.023081,32.575,8.7383,104.105,7.438,260.1511,196.8,1.7307581829125673,0.001,0
2018-06-14T17:39:24Z,0.075,24.187,1.7696,0.6465,32.023596,32.6,8.7079,103.67,7.438,260.5042,197.59,1.7321372749476995,0.001,0
2018-06-14T17:39:24Z,0.076,24.1848,1.7622,0.6294,32.054036,32.655,8.6886,103.371,7.439,260.8702,197.8,1.7353128819973564,0,0
2018-06-14T17:39:24Z,0.076,24.1791,1.7564,0.6215,32.073543,32.686,8.6753,103.18,7.44,261.04880000000003,198.4,1.7372720225570517,2.2167e-8,0
2018-06-14T17:39:24Z,0.075,24.1552,1.7639,0.6424,32.068913,32.68,8.664,103.05,7.44,260.7717,199.45,1.7378401969777015,2.4384e-7,0
2018-06-14T17:39:24Z,0.075,24.1089,1.761,0.6686,32.061568,32.667,8.6539,102.946,7.44,260.5311,199.55,1.738864597248316,6.1639e-7,0
2018-06-14T17:39:24Z,0.075,24.065,1.7215,0.6629,32.04825,32.65,8.6458,102.857,7.441,260.54880000000003,198.33,1.7395738105257381,0,0
2018-06-14T17:39:24Z,0.075,24.0492,1.6902,0.6352,32.034915,32.64,8.6383,102.761,7.441,260.6416,196.56,1.7396103704964816,0,0
2018-06-14T17:39:24Z,0.075,24.0575,1.6947,0.6086,32.027355,32.637,8.6293,102.639,7.441,261.3941,194.6,1.7391257928473831,0.001,0
2018-06-14T17:39:24Z,0.076,24.0698,1.7215,0.6154,32.020341,32.632,8.6186,102.504,7.442,262.4203,192.86,1.7383767182420848,0.001,0
2018-06-14T17:39:24Z,0.076,24.0761,1.7465,0.6261,32.013613,32.627,8.6066,102.358,7.442,262.6391,192.16,1.7378557277400686,0.001,0
2018-06-14T17:39:24Z,0.076,24.0696,1.7498,0.6166,32.009514,32.623,8.5966,102.236,7.443,262.5769,192.26,1.7378769749257537,0.001,0
2018-06-14T17:39:24Z,0.076,24.0581,1.7517,0.6222,32.034293,32.648,8.5943,102.21,7.443,262.3554,193.36,1.739723236256481,0.001,0
2018-06-14T17:39:24Z,0.076,24.0554,1.7418,0.6329,32.059175,32.673,8.6012,102.294,7.443,261.7688,195.37,1.741235651941595,0.001,0
2018-06-14T17:39:24Z,0.077,24.0549,1.7132,0.6243,32.056315,32.67,8.6112,102.413,7.443,262.2811,195.76,1.7410855064604704,0.002,0
2018-06-14T17:39:24Z,0.078,24.0525,1.7004,0.6088,32.063224,32.675,8.6178,102.498,7.442,263.9034,194.32,1.7414587698210113,0.006,0
2018-06-14T17:39:24Z,0.078,24.0539,1.697,0.5979,32.079197,32.684,8.6187,102.527,7.439,264.5202,194,1.7419130774590172,0.012,0
2018-06-14T17:39:24Z,0.079,24.0559,1.6902,0.5851,32.058927,32.659,8.6152,102.5,7.432,263.8885,193.4,1.7404271168394243,0.022,0
2018-06-14T17:39:24Z,0.083,24.0538,1.7013,0.5764,32.008683,32.614,8.6099,102.419,7.421,263.1487,188.65,1.7379692919329763,0.034,0
2018-06-14T17:39:24Z,0.093,24.0536,1.7298,0.5844,31.979772,32.598,8.6039,102.306,7.405,262.9742,182.09,1.7370745340166414,0.047,0
2018-06-14T17:39:24Z,0.108,24.0683,1.7497,0.5897,31.963388,32.598,8.5996,102.211,7.39,264.1884,177.43,1.7365165058975713,0.06,0
2018-06-14T17:39:24Z,0.127,24.0829,1.758,0.6091,31.937586,32.589,8.5963,102.121,7.374,266.2138,173.83,1.7354554411692895,0.071,0
2018-06-14T17:39:24Z,0.15,24.0711,1.7847,0.6973,31.921813,32.595,8.5938,102.026,7.361,267.1578,170.63,1.736240495158008,0.08,0
2018-06-14T17:39:24Z,0.173,24.0433,1.8242,0.8023,31.899671,32.599,8.5947,101.962,7.359,267.1704,167.96,1.737520370652733,0.087,0
2018-06-14T17:39:24Z,0.195,24.0216,1.8322,0.84,31.860359,32.583,8.5991,101.946,7.364,267.3129,164.51,1.7374414050999394,0.094,0
2018-06-14T17:39:24Z,0.218,23.9988,1.8253,0.8481,31.827522,32.567,8.6054,101.971,7.364,267.5903,160.61,1.7374039118472486,0.102,0
2018-06-14T17:39:24Z,0.241,23.9624,1.8511,0.8096,31.820167,32.572,8.613,102.025,7.361,268.0288,156.29,1.7390697256324776,0.106,0
2018-06-14T17:39:24Z,0.269,23.9197,1.8957,0.7104,31.834913,32.597,8.6195,102.073,7.364,269.0878,151.02,1.7421089533257488,0.106,0
2018-06-14T17:39:24Z,0.306,23.8812,1.9142,0.6557,31.815278,32.586,8.6226,102.085,7.372,270.4129,146.7,1.7429548842333928,0.106,0
2018-06-14T17:39:24Z,0.34,23.8574,1.9102,0.6362,31.773282,32.558,8.6241,102.057,7.38,271.2319,144.75,1.742277597065825,0.106,0
2018-06-14T17:39:24Z,0.359,23.841,1.902,0.6268,31.771687,32.582,8.6233,101.974,7.387,271.5904,143.38,1.744263228119702,0.104,0
2018-06-14T17:39:24Z,0.377,23.8233,1.8885,0.6335,31.795945,32.632,8.6169,101.828,7.392,271.65,139.81,1.7477737054370202,0.098,0
2018-06-14T17:39:24Z,0.405,23.8157,1.8846,0.6251,31.812519,32.663,8.6079,101.682,7.395,271.0916,135.56,1.7498217302850791,0.089,0
2018-06-14T17:39:24Z,0.435,23.7984,1.8925,0.6169,31.78153,32.637,8.6026,101.602,7.398,270.5178,133.22,1.7490105627127517,0.084,0
2018-06-14T17:39:24Z,0.456,23.7488,1.8917,0.5961,31.738805,32.602,8.6039,101.593,7.399,271.0791,132.17,1.7489276269254763,0.085,0
2018-06-14T17:39:24Z,0.471,23.7054,1.8937,0.5866,31.740494,32.617,8.6096,101.622,7.399,271.9411,131.45,1.7514470502831871,0.089,0
2018-06-14T17:39:24Z,0.486,23.6881,1.9071,0.6245,31.738412,32.625,8.6162,101.67,7.398,272.4224,130.17,1.7525673010035974,0.09,0
2018-06-14T17:39:24Z,0.509,23.6851,1.9062,0.658,31.713613,32.605,8.6245,101.754,7.397,272.8553,127.69,1.7515454633945582,0.091,0
2018-06-14T17:39:24Z,0.54,23.6764,1.8912,0.656,31.694691,32.593,8.6352,101.858,7.397,272.2712,124.79,1.7511973704246484,0.095,0
2018-06-14T17:39:24Z,0.571,23.6481,1.8826,0.63,31.700143,32.612,8.6449,101.933,7.397,270.8657,122.49,1.7533672071827002,0.097,0
2018-06-14T17:39:24Z,0.596,23.6298,1.8851,0.6189,31.716,32.642,8.6501,101.955,7.397,270.3164,120.54,1.7557800331265996,0.096,0
2018-06-14T17:39:24Z,0.617,23.6305,1.8941,0.613,31.695867,32.632,8.6486,101.907,7.396,270.5336,118.52,1.7551834602946943,0.092,0
2018-06-14T17:39:24Z,0.639,23.621,1.8996,0.5894,31.647229,32.6,8.6416,101.774,7.395,271.3416,116.83,1.7537279109226274,0.087,0
2018-06-14T17:39:24Z,0.659,23.5948,1.9142,0.6082,31.63598,32.622,8.6315,101.557,7.394,272.6859,115.34,1.7559917124488615,0.083,0
2018-06-14T17:39:24Z,0.678,23.5729,1.9512,0.6572,31.686821,32.721,8.6206,101.3,7.392,273.5371,113.55,1.7624807043617279,0.082,0
2018-06-14T17:39:24Z,0.7,23.5619,1.9801,0.6628,31.753804,32.833,8.6141,101.103,7.388,272.5991,111.72,1.7692939675431658,0.083,0
2018-06-14T17:39:24Z,0.724,23.545,1.9885,0.6457,31.747194,32.862,8.616,101.024,7.384,270.4659,110.17,1.7716065259370386,0.084,0
2018-06-14T17:39:24Z,0.744,23.4893,2.0145,0.6947,31.670365,32.813,8.6221,101.009,7.382,269.5984,108.57,1.7709820069733997,0.085,0
2018-06-14T17:39:24Z,0.764,23.409300000000002,2.0651,0.7965,31.650457,32.819,8.6251,100.971,7.382,270.3696,106.57,1.7744518740394837,0.087,0
2018-06-14T17:39:24Z,0.787,23.3474,2.0949,0.8399,31.696981,32.891,8.6282,100.939,7.378,271.6173,104.8,1.7810038646450321,0.089,0
2018-06-14T17:39:24Z,0.809,23.2967,2.0999,0.8219,31.724763,32.946,8.6467,101.082,7.373,272.2939,103.47,1.786155538094698,0.089,0
2018-06-14T17:39:24Z,0.831,23.2502,2.1257,0.8239,31.7323,32.979,8.6963,101.592,7.372,271.8397,101.52,1.789888363515959,0.084,0
2018-06-14T17:39:24Z,0.857,23.2125,2.1765,0.8331,31.724568,32.984,8.7804,102.537,7.374,270.686,99.031,1.7916688953817987,0.073,0
2018-06-14T17:39:24Z,0.884,23.1805,2.209,0.8118,31.694764,32.952,8.8914,103.838,7.378,269.8737,97.57,1.7910967411030263,0.058,0
2018-06-14T17:39:24Z,0.899,23.1423,2.2157,0.8108,31.689484,32.935,9.0179,105.349,7.382,269.8467,97.519,1.7916335950527627,0.04,0
2018-06-14T17:39:24Z,0.902,23.0965,2.1935,0.7893,31.724259,32.949,9.1438,106.886,7.386,270.188,97.939,1.7942601479199136,0.024,0
2018-06-14T17:39:24Z,0.9,23.0763,2.151,0.705,31.734194,32.933,9.2513,108.219,7.389,270.4731,98.501,1.7941413839404323,0.013,0
2018-06-14T17:39:24Z,0.895,23.084,2.1337,0.6464,31.682627,32.872,9.324,109.092,7.389,271.0561,99.403,1.7903182726591944,0.011,0
2018-06-14T17:39:24Z,0.89,23.0964,2.1398,0.6292,31.545344,32.745,9.347,109.312,7.386,271.817,99.826,1.7825079718977799,0.021,0
2018-06-14T17:39:24Z,0.893,23.1307,2.1516,0.6188,31.34448,32.567,9.3235,108.946,7.384,271.844,98.942,1.7709075569328454,0.039,0
2018-06-14T17:39:24Z,0.908,23.1873,2.1756,0.674,31.222727,32.483,9.2786,108.296,7.381,271.6398,97.277,1.7638611254240866,0.059,0
2018-06-14T17:39:24Z,0.929,23.2003,2.2097,0.8077,31.216341,32.523,9.2331,107.623,7.377,271.5852,95.128,1.7656513440731632,0.079,0
2018-06-14T17:39:24Z,0.956,23.1656,2.2331,0.8926,31.267199,32.616,9.1969,107.083,7.373,271.6143,92.59,1.7723557238737713,0.096,0
2018-06-14T17:39:24Z,0.987,23.1242,2.247,0.877,31.329524,32.711,9.1782,106.775,7.371,272.8524,90.371,1.7794504012814651,0.108,0
2018-06-14T17:39:24Z,1.016,23.06,2.3683,0.833,31.334791,32.748,9.1796,106.695,7.369,274.6818,88.461,1.784117917299919,0.115,0
2018-06-14T17:39:24Z,1.043,22.9792,2.5971,0.8175,31.330827,32.782,9.1945,106.755,7.369,275.1478,86.411,1.789284182163489,0.117,0
2018-06-14T17:39:24Z,1.072,22.9219,2.7254,0.8117,31.345048,32.834,9.2122,106.851,7.371,274.8733,84.016,1.7945713801446024,0.114,0
2018-06-14T17:39:24Z,1.107,22.8861,2.7529,0.8247,31.31616,32.833,9.2233,106.894,7.373,274.4606,81.452,1.7959418743308304,0.109,0
2018-06-14T17:39:24Z,1.14,22.8414,2.8554,0.8526,31.299058,32.837,9.2206,106.799,7.374,273.7718,79.494,1.7979600046245945,0.104,0
2018-06-14T17:39:24Z,1.164,22.7802,3.0269,0.8436,31.328765,32.887,9.2056,106.568,7.375,274.6328,78.151,1.8033135738663428,0.099,0
2018-06-14T17:39:24Z,1.183,22.7211,3.117,0.8385,31.42128,33.009,9.1864,106.274,7.374,276.9551,76.715,1.8127820565215473,0.094,0
2018-06-14T17:39:24Z,1.204,22.6802,3.1364,0.8515,31.592001,33.228,9.1697,105.967,7.372,278.1899,75.224,1.8271831161001462,0.089,0
2018-06-14T17:39:24Z,1.226,22.6527,3.2986,0.8484,31.741649,33.442,9.1592,105.682,7.369,278.3766,73.815,1.8407740988179109,0.089,0
2018-06-14T17:39:24Z,1.248,22.6278,3.5891,0.831,31.769861,33.537,9.1559,105.458,7.365,278.0086,72.298,1.8473379576882676,0.092,0
2018-06-14T17:39:24Z,1.272,22.5971,3.7443,0.824,31.678981,33.504,9.1569,105.288,7.36,277.0957,70.693,1.8466787891587841,0.096,0
2018-06-14T17:39:24Z,1.298,22.5444,3.788,0.8259,31.531886,33.413,9.1588,105.126,7.356,277.4065,69.105,1.8435381919618785,0.098,0
2018-06-14T17:39:24Z,1.324,22.4576,4.0808,0.8233,31.324965,33.268,9.1666,105.002,7.352,279.0128,67.548,1.8386356708353657,0.099,0
2018-06-14T17:39:24Z,1.35,22.3557,4.6,0.8224,31.082276,33.095,9.1902,105.028,7.348,279.9972,66.035,1.8326935703903993,0.099,0
2018-06-14T17:39:24Z,1.376,22.2704,4.8742,0.8153,30.883738,32.971,9.2405,105.348,7.345,280.1884,64.652,1.828921380702953,0.097,0
2018-06-14T17:39:24Z,1.401,22.1875,4.8962,0.7982,30.702563,32.862,9.3288,106.107,7.34,280.2062,63.338,1.8259182762450583,0.095,0
2018-06-14T17:39:24Z,1.426,22.0794,4.9027,0.7989,30.479283,32.702,9.459,107.352,7.332,280.2122,62.118,1.8209314286048293,0.095,0
2018-06-14T17:39:24Z,1.447,21.9564,4.9249,0.8846,30.279682,32.568,9.627,109.017,7.322,280.4342,61.02,1.8180668529650763,0.096,0
2018-06-14T17:39:24Z,1.467,21.8267,4.962,1.0112,30.194268,32.563,9.8273,111.017,7.314,280.5663,59.743,1.8231033378762915,0.098,0
2018-06-14T17:39:24Z,1.493,21.7042,4.9759,1.0472,30.145005,32.595,10.0478,113.241,7.309,280.7772,58.132,1.8300653423636768,0.102,0
2018-06-14T17:39:24Z,1.523,21.5952,4.9546,1.0153,30.064977,32.585,10.27,115.501,7.305,281.4358,56.612,1.833996367115878,0.109,0
2018-06-14T17:39:24Z,1.551,21.4877,4.7964,1.0221,29.988622,32.589,10.4786,117.567,7.302,282.1625,55.346,1.8387170127406056,0.117,0
2018-06-14T17:39:24Z,1.578,21.3591,4.5156,1.0679,29.920246,32.628,10.6546,119.169,7.299,282.938,53.722,1.846440184332261,0.122,0
2018-06-14T17:39:24Z,1.612,21.2254,4.3616,1.0811,29.873142,32.699,10.7739,120.096,7.295,283.4994,51.717,1.8563429053072271,0.126,0
2018-06-14T17:39:24Z,1.651,21.1335,4.3316,1.0593,29.863468,32.804,10.8224,120.26,7.29,282.6697,49.98,1.8665673196497503,0.13,0
2018-06-14T17:39:24Z,1.684,21.0273,4.1338,1.048,29.866648,32.924,10.7956,119.582,7.284,281.2518,48.602,1.8783547434403478,0.133,0
2018-06-14T17:39:24Z,1.713,20.8514,3.7806,1.0364,29.847947,33.034,10.6947,118.048,7.279,281.3266,47.114,1.8926167571215908,0.132,0
2018-06-14T17:39:24Z,1.748,20.6634,3.5997,1.0114,29.827697,33.135,10.5282,115.821,7.272,282.1108,45.403,1.9069690963952506,0.128,0
2018-06-14T17:39:24Z,1.786,20.5152,3.5728,0.9891,29.812169,33.222,10.312,113.126,7.262,282.5605,43.915,1.9188153862993158,0.124,0
2018-06-14T17:39:24Z,1.818,20.3636,3.4011,0.9811,29.787094,33.312,10.066,110.081,7.252,283.3218,42.874,1.9310733239108482,0.124,0
2018-06-14T17:39:24Z,1.843,20.1713,3.1037,1.006,29.778399,33.471,9.805,106.751,7.242,283.4002,41.864,1.9495042899230508,0.125,0
2018-06-14T17:39:24Z,1.87,19.9845,2.9457,1.0455,29.770339,33.658,9.5417,103.345,7.231,282.2187,40.577,1.9695758873586497,0.124,0
2018-06-14T17:39:24Z,1.904,19.8689,2.9152,1.0622,29.752919,33.824,9.2887,100.113,7.221,281.5976,39.198,1.985207421531749,0.121,0
2018-06-14T17:39:24Z,1.941,19.7394,2.7535,1.0556,29.758073,33.987,9.048,97.115,7.213,281.6543,37.948,2.001385568541613,0.117,0
2018-06-14T17:39:24Z,1.975,19.4943,2.4615,1.0565,29.768971,34.126,8.8155,94.307,7.206,281.6144,36.975,2.0216269387551544,0.112,0
2018-06-14T17:39:24Z,2.003,19.2105,2.2974,1.0736,29.757531,34.207,8.5924,91.692,7.201,282.0618,36.198,2.040279883027659,0.102,0
2018-06-14T17:39:24Z,2.027,18.9637,2.2763,1.08,29.746655,34.263,8.3826,89.293,7.196,282.9331,35.632,2.0557633511432867,0.091,0
2018-06-14T17:39:24Z,2.045,18.7612,2.2705,1.0724,29.7644,34.333,8.1881,87.111,7.191,282.8571,35.236,2.0701238503768993,0.082,0
2018-06-14T17:39:24Z,2.061,18.596,2.2545,1.0427,29.781525,34.39,8.0167,85.205,7.185,281.9179,34.729,2.0819240742062894,0.079,0
2018-06-14T17:39:24Z,2.077,18.4799,2.2307,1.0258,29.763153,34.407,7.8767,83.635,7.178,281.4722,34.17,2.0887825635353074,0.081,0
2018-06-14T17:39:24Z,2.096,18.3956,2.222,1.0508,29.732733,34.417,7.765,82.353,7.17,281.5122,33.563,2.0936318592214977,0.086,0
2018-06-14T17:39:24Z,2.12,18.336,2.2227,1.04,29.731198,34.473,7.6806,81.339,7.161,281.8848,32.852,2.100230234975209,0.091,0
2018-06-14T17:39:24Z,2.148,18.2968,2.2293,1.0167,29.744533,34.548,7.624,80.614,7.151,282.6213,32.092,2.107047396085809,0.095,0
2018-06-14T17:39:24Z,2.178,18.2509,2.2377,1.0439,29.766884,34.629,7.5902,80.144,7.142,283.621,31.34,2.1146048056061053,0.098,0
2018-06-14T17:39:24Z,2.204,18.1981,2.2325,1.0637,29.81086,34.736,7.5778,79.901,7.133,284.507,30.778,2.124215561750354,0.099,0
2018-06-14T17:39:24Z,2.224,18.1205,2.2315,1.0425,29.831659,34.817,7.5862,79.874,7.127,284.6448,30.272,2.1334313648261873,0.098,0
2018-06-14T17:39:24Z,2.246,18.0379,2.2619,0.9406,29.827789,34.867,7.605,79.963,7.121,284.5116,29.624,2.140918754252614,0.097,0
2018-06-14T17:39:24Z,2.273,17.9774,2.3151,0.808,29.827504,34.914,7.6211,80.036,7.113,284.3593,28.987,2.1470965098093564,0.093,0
2018-06-14T17:39:24Z,2.299,17.909,2.3421,0.783,29.828164,34.956,7.6268,80.013,7.106,284.2661,28.388,2.1533739858010863,0.088,0
2018-06-14T17:39:24Z,2.324,17.8329,2.3398,0.8209,29.835722,34.99,7.6126,79.813,7.101,285.7944,27.777,2.1595476168350256,0.08,0
2018-06-14T17:39:24Z,2.348,17.7683,2.3233,0.8394,29.855353,35.022,7.5758,79.41,7.094,288.5544,27.301,2.1650098881199455,0.074,0
2018-06-14T17:39:24Z,2.365,17.7107,2.2904,0.8543,29.874994,35.059,7.5278,78.879,7.083,289.9329,27.152,2.170449305480858,0.074,0
2018-06-14T17:39:24Z,2.372,17.6543,2.273,0.8784,29.88267,35.101,7.4775,78.286,7.073,289.9855,27.152,2.1761688807188664,0.079,0
2018-06-14T17:39:24Z,2.379,17.6196,2.2788,0.8871,29.884628,35.148,7.4291,77.692,7.065,289.5351,26.749,2.1810877266358246,0.085,0
2018-06-14T17:39:24Z,2.404,17.6228,2.2958,0.8671,29.898619,35.208,7.3882,77.18,7.058,288.6163,25.869,2.18486698051701,0.093,0
2018-06-14T17:39:24Z,2.443,17.6155,2.3226,0.8504,29.924777,35.285,7.3576,76.772,7.052,288.3411,25.058,2.190320425780829,0.102,0
2018-06-14T17:39:24Z,2.478,17.5673,2.3446,0.8375,29.946829,35.368,7.3337,76.416,7.047,289.477,24.555,2.198345911515319,0.112,0
2018-06-14T17:39:24Z,2.503,17.5042,2.3515,0.8332,29.974673,35.46,7.3108,76.065,7.041,291.252,24.116,2.2077812443187215,0.116,0
2018-06-14T17:39:24Z,2.528,17.4565,2.3503,0.8599,30.007344,35.555,7.2848,75.689,7.035,292.25,23.633,2.2166156380091744,0.114,0
2018-06-14T17:39:24Z,2.558,17.4067,2.3573,0.9165,30.024261,35.626,7.2518,75.25,7.027,292.5961,23.134,2.2239946799190657,0.112,0
2018-06-14T17:39:24Z,2.588,17.3338,2.3803,0.9987,30.052152,35.713,7.2095,74.713,7.02,292.6828,22.634,2.2337049530917548,0.115,0
2018-06-14T17:39:24Z,2.615,17.2595,2.3994,1.0599,30.090497,35.824,7.1581,74.063,7.013,292.4387,22.154,2.245120745806321,0.12,0
2018-06-14T17:39:24Z,2.643,17.1904,2.4141,1.1069,30.106787,35.927,7.0977,73.288,7.007,292.5693,21.639,2.2557587441454627,0.125,0
2018-06-14T17:39:24Z,2.677,17.1347,2.4286,1.0788,30.122011,36.046,7.0278,72.39,7,293.1433,21.065,2.2667592338957205,0.128,0
2018-06-14T17:39:24Z,2.715,17.077,2.4194,0.9341,30.147445,36.18,6.9495,71.405,6.993,293.615,20.517,2.2789038379731683,0.13,0
2018-06-14T17:39:24Z,2.75,17.001,2.4034,0.8525,30.16018,36.291,6.8619,70.341,6.986,294.0555,20.022,2.2905675315520453,0.13,0
2018-06-14T17:39:24Z,2.784,16.9046,2.4104,0.8558,30.148875,36.369,6.7627,69.172,6.979,294.5985,19.529,2.301206922703727,0.129,0
2018-06-14T17:39:24Z,2.815,16.7785,2.4671,0.8821,30.137682,36.444,6.6545,67.919,6.971,294.8455,19.079,2.3133743576576813,0.126,0
2018-06-14T17:39:24Z,2.845,16.6546,2.5556,0.9563,30.151767,36.549,6.539,66.602,6.965,294.2894,18.723,2.3275127022635744,0.122,0
2018-06-14T17:39:24Z,2.874,16.5474,2.5976,1.0209,30.192074,36.681,6.42,65.261,6.958,293.5532,18.358,2.342599994980729,0.121,0
2018-06-14T17:39:24Z,2.905,16.4446,2.608,1.0526,30.243909,36.824,6.308,64.001,6.948,293.7728,17.928,2.3582561392022465,0.122,0
2018-06-14T17:39:24Z,2.938,16.3433,2.6724,1.0343,30.270374,36.945,6.204,62.814,6.938,294.4497,17.542,2.3724021218593077,0.125,0
2018-06-14T17:39:24Z,2.968,16.2432,2.7686,0.9226,30.257938,37.032,6.1025,61.638,6.93,295.1991,17.181,2.384221758320445,0.13,0
2018-06-14T17:39:24Z,3,16.1489,2.8068,0.831,30.220453,37.09,6.0073,60.528,6.923,296.1231,16.755,2.393765019667558,0.135,0
2018-06-14T17:39:24Z,3.036,16.0651,2.8032,0.8422,30.198079,37.177,5.9228,59.518,6.914,296.5015,16.318,2.404714380330462,0.14,0
2018-06-14T17:39:24Z,3.074,15.9708,2.8445,0.875,30.241343,37.372,5.8406,58.499,6.909,295.5573,15.9,2.4237734027216096,0.142,0
2018-06-14T17:39:24Z,3.112,15.848,2.9293,0.8915,30.298863,37.599,5.7578,57.462,6.905,293.9136,15.487,2.446867584382799,0.142,0
2018-06-14T17:39:24Z,3.151,15.7367,2.983,0.8889,30.321834,37.767,5.6833,56.538,6.901,293.3191,15.088,2.4653046214514496,0.138,0
2018-06-14T17:39:24Z,3.19,15.6249,2.9976,0.8438,30.328427,37.893,5.6207,55.765,6.895,293.9626,14.764,2.4809524342001086,0.131,0
2018-06-14T17:39:24Z,3.221,15.4635,3.0055,0.8034,30.314964,37.983,5.5642,55.07,6.889,294.8962,14.539,2.4972726020404017,0.123,0
2018-06-14T17:39:24Z,3.246,15.2773,3.0687,0.8587,30.285964,38.04,5.5047,54.366,6.884,295.4008,14.288,2.5129639617619826,0.113,0
2018-06-14T17:39:24Z,3.273,15.1281,3.1922,0.9937,30.231729,38.061,5.4375,53.595,6.879,295.1597,13.991,2.5238919232336134,0.104,0
2018-06-14T17:39:24Z,3.303,15.0165,3.2575,1.0621,30.167197,38.105,5.3664,52.745,6.874,294.4759,13.786,2.534109778228738,0.098,0
2018-06-14T17:39:24Z,3.325,14.8958,3.2525,1.0454,30.140658,38.228,5.2929,51.84,6.869,294.102,13.63,2.5505635668264177,0.097,0
2018-06-14T17:39:24Z,3.345,14.797,3.2507,1.0055,30.16472,38.413,5.2157,50.908,6.862,294.2528,13.398,2.570095489696191,0.099,0
2018-06-14T17:39:24Z,3.369,14.731,3.2549,0.915,30.20397,38.635,5.1456,50.031,6.854,294.6652,13.163,2.590206684474379,0.099,0
2018-06-14T17:39:24Z,3.394,14.5986,3.2474,0.8363,30.234028,38.863,5.0901,49.283,6.849,295.3019,12.918,2.615225191422138,0.097,0
2018-06-14T17:39:24Z,3.423,14.4064,3.2338,0.8169,30.273939,39.047,5.0484,48.738,6.846,296.1007,12.604,2.64127335681686,0.093,0
2018-06-14T17:39:24Z,3.454,14.2687,3.1735,0.8328,30.30537,39.135,5.0249,48.459,6.844,296.8386,12.376,2.6569195828295724,0.09,0
2018-06-14T17:39:24Z,3.477,14.1071,3.0694,0.876,30.359995,39.23,5.0204,48.39,6.843,296.9966,12.282,2.674810728266213,0.089,0
2018-06-14T17:39:24Z,3.49,13.8655,3.0134,0.8824,30.489833,39.455,5.0307,48.429,6.839,296.6338,12.176,2.7078627857636866,0.089,0
2018-06-14T17:39:24Z,3.505,13.7227,3.0114,0.848,30.605032,39.728,5.0459,48.446,6.832,296.5818,11.987,2.737834625572106,0.089,0
2018-06-14T17:39:24Z,3.527,13.7133,3.0721,0.8565,30.673114,39.987,5.0532,48.341,6.827,296.79880000000003,11.735,2.7574816556600266,0.09,0
2018-06-14T17:39:24Z,3.557,13.7033,3.1871,0.8937,30.804774,40.312,5.048,48.135,6.823,296.8477,11.465,2.7820331504481057,0.095,0
2018-06-14T17:39:24Z,3.588,13.6605,3.2536,0.9019,30.990129,40.702,5.0289,47.805,6.818,297.689,11.249,2.8137672032282857,0.1,0
2018-06-14T17:39:24Z,3.613,13.5413,3.2694,0.8949,31.135844,41.077,4.9905,47.261,6.811,299.3134,11.09,2.850111706480029,0.103,0
2018-06-14T17:39:24Z,3.634,13.3329,3.3411,0.9306,31.232746,41.397,4.9322,46.525,6.805,300.2267,10.927,2.8892963373769773,0.106,0
2018-06-14T17:39:24Z,3.659,13.1984,3.4859,1.0279,31.272448,41.642,4.8596,45.662,6.796,300.558,10.752,2.91767133260323,0.109,0
2018-06-14T17:39:24Z,3.686,13.0924,3.5776,1.0953,31.234654,41.807,4.7708,44.634,6.786,300.6525,10.57,2.9380712446511055,0.112,0
2018-06-14T17:39:24Z,3.717,12.892,3.5861,1.074,31.156671,41.921,4.6556,43.364,6.777,300.5086,10.355,2.962054160302346,0.117,0
2018-06-14T17:39:24Z,3.752,12.716,3.6063,1.045,31.091505,42.035,4.5156,41.889,6.768,301.3134,10.125,2.984351058655241,0.121,0
2018-06-14T17:39:24Z,3.787,12.5625,3.9144,1.05,31.018158,42.12,4.3646,40.34,6.76,302.8974,9.9194,3.0028547923355493,0.121,0
2018-06-14T17:39:24Z,3.817,12.3518,4.4813,1.0423,30.904779,42.123,4.2226,38.904,6.753,303.8302,9.7429,3.0197993870579363,0.12,0
2018-06-14T17:39:24Z,3.845,12.1491,4.7809,1.0433,30.800196,42.115,4.0988,37.662,6.746,304.0729,9.5781,3.0354123952318774,0.116,0
2018-06-14T17:39:24Z,3.874,11.9773,4.7885,1.0631,30.769694,42.204,3.9948,36.612,6.739,303.9389,9.4157,3.0561326046880892,0.109,0
2018-06-14T17:39:24Z,3.901,11.8074,4.6475,1.0674,30.789918,42.344,3.9258,35.898,6.734,303.5879,9.2449,3.080814634291778,0.099,0
2018-06-14T17:39:24Z,3.929,11.67,4.3809,1.0648,30.790597000000002,42.41,3.909,35.697,6.729,303.6996,9.0869,3.097253975312955,0.089,0
2018-06-14T17:39:24Z,3.955,11.5682,4.2395,1.0619,30.777855,42.425,3.9601,36.141,6.722,304.6017,8.9885,3.106859746047383,0.08,0
2018-06-14T17:39:24Z,3.971,11.4482,4.2335,1.0631,30.762855,42.444,4.085,37.251,6.714,305.5474,8.9301,3.1183433639436426,0.077,0
2018-06-14T17:39:24Z,3.98,11.3347,4.2074,1.0493,30.736217,42.476,4.269,38.875,6.705,305.8418,8.8729,3.1303633754784186,0.08,0
2018-06-14T17:39:24Z,3.991,11.2865,4.1436,1.0473,30.709762,42.528,4.4946,40.858,6.699,305.8381,8.7684,3.138503994421435,0.083,0
2018-06-14T17:39:24Z,4.014,11.2751,4.097,1.0998000000000001,30.696952,42.596,4.7424,43.04,6.694,306.019,8.5533,3.144808659895203,0.086,0
2018-06-14T17:39:24Z,4.049,11.2475,4.0848,1.1346,30.708285,42.673,4.9953,45.28,6.689,306.0495,8.3037,3.1531979168432116,0.091,0
2018-06-14T17:39:24Z,4.082,11.1849,3.9957,1.1326,30.719721,42.738,5.2473,47.519,6.684,305.8625,8.1522,3.163634112034903,0.096,0
2018-06-14T17:39:24Z,4.104,11.1027,3.8192,1.1071,30.708169,42.778,5.4955,49.712,6.679,306.0818,8.0916,3.173806796540938,0.097,0
2018-06-14T17:39:24Z,4.12,11.0199,3.7153,1.0706,30.695585,42.814,5.739,51.862,6.675,306.54880000000003,8.0062,3.1837546723346977,0.093,0
2018-06-14T17:39:24Z,4.142,10.9724,3.6958,1.0867,30.694547,42.854,5.9815,54.01,6.67,306.8637,7.8684,3.1910118903779483,0.089,0
2018-06-14T17:39:24Z,4.168,10.9432,3.556,1.1498,30.69559,42.891,6.2282,56.199,6.665,307.2222,7.7469,3.196465536576937,0.087,0
2018-06-14T17:39:24Z,4.19,10.8884,3.284,1.2237,30.70816,42.938,6.4817,58.455,6.661,307.5274,7.6269,3.2049410775308766,0.087,0
2018-06-14T17:39:24Z,4.213,10.84,3.1365,1.2773,30.719488,42.973,6.743,60.789,6.658,307.371,7.5013,3.2119273911150596,0.088,0
2018-06-14T17:39:24Z,4.236,10.81,3.1233,1.3101,30.705529,42.97,7.0015,63.099,6.655,306.9658,7.4149,3.214298601670352,0.089,0
2018-06-14T17:39:24Z,4.256,10.7793,3.1239,1.3447,30.666386,42.933,7.2359,65.188,6.651,306.8442,7.3444,3.2140244256560226,0.089,0
2018-06-14T17:39:24Z,4.276,10.7533,3.2182,1.4522,30.627251,42.903,7.438,66.978,6.647,307.1057,7.2349,3.213897887101887,0.089,0
2018-06-14T17:39:24Z,4.301,10.7397,3.399,1.6331,30.613387,42.913,7.6068,68.458,6.645,307.6317,7.0949,3.2158803525157666,0.089,0
2018-06-14T17:39:24Z,4.328,10.7273,3.4998,1.7315,30.625756,42.961,7.7397,69.613,6.644,307.9551,6.9808,3.2207923175838746,0.089,0
2018-06-14T17:39:24Z,4.351,10.7127,3.49,1.756,30.649768,43.017,7.8395,70.48,6.641,307.9185,6.8886,3.2265396430366535,0.09,0
2018-06-14T17:39:24Z,4.371,10.6945,3.1887,1.7773,30.649654,43.031,7.9107,71.102,6.637,307.9635,6.7811,3.2292519510329756,0.09,0
2018-06-14T17:39:24Z,4.392,10.667,2.6229,1.7755,30.624365,43.002,7.9579,71.517,6.634,308.1553,6.6619,3.22934480528828,0.088,0
2018-06-14T17:39:24Z,4.416,10.6394,2.3102,1.7653,30.598036,42.969,7.9894,71.795,6.63,308.5168,6.5307,3.229125765906368,0.086,0
2018-06-14T17:39:24Z,4.44,10.6199,2.2754,1.7443,30.585346,42.954,8.0118,71.992,6.626,309.1508,6.3982,3.2296358027685135,0.086,0
2018-06-14T17:39:24Z,4.462,10.609,2.1836,1.7054,30.597935,42.974,8.0278,72.132,6.621,309.8846,6.2702,3.232193664142702,0.088,0
2018-06-14T17:39:24Z,4.483,10.6049,2.0081,1.6911,30.623232,43.01,8.0376,72.219,6.614,310.5058,6.1327,3.235436259985113,0.092,0
2018-06-14T17:39:24Z,4.503,10.6028,1.9092,1.7244,30.637172,43.031,8.0411,72.25,6.606,310.8982,6.0004,3.2373021599429883,0.096,0
2018-06-14T17:39:24Z,4.526,10.5999,1.8986,1.7429,30.639471,43.036,8.0363,72.204,6.602,311.1863,5.8459,3.2379570433003533,0.1,0
2018-06-14T17:39:24Z,4.556,10.5977,1.8978,1.7922,30.651028,43.053,8.022,72.072,6.598,311.4945,5.6715,3.2395112154812464,0.104,0
2018-06-14T17:39:24Z,4.587,10.5979,1.8993,1.8935,30.649885,43.052,8.0015,71.888,6.593,311.7859,5.5258,3.239411906242113,0.105,0
2018-06-14T17:39:24Z,4.615,10.5973,1.8985,1.9301,30.625646,43.016,7.9787,71.686,6.588,312.1275,5.3868,3.236579372864352,0.105,0
2018-06-14T17:39:24Z,4.641,10.5958,1.8971,1.929,30.611999,42.995,7.9581,71.503,6.583,312.2695,5.2384,3.2350277552569513,0.103,0
2018-06-14T17:39:24Z,4.667,10.5937,1.874,2.0025,30.611904,42.996,7.9401,71.34,6.577,312.1265,5.1117,3.235291322650666,0.102,0
2018-06-14T17:39:24Z,4.691,10.5928,1.8211,2.1166,30.624493,43.019,7.923,71.179,6.572,312.1182,5.0223,3.2372121071285056,0.104,0
2018-06-14T17:39:24Z,4.713,10.5959,1.7819,2.1493,30.637187,43.046,7.9073,71.025,6.567,312.2554,4.9321,3.2391014525553694,0.107,0
2018-06-14T17:39:24Z,4.738,10.5985,1.7672,2.1225,30.63835,43.062,7.8913,70.864,6.562,312.6671,4.7957,3.240153119263994,0.11,0
2018-06-14T17:39:24Z,4.77,10.5976,1.7617,2.0978,30.638552,43.077,7.8743,70.69,6.558,313.4828,4.6217,3.2414324895135453,0.11,0
2018-06-14T17:39:24Z,4.805,10.5927,1.753,2.0951,30.639612,43.091,7.8572,70.52,6.555,314.0302,4.4609,3.242984574969911,0.11,0
2018-06-14T17:39:24Z,4.837,10.5852,1.7359,2.1205,30.65116,43.115,7.8428,70.38,6.551,313.5208,4.3669,3.2455682254589004,0.109,0
2018-06-14T17:39:24Z,4.861,10.5733,1.7199,2.1305,30.651151,43.118,7.8338,70.295,6.547,312.486,4.3093,3.2468586344733272,0.104,0
2018-06-14T17:39:24Z,4.881,10.559,1.6974,2.1243,30.639499,43.099,7.8309,70.272,6.543,312.1015,4.207,3.246597608658941,0.097,0
2018-06-14T17:39:24Z,4.906,10.5485,1.5926,2.1676,30.637294,43.093,7.8366,70.327,6.542,312.485,4.0752,3.2470428970484075,0.09,0
2018-06-14T17:39:24Z,4.932,10.5415,1.4186,2.2571,30.624496,43.074,7.8492,70.442,6.54,313.165,3.9821,3.2461354720937323,0.087,0
2018-06-14T17:39:24Z,4.953,10.5395,1.3201,2.2901,30.611776,43.056,7.8629,70.565,6.537,313.5261,3.9168,3.2448668673496255,0.09,0
2018-06-14T17:39:24Z,4.969,10.543,1.3024,2.2626,30.610516,43.054,7.8752,70.677,6.533,313.3241,3.8298,3.2443966952295593,0.095,0
2018-06-14T17:39:24Z,4.989,10.5465,1.3145,2.2601,30.609266,43.051,7.8865,70.779,6.529,312.8737,3.7168,3.243845980567716,0.1,0
2018-06-14T17:39:24Z,5.018,10.547,1.3568,2.29,30.596661,43.035,7.8951,70.853,6.525,312.7259,3.5837,3.242516794800815,0.106,0
2018-06-14T17:39:24Z,5.05,10.5458,1.3913,2.2883,30.585124,43.024,7.8971,70.864,6.521,313,3.4564,3.2417385499873532,0.115,0
2018-06-14T17:39:24Z,5.082,10.5467,1.3917,2.2706,30.596775,43.044,7.8913,70.806,6.516,313.2622,3.3503,3.2432621010783445,0.122,0
2018-06-14T17:39:24Z,5.113,10.5492,1.3707,2.2894,30.610517,43.067,7.8826,70.724,6.511,313.5741,3.2427,3.2448850425650795,0.125,0
2018-06-14T17:39:24Z,5.146,10.5468,1.3479,2.3011,30.624259,43.088,7.8771,70.673,6.507,314.1031,3.1192,3.246780298931727,0.125,0
2018-06-14T17:39:24Z,5.18,10.5414,1.3371,2.291,30.63591,43.103,7.875,70.655,6.504,314.4104,2.9982,3.2484595528417284,0.124,0
2018-06-14T17:39:24Z,5.212,10.5386,1.3327,2.2888,30.624372,43.087,7.875,70.655,6.502,314.3644,2.9094,3.247421579491416,0.123,0
2018-06-14T17:39:24Z,5.241,10.5351,1.3221,2.2747,30.611777,43.07,7.8771,70.672,6.5,314.3213,2.8349,3.2463653890420248,0.122,0
2018-06-14T17:39:24Z,5.271,10.5336,1.3099,2.2727,30.610632,43.07,7.8811,70.707,6.497,314.1466,2.7482,3.2464965890630677,0.119,0
2018-06-14T17:39:24Z,5.304,10.535,1.3141,2.3262,30.610528,43.069,7.8875,70.765,6.494,313.8874,2.6577,3.2462908144324554,0.113,0
2018-06-14T17:39:24Z,5.335,10.5357,1.3536,2.4332,30.610518,43.067,7.8942,70.827,6.492,314.0265,2.5785,3.2460669108618534,0.102,0
2018-06-14T17:39:24Z,5.363,10.5346,1.4017,2.5598,30.610517,43.066,7.8993,70.877,6.491,315.1396,2.5039,3.246082686604755,0.087,0
2018-06-14T17:39:24Z,5.388,10.5327,1.3636,2.6057,30.610517,43.063,7.9016,70.9,6.488,316.677,2.4553,3.246008401676892,0.071,0
2018-06-14T17:39:24Z,5.404,10.5339,1.2781,2.6213,30.610517,43.06,7.9023,70.91,6.484,317.2137,2.4591,3.2456605942809373,0.061,0
2018-06-14T17:39:24Z,5.406,10.536,1.269,2.7181,30.610517,43.059,7.9041,70.928,6.48,316.8116,2.4615,3.2453949284206858,0.057,0
2018-06-14T17:39:24Z,5.406,10.537,1.2724,2.739,30.610517,43.059,7.9051,70.938,6.478,316.2895,2.4135,3.2453069682650355,0.062,0
2018-06-14T17:39:24Z,5.419,10.5392,1.2816,2.7208,30.610517,43.059,7.9066,70.951,6.475,316.1492,2.3515,3.245111911230545,0.073,0
2018-06-14T17:39:24Z,5.445,10.5423,1.3341,2.8339,30.610517,43.06,7.9087,70.968,6.471,317.2653,2.2959,3.244916772522233,0.09,0
2018-06-14T17:39:24Z,5.475,10.5429,1.3661,2.947,30.610516,43.06,7.9085,70.966,6.468,319.2021,2.2124,3.2448624415520455,0.105,0
2018-06-14T17:39:24Z,5.509,10.5426,1.3917,2.9285,30.610507,43.06,7.9069,70.952,6.467,320.0357,2.1055,3.244887314135296,0.115,0
2018-06-14T17:39:24Z,5.546,10.5428,1.3773,2.7931,30.610403,43.061,7.9053,70.936,6.467,319.5152,2.0149,3.244947912089114,0.116,0
2018-06-14T17:39:24Z,5.577,10.5415,1.3303,2.7744,30.609258,43.062,7.9033,70.914,6.466,318.587,1.9591,3.2451414113030093,0.113,0
2018-06-14T17:39:24Z,5.602,10.5409,1.3379,2.9464,30.596662,43.047,7.9024,70.903,6.463,318.191,1.9235,3.2439897835100857,0.109,0
2018-06-14T17:39:24Z,5.624,10.5418,1.3584,3.0427,30.585115,43.032,7.9026,70.902,6.46,319.0292,1.8869,3.242705735734661,0.105,0
2018-06-14T17:39:24Z,5.648,10.5406,1.3488,2.9311,30.596663,43.049,7.9009,70.885,6.458,320.6337,1.8481,3.244174586879105,0.104,0
2018-06-14T17:39:24Z,5.675,10.5381,1.3315,2.7874,30.60926,43.068,7.8981,70.859,6.454,321.6743,1.8086,3.245918741337135,0.106,0
2018-06-14T17:39:24Z,5.704,10.5365,1.3427,2.8318,30.610415,43.071,7.8968,70.846,6.449,321.8879,1.7615,3.2462994584300278,0.111,0
2018-06-14T17:39:24Z,5.733,10.5349,1.374,2.9489,30.610623,43.073,7.897,70.845,6.445,321.9262,1.6993,3.2466000505310864,0.116,0
2018-06-14T17:39:24Z,5.763,10.5341,1.3515,2.9217,30.611778,43.075,7.8971,70.844,6.441,321.9652,1.6337,3.2468298977061054,0.119,0
2018-06-14T17:39:24Z,5.796,10.5339,1.2817,2.7764,30.624376,43.095,7.8967,70.839,6.437,321.499,1.5792,3.2484510393060173,0.121,0
2018-06-14T17:39:24Z,5.829,10.5327,1.2474,2.6877,30.635924,43.112,7.8962,70.834,6.433,320.6775,1.5257,3.249919995675044,0.121,0
2018-06-14T17:39:24Z,5.859,10.5308,1.2764,2.7648,30.624376,43.096,7.8957,70.829,6.43,320.894,1.4664,3.248802486697453,0.122,0
2018-06-14T17:39:24Z,5.889,10.5299,1.3016,2.8542,30.611779,43.077,7.8948,70.82,6.426,321.8802,1.4117,3.247355568981941,0.123,0
2018-06-14T17:39:24Z,5.919,10.5289,1.2675,2.7926,30.610634,43.077,7.8925,70.799,6.423,322.3627,1.3779,3.2474424595001055,0.124,0
2018-06-14T17:39:24Z,5.949,10.5275,1.2311,2.7523,30.610519,43.079,7.8884,70.76,6.419,322.77,1.3415,3.24772546675101,0.125,0
2018-06-14T17:39:24Z,5.982,10.5285,1.2106,2.7018,30.610396,43.08,7.8836,70.715,6.415,323.2775,1.2803,3.2477157268223107,0.128,0
2018-06-14T17:39:24Z,6.017,10.5288,1.1763,2.488,30.609146,43.078,7.8787,70.67,6.412,322.4763,1.2273,3.247526782862936,0.13,0
2018-06-14T17:39:24Z,6.051,10.5275,1.1568,2.3339,30.595393,43.059,7.8752,70.64,6.41,320.8257,1.1873,3.2461150138953174,0.13,0
2018-06-14T17:39:24Z,6.084,10.526,1.1674,2.3038,30.571136,43.025,7.8743,70.631,6.408,320.3566,1.1428,3.243516885339382,0.127,0
2018-06-14T17:39:24Z,6.118,10.5244,1.1849,2.3063,30.569887,43.025,7.8755,70.641,6.406,320.6764,1.1021,3.24365642609666,0.122,0
2018-06-14T17:39:24Z,6.151,10.5247,1.1934,2.3346,30.580289,43.041,7.8805,70.685,6.405,321.1643,1.0609,3.2449126965238833,0.114,0
2018-06-14T17:39:24Z,6.18,10.5255,1.1786,2.3401,30.569886,43.027,7.888,70.75,6.405,321.9542,1.0183,3.2437168494516433,0.104,0
2018-06-14T17:39:24Z,6.204,10.5245,1.1618,2.3741,30.571126,43.029,7.8959,70.82,6.404,321.4506,0.99394,3.2439645358420583,0.095,0
2018-06-14T17:39:24Z,6.225,10.5236,1.1932,2.5002,30.595279,43.063,7.9036,70.889,6.402,319.7217,0.97761,3.246772479684449,0.088,0
2018-06-14T17:39:24Z,6.245,10.5229,1.2634,2.7053,30.607886,43.079,7.9086,70.936,6.399,318.8601,0.9527,3.248117828798912,0.085,0
2018-06-14T17:39:24Z,6.263,10.5222,1.3402,2.8698,30.59654,43.062,7.9109,70.958,6.396,318.9484,0.93544,3.2468141523670866,0.083,0
2018-06-14T17:39:24Z,6.281,10.5216,1.3682,2.842,30.585107,43.046,7.9125,70.972,6.394,319.4991,0.91628,3.2455819599445586,0.083,0
2018-06-14T17:39:24Z,6.305,10.5214,1.327,2.7352,30.596665,43.063,7.9135,70.979,6.393,320.2699,0.87865,3.246963194090109,0.084,0
2018-06-14T17:39:24Z,6.331,10.5225,1.2924,2.7075,30.609272,43.082,7.9124,70.969,6.393,320.3529,0.85123,3.2483898117371233,0.085,0
2018-06-14T17:39:24Z,6.352,10.5239,1.3166,2.8122,30.610521,43.084,7.9108,70.955,6.392,319.6421,0.83926,3.248425597619963,0.088,0
2018-06-14T17:39:24Z,6.372,10.5239,1.3717,2.9336,30.611761,43.086,7.9111,70.956,6.39,318.9889,0.82377,3.2485853195696026,0.089,0
2018-06-14T17:39:24Z,6.392,10.5223,1.3788,2.8926,30.624264,43.105,7.913,70.972,6.388,318.8225,0.8034,3.2502512047387846,0.089,0
2018-06-14T17:39:24Z,6.416,10.5215,1.339,2.8056,30.634676,43.12,7.9145,70.984,6.386,319.0067,0.7773,3.251525275581884,0.088,0
2018-06-14T17:39:24Z,6.443,10.5221,1.314,2.7668,30.610637,43.085,7.9139,70.98,6.384,319.3225,0.75635,3.2486607145410766,0.087,0
2018-06-14T17:39:24Z,6.468,10.5215,1.2878,2.7283,30.587637,43.053,7.9136,70.978,6.383,319.6305,0.75555,3.2461433381913034,0.088,0
2018-06-14T17:39:24Z,6.486,10.52,1.2696,2.6763,30.610626,43.087,7.9146,70.985,6.382,320.2355,0.7508,3.249004955291101,0.088,0
2018-06-14T17:39:24Z,6.504,10.5196,1.2684,2.6567,30.634561,43.121,7.9168,71.003,6.381,320.9589,0.72258,3.251769660160411,0.088,0
2018-06-14T17:39:24Z,6.526,10.5214,1.2456,2.7659,30.622995,43.104,7.9201,71.034,6.379,321.0637,0.69481,3.250244151293768,0.087,0
2018-06-14T17:39:24Z,6.551,10.5215,1.2518,2.928,30.597801,43.068,7.9211,71.044,6.377,320.7275,0.67278,3.2473437217687593,0.087,0
2018-06-14T17:39:24Z,6.576,10.5191,1.2788,2.9071,30.583973,43.049,7.9196,71.03,6.375,320.4214,0.65568,3.246029275141227,0.087,0
2018-06-14T17:39:24Z,6.601,10.5184,1.2598,2.7586,30.582821,43.049,7.9193,71.025,6.373,320.3747,0.65219,3.2460898712915096,0.088,0
2018-06-14T17:39:24Z,6.621,10.5195,1.2425,2.7186,30.583861,43.052,7.9188,71.018,6.371,321.1095,0.65019,3.2462325999715733,0.088,0
2018-06-14T17:39:24Z,6.639,10.5211,1.2808,2.7906,30.596552,43.07,7.9178,71.009,6.37,322.1643,0.64263,3.247535515426452,0.087,0
2018-06-14T17:39:24Z,6.66,10.5208,1.3468,2.8957,30.609253,43.087,7.9177,71.009,6.369,322.4596,0.62924,3.2489259251962093,0.086,0
2018-06-14T17:39:24Z,6.685,10.5185,1.3604,2.8904,30.610406,43.088,7.917,71.003,6.366,322.443,0.60635,3.2492083853905167,0.088,0
2018-06-14T17:39:24Z,6.71,10.5164,1.3253,2.7577,30.610501,43.088,7.9156,70.992,6.363,322.3933,0.59017,3.2493928796270053,0.091,0
2018-06-14T17:39:24Z,6.732,10.5166,1.3445,2.7555,30.610397,43.088,7.9165,71.001,6.362,322.1172,0.5853,3.2493742422254277,0.094,0
2018-06-14T17:39:24Z,6.753,10.5176,1.419,2.8945,30.609149,43.086,7.919,71.022,6.361,322.4601,0.56542,3.249124322616156,0.096,0
2018-06-14T17:39:24Z,6.778,10.5184,1.4629,2.9738,30.595407,43.068,7.9206,71.034,6.357,323.3551,0.54212,3.2476069615097862,0.099,0
2018-06-14T17:39:24Z,6.805,10.5187,1.452,2.9208,30.571262,43.037,7.9206,71.031,6.353,323.8182,0.52442,3.2450900545663215,0.103,0
2018-06-14T17:39:24Z,6.831,10.5183,1.4525,2.8638,30.571252,43.037,7.9169,70.996,6.352,323.8444,0.4969,3.2451242689801347,0.107,0
2018-06-14T17:39:24Z,6.858,10.5189,1.507,2.9568,30.595282,43.071,7.9113,70.947,6.351,323.7576,0.47703,3.247799855167046,0.11,0
2018-06-14T17:39:24Z,6.888,10.5175,1.5315,2.9768,30.607764,43.089,7.906,70.899,6.348,323.6293,0.4735,3.249367336054581,0.112,0
2018-06-14T17:39:24Z,6.918,10.5145,1.5193,2.8618,30.595158,43.073,7.8997,70.84,6.344,323.5835,0.47336,3.2483464433136957,0.115,0
2018-06-14T17:39:24Z,6.946,10.5139,1.5068,2.817,30.569878,43.039,7.8955,70.799,6.342,323.6335,0.46884,3.245668263992084,0.118,0
2018-06-14T17:39:24Z,6.975,10.5147,1.4619,2.832,30.556136,43.023,7.8966,70.806,6.34,323.6315,0.45597,3.2443114900606145,0.118,0
2018-06-14T17:39:24Z,7.008,10.5143,1.4178,2.9211,30.556023,43.024,7.9012,70.846,6.339,323.6459,0.44384,3.2444253984559897,0.115,0
2018-06-14T17:39:24Z,7.041,10.5132,1.3866,2.9486,30.568506,43.041,7.9068,70.896,6.337,323.7215,0.44152,3.245885997049253,0.114,0
2018-06-14T17:39:24Z,7.07,10.5113,1.3518,2.8288,30.580053,43.057,7.9125,70.947,6.335,323.685,0.43568,3.247337324163312,0.115,0
2018-06-14T17:39:24Z,7.094,10.5086,1.3548,2.8151,30.56861,43.041,7.9191,71.005,6.333,323.5489,0.41205,3.246290120718903,0.116,0
2018-06-14T17:39:24Z,7.118,10.5076,1.3962,2.9356,30.557169,43.026,7.9272,71.078,6.331,323.3666,0.37949,3.245172982653344,0.116,0
2018-06-14T17:39:24Z,7.15,10.5089,1.4197,3.004,30.568734,43.041,7.9316,71.118,6.33,323.2012,0.35195,3.2462610276243486,0.116,0
2018-06-14T17:39:24Z,7.186,10.5092,1.391,2.9396,30.581427,43.059,7.9298,71.103,6.33,323.1848,0.34661,3.247678002944267,0.118,0
2018-06-14T17:39:24Z,7.218,10.508,1.3155,2.8285,30.583623,43.064,7.927,71.076,6.33,323.1681,0.3626,3.248184228359887,0.121,0
2018-06-14T17:39:24Z,7.246,10.5073,1.2792,2.8512,30.595284,43.081,7.927,71.074,6.33,323.0848,0.36533,3.249610318349672,0.121,0
2018-06-14T17:39:24Z,7.274,10.5085,1.3196,2.9089,30.595398,43.081,7.928,71.083,6.328,323.2101,0.34892,3.249502771747319,0.118,0
2018-06-14T17:39:24Z,7.306,10.5094,1.3444,2.9162,30.585006,43.066,7.9275,71.08,6.326,323.565,0.33105,3.248216887876562,0.114,0
2018-06-14T17:39:24Z,7.337,10.5074,1.3308,2.909,30.596649,43.083,7.9262,71.066,6.325,323.9338,0.32038,3.249757452207654,0.111,0
2018-06-14T17:39:24Z,7.366,10.5062,1.3304,2.8822,30.609152,43.102,7.9252,71.055,6.324,324.0559,0.31908,3.2513884609843657,0.106,0
2018-06-14T17:39:24Z,7.391,10.5071,1.3581,2.9582,30.609163,43.102,7.9268,71.068,6.324,323.7508,0.31752,3.251307668250206,0.1,0
2018-06-14T17:39:24Z,7.416,10.5081,1.3894,2.9735,30.596773,43.085,7.9298,71.095,6.323,323.3424,0.31062,3.249852413192414,0.095,0
2018-06-14T17:39:24Z,7.439,10.5063,1.3603,2.8237,30.586372,43.071,7.9292,71.09,6.322,323.3338,0.30736,3.2488861255332333,0.093,0
2018-06-14T17:39:24Z,7.458,10.5044,1.281,2.7031,30.610412,43.105,7.925,71.051,6.321,323.8193,0.30923,3.251784503213169,0.093,0
2018-06-14T17:39:24Z,7.478,10.5047,1.2398,2.7358,30.633411,43.136,7.9212,71.019,6.319,324.4796,0.30368,3.2542472213090696,0.093,0
2018-06-14T17:39:24Z,7.506,10.5045,1.2575,2.9141,30.610412,43.103,7.9214,71.023,6.319,324.7778,0.29151,3.251612720883775,0.09,0
2018-06-14T17:39:24Z,7.536,10.5038,1.2741,2.967,30.586372,43.069,7.9258,71.063,6.318,324.8439,0.28039,3.2489420846591273,0.085,0
2018-06-14T17:39:24Z,7.561,10.5035,1.2566,2.8258,30.596773,43.083,7.9305,71.105,6.317,325.1077,0.26657,3.2500919188715387,0.08,0
2018-06-14T17:39:24Z,7.579,10.5046,1.2668,2.8247,30.609153,43.102,7.9346,71.141,6.314,325.2141,0.25959,3.2515197808504617,0.078,0
2018-06-14T17:39:24Z,7.591,10.5058,1.2956,2.9837,30.609038,43.103,7.9409,71.196,6.311,325.3551,0.2638,3.2514932792289097,0.08,0
2018-06-14T17:39:24Z,7.601,10.5066,1.3024,3.0403,30.595389,43.085,7.947,71.249,6.309,326.0388,0.2624,3.249976445376518,0.087,0
2018-06-14T17:39:24Z,7.619,10.5068,1.3033,2.9293,30.571142,43.05,7.9499,71.276,6.307,326.5977,0.25365,3.2471469502717545,0.096,0
2018-06-14T17:39:24Z,7.649,10.5059,1.2781,2.739,30.569894,43.047,7.9508,71.285,6.306,326.6926,0.25403,3.246984081379991,0.102,0
2018-06-14T17:39:24Z,7.689,10.5045,1.2735,2.7232,30.580304,43.061,7.9488,71.268,6.306,326.7554,0.25231,3.2482302717891236,0.103,0
2018-06-14T17:39:24Z,7.729,10.5032,1.3116,2.8915,30.569997,43.047,7.9441,71.225,6.306,326.8409,0.23061,3.247218493864952,0.099,0
2018-06-14T17:39:24Z,7.753,10.5037,1.2799,2.9117,30.572287,43.05,7.9373,71.163,6.305,326.6936,0.21855,3.247414086499388,0.091,0
2018-06-14T17:39:24Z,7.763,10.5056,1.1753,2.7843,30.607996,43.098,7.9308,71.108,6.304,326.3517,0.22471,3.251101126048746,0.081,0
2018-06-14T17:39:24Z,7.772,10.5062,1.1213,2.7249,30.620698,43.113,7.9269,71.078,6.304,326.2344,0.23175,3.25225251168427,0.072,0
2018-06-14T17:39:24Z,7.789,10.5056,1.1428,2.7734,30.598844,43.082,7.9229,71.043,6.305,326.4804,0.2371,3.2498148686482144,0.069,0
2018-06-14T17:39:24Z,7.811,10.5044,1.1681,2.8217,30.597804,43.082,7.9213,71.026,6.305,327.0018,0.23788,3.2499198596833465,0.074,0
2018-06-14T17:39:24Z,7.832,10.506,1.1526,2.7594,30.608111,43.099,7.924,71.049,6.305,327.635,0.23457,3.2511427118046377,0.084,0
2018-06-14T17:39:24Z,7.852,10.5103,1.1481,2.7518,30.596441,43.083,7.9266,71.071,6.304,327.8559,0.2196,3.2494761131163177,0.093,0
2018-06-14T17:39:24Z,7.877,10.5108,1.1687,2.8823,30.58373,43.065,7.9303,71.103,6.303,326.8329,0.20349,3.247985066818068,0.101,0
2018-06-14T17:39:24Z,7.903,10.5083,1.217,2.9952,30.58144,43.062,7.9373,71.165,6.302,325.3315,0.20137,3.2479640193721755,0.108,0
2018-06-14T17:39:24Z,7.932,10.5065,1.2997,2.9573,30.568748,43.044,7.9438,71.224,6.301,325.0182,0.20112,3.2466763051953316,0.113,0
2018-06-14T17:39:24Z,7.965,10.5063,1.3238,2.79,30.557297,43.028,7.9467,71.249,6.3,325.7131,0.19395,3.2454072980618047,0.118,0
2018-06-14T17:39:24Z,7.999,10.5067,1.3252,2.8033,30.569998,43.047,7.9454,71.237,6.299,326.6775,0.18561,3.246896144215351,0.119,0
2018-06-14T17:39:24Z,8.029,10.5059,1.3433,2.904,30.595296,43.084,7.9409,71.195,6.298,327.215,0.19142,3.2499371856992756,0.118,0
2018-06-14T17:39:24Z,8.057,10.5058,1.3594,2.8788,30.609133,43.105,7.9339,71.13,6.298,326.1895,0.20027,3.251631421515363,0.117,0
2018-06-14T17:39:24Z,8.086,10.5061,1.3915,2.8649,30.610288,43.107,7.9272,71.07,6.297,324.172,0.19277,3.2517640092393743,0.117,0
2018-06-14T17:39:24Z,8.115,10.505,1.3919,2.7975,30.609258,43.106,7.923,71.031,6.296,323.299,0.18034,3.251779782254734,0.12,0
2018-06-14T17:39:24Z,8.145,10.5036,1.4003,2.7963,30.596672,43.089,7.9195,70.998,6.293,323.9791,0.17482,3.250536878674436,0.125,0
2018-06-14T17:39:24Z,8.175,10.5031,1.4194,2.8807,30.585126,43.074,7.9161,70.967,6.291,325.1687,0.16913,3.24937485946426,0.128,0
2018-06-14T17:39:24Z,8.21,10.503,1.3563,2.8109,30.596673,43.091,7.9157,70.961,6.289,325.8945,0.16228,3.2507476392895973,0.131,0
2018-06-14T17:39:24Z,8.251,10.5024,1.2709,2.8068,30.60927,43.111,7.9193,70.991,6.288,326.0431,0.15468,3.2524050569238443,0.135,0
2018-06-14T17:39:24Z,8.286,10.502,1.2418,2.8927,30.610415,43.113,7.9226,71.02,6.286,325.5031,0.13868,3.2525993259666155,0.135,0
2018-06-14T17:39:24Z,8.316,10.5011,1.2345,2.9028,30.610519,43.112,7.9235,71.029,6.285,324.2701,0.13186,3.2525976473331677,0.125,0
2018-06-14T17:39:24Z,8.349,10.4993,1.219,2.8979,30.610529,43.112,7.924,71.034,6.284,323.4376,0.13661,3.2527556037612273,0.107,0
2018-06-14T17:39:24Z,8.387,10.4976,1.183,2.8031,30.610529,43.109,7.9244,71.041,6.283,323.354,0.149,3.2526629491236396,0.088,0
2018-06-14T17:39:24Z,8.412,10.4974,1.1397,2.7938,30.610519,43.104,7.9257,71.06,6.282,323.9484,0.16547,3.2522774386321114,0.076,0
2018-06-14T17:39:24Z,8.415,10.4985,1.1459,2.9684,30.610414,43.102,7.9288,71.091,6.281,324.8587,0.15672,3.252019506644986,0.071,0
2018-06-14T17:39:24Z,8.413,10.4986,1.1936,3.0534,30.609269,43.103,7.9304,71.103,6.28,325.0687,0.14336,3.2520916767053714,0.066,0
2018-06-14T17:39:24Z,8.425,10.5,1.2104,2.9667,30.596672,43.088,7.9283,71.079,6.279,324.4224,0.1534,3.2507621219738705,0.061,0
2018-06-14T17:39:24Z,8.456,10.5058,1.1749,2.8053,30.585116,43.073,7.9244,71.042,6.279,323.669,0.15889,3.2490418896855777,0.058,0
2018-06-14T17:39:24Z,8.487,10.5087,1.1411,2.7805,30.596558,43.087,7.92,71.005,6.28,323.2733,0.14724,3.2499076890733596,0.056,0
2018-06-14T17:39:24Z,8.502,10.5053,1.1424,2.9108,30.607998,43.099,7.9148,70.965,6.281,323.0784,0.1355,3.2511719682592815,0.05,0
2018-06-14T17:39:24Z,8.505,10.5023,1.1255,2.9159,30.596423,43.078,7.9114,70.94,6.282,323.0339,0.12889,3.2497509537398512,0.037,0
2018-06-14T17:39:24Z,8.506,10.5008,1.0745,2.7813,30.583625,43.054,7.909,70.926,6.282,323.8541,0.12614,3.2479557150485925,0.026,0
2018-06-14T17:39:24Z,8.508,10.5019,1.0505,2.7182,30.580284,43.043,7.905,70.9,6.282,325.1658,0.12694,3.2469748119676853,0.023,0
2018-06-14T17:39:24Z,8.51,10.5063,1.1103,2.7937,30.556027,43.005,7.9035,70.891,6.282,325.6429,0.13474,3.243533883875089,0.033,0
2018-06-14T17:39:24Z,8.515,10.5102,1.2183,2.8696,30.544375,42.993,7.9051,70.9,6.282,325.665,0.14162,3.242225717534398,0.05,0
2018-06-14T17:39:24Z,8.527,10.5141,1.2451,2.8126,30.566419,43.033,7.9044,70.881,6.282,325.4334,0.13605,3.245092483845501,0.074,0
2018-06-14T17:39:24Z,8.55,10.5207,1.195,2.7457,30.56851,43.044,7.9017,70.846,6.279,324.8218,0.12988,3.245391061878972,0.102,0
2018-06-14T17:39:24Z,8.58,10.5266,1.1725,2.8542,30.569656,43.049,7.8969,70.799,6.275,325.6685,0.12767,3.2452696199151507,0.131,0
2018-06-14T17:39:24Z,8.616,10.5216,1.2036,3.0858,30.580265,43.066,7.8899,70.733,6.273,327.7559,0.12752,3.247074649046596,0.156,0
2018-06-14T17:39:24Z,8.664,10.511,1.2493,3.1668,30.56977,43.053,7.8857,70.693,6.272,328.5505,0.12891,3.24696576384133,0.171,0
2018-06-14T17:39:24Z,8.719,10.5056,1.2477,3.0388,30.569771,43.054,7.885,70.685,6.273,328.2214,0.12731,3.2475207567052196,0.174,0
2018-06-14T17:39:24Z,8.773,10.5022,1.2292,3.0032,30.580286,43.069,7.8862,70.695,6.273,327.562,0.12561,3.2490236937253174,0.169,0
2018-06-14T17:39:24Z,8.821,10.5008,1.2464,3.133,30.569885,43.054,7.8916,70.745,6.272,326.686,0.12552,3.2479403014524277,0.163,0
2018-06-14T17:39:24Z,8.857,10.5002,1.245,3.1133,30.571021000000002,43.056,7.9034,70.85,6.269,326.3202,0.12557,3.248152308624426,0.163,0
2018-06-14T17:39:24Z,8.881,10.499,1.2219,2.9479,30.59402,43.089,7.916,70.962,6.267,327.3551,0.12555,3.2509084617320094,0.168,0
2018-06-14T17:39:24Z,8.908,10.4986,1.1869,2.9036,30.593927,43.09,7.9239,71.031,6.266,329.3046,0.1255,3.2510233787120213,0.177,0
2018-06-14T17:39:24Z,8.957,10.4997,1.1248,3.0051,30.569888,43.057,7.9302,71.086,6.265,330.2737,0.12548,3.2482727261395934,0.19,0
2018-06-14T17:39:24Z,9.025,10.4999,1.1048,3.1685,30.557405,43.041,7.9365,71.142,6.263,329.8667,0.12544,3.2469658262676298,0.207,0
2018-06-14T17:39:24Z,9.09,10.4984,1.1022,3.1694,30.570005,43.06,7.9408,71.179,6.262,328.771,0.12541,3.2486214360329604,0.221,0
2018-06-14T17:39:24Z,9.144,10.4971,1.0655,3.0161,30.595221,43.096,7.9412,71.182,6.262,327.9531,0.12542,3.25162638213657,0.222,0
2018-06-14T17:39:24Z,9.198,10.4964,1.0466,2.9322,30.608258,43.115,7.9372,71.145,6.261,328.0656,0.12542,3.2532123922513163,0.21,0
2018-06-14T17:39:24Z,9.258,10.4959,1.0676,2.8876,30.600608,43.105,7.9312,71.09,6.26,328.7542,0.12542,3.2524499642480493,0.195,0
2018-06-14T17:39:24Z,9.312,10.495,1.107,2.905,30.629753,43.146,7.9256,71.039,6.258,329.3094,0.12545,3.255821104589368,0.184,0
2018-06-14T17:39:24Z,9.348,10.4944,1.1099,2.8978,30.706599,43.253,7.922,71.008,6.258,329.358,0.12547,3.2644712815959176,0.175,0
2018-06-14T17:39:24Z,9.38,10.494,1.0754,2.8606,30.76764,43.339,7.9186,70.978,6.258,328.9983,0.12547,3.271417859066654,0.163,0
2018-06-14T17:39:24Z,9.423,10.4932,1.0853,2.9438,30.859722,43.471,7.9117,70.914,6.258,328.4018,0.12546,3.282098535774211,0.15,0
2018-06-14T17:39:24Z,9.471,10.4932,1.1371,2.9878,30.994323,43.664,7.905,70.849,6.257,327.4803,0.12548,3.2976158813685257,0.138,0
2018-06-14T17:39:24Z,9.508,10.494,1.1592,2.9663,31.061374,43.761,7.9009,70.807,6.255,326.6319,0.12553,3.3053443725545963,0.125,0
2018-06-14T17:39:24Z,9.535,10.4945,1.1139,2.9282,31.035335,43.727,7.894,70.742,6.254,326.4901,0.12553,3.3025633081647165,0.108,0
2018-06-14T17:39:24Z,9.56,10.4925,1.0488,2.8923,30.997038,43.675,7.8828,70.64,6.254,326.3691,0.12549,3.298559253908186,0.088,0
2018-06-14T17:39:24Z,9.58,10.4893,1.0424,2.9598,31.042897,43.739,7.8667,70.497,6.254,326.2006,0.12552,3.303994257209567,0.071,0
2018-06-14T17:39:24Z,9.591,10.4865,1.055,2.9513,31.081737,43.791,7.8435,70.293,6.254,326.4314,0.12554,3.3084297720010953,0.06,0
2018-06-14T17:39:24Z,9.6,10.4842,1.0181,2.8499,31.022068,43.702,7.8118,70.015,6.255,325.6321,0.12551,3.3014757292093386,0.052,0
2018-06-14T17:39:24Z,9.612,10.4832,0.9547,2.8636,31.083577,43.783,7.7743,69.686,6.255,323.8504,0.12549,3.308082535686734,0.045,0
2018-06-14T17:39:24Z,9.625,10.484,0.9498,2.9947,31.317357,44.107,7.7376,69.365,6.255,323.1288,0.12552,3.3340884073006305,0.039,0
2018-06-14T17:39:24Z,9.638,10.4863,1.0053,3.1528,31.498786,44.358,7.7041,69.071,6.255,323.2747,0.12558,3.3540908544788834,0.034,0
2018-06-14T17:39:24Z,9.647,10.4901,1.0368,3.0963,31.562418,44.443,7.674,68.805,6.255,323.8077,0.12555,3.360589110726274,0.028,0
2018-06-14T17:39:24Z,9.652,10.4951,1.0466,2.8611,31.51513,44.373,7.6476,68.574,6.255,324.5822,0.12541,3.354493903473941,0.021,0
2018-06-14T17:39:24Z,9.654,10.5003,1.0778,2.8124,31.371609,44.165,7.6262,68.389,6.255,324.6377,0.12536,3.3372745212541175,0.015,0
2018-06-14T17:39:24Z,9.655,10.5038,1.1193,2.9345,31.224374,43.951,7.6093,68.246,6.256,323.7045,0.12545,3.3197373126697918,0.01,0
2018-06-14T17:39:24Z,9.656,10.5061,1.1074,2.9937,31.132172,43.815,7.5933,68.11,6.256,322.591,0.12554,3.3085905066128283,0.007,0
2018-06-14T17:39:24Z,9.658,10.5087,1.0259,2.9484,31.209469,43.918,7.5748,67.95,6.256,322.3601,0.12553,3.316639716319951,0.007,0
2018-06-14T17:39:24Z,9.66,10.5134,0.9521,2.9064,31.396835,44.176,7.5563,67.792,6.257,322.8916,0.12542,3.33696855236424,0.008,0
2018-06-14T17:39:24Z,9.661,10.5199,0.9408,2.9741,31.428762,44.215,7.544,67.69,6.258,323.51,0.12541,3.339515222416671,0.008,0
2018-06-14T17:39:24Z,9.664,10.5244,0.9531,3.0044,31.341466,44.085,7.5379,67.645,6.258,323.8149,0.12551,3.3286498900903587,0.007,0
2018-06-14T17:39:24Z,9.668,10.528,0.9902,2.9054,31.357522,44.103,7.5384,67.656,6.258,323.8247,0.12552,3.329770897080792,0.007,0
2018-06-14T17:39:24Z,9.669,10.5328,1.0587,2.8455,31.432358,44.207,7.5462,67.727,6.258,323.8007,0.12548,3.3376984774684746,0.007,0
2018-06-14T17:39:24Z,9.669,10.5375,1.0751,2.9216,31.357143,44.102,7.5591,67.841,6.258,323.9547,0.12544,3.3288292572607023,0.007,0
2018-06-14T17:39:24Z,9.669,10.5439,1.0779,3.0922,31.210244,43.896,7.5731,67.967,6.258,324.3101,0.12543,3.311694020289777,0.006,0
2018-06-14T17:39:24Z,9.672,10.5495,1.1106,3.1385,31.18049,43.851,7.5855,68.082,6.258,324.6557,0.12549,3.307573841997512,0.006,0
2018-06-14T17:39:24Z,9.675,10.5498,1.1116,2.9937,31.251435,43.949,7.5957,68.176,6.258,324.9504,0.12553,3.3154198489773172,0.007,0
2018-06-14T17:39:24Z,9.676,10.5474,1.0999,2.898,31.305896,44.026,7.6021,68.233,6.259,325.3784,0.12551,3.3218238863558898,0.008,0
2018-06-14T17:39:24Z,9.677,10.5473,1.1063,2.9879,31.33089,44.063,7.6078,68.282,6.26,325.8727,0.1255,3.324806374790494,0.008,0
2018-06-14T17:39:24Z,9.679,10.5501,1.1158,3.1957,31.553632,44.378,7.6148,68.343,6.26,326.2802,0.12548,3.3498738079304164,0.008,0
2018-06-14T17:39:24Z,9.681,10.5523,1.1045,3.3051,32.220709,45.316,7.6216,68.404,6.26,326.6918,0.12545,3.425152633446009,0.009,0
2018-06-14T17:39:24Z,9.684,10.5514,1.0708,3.2116,33.299161,46.832,7.6323,68.501,6.26,327.064,0.12549,3.547491330177195,0.01,0
2018-06-14T17:39:24Z,9.686,10.5491,1.1032,3.317,34.36701,48.332,7.6488,68.651,6.259,327.3392,0.12556,3.668997480727904,0.011,0
2018-06-14T17:39:24Z,9.688,10.5485,1.5145,4.9765,34.714921,48.818,7.668,68.827,6.259,327.61,0.12557,3.7084194683751184,0.011,0
2018-06-14T17:39:24Z,9.692,10.5489,2.2214,7.8028,34.520266,48.539,7.685,68.987,6.26,328.0156,0.12552,3.685778380631059,0.011,0
2018-06-14T17:39:24Z,9.696,10.5495,2.573,9.1994,34.363755,48.314,7.6926,69.061,6.26,328.4571,0.12552,3.6674997541164593,0.011,0
2018-06-14T17:39:24Z,9.698,10.55,2.55,9.2598,33.965955,47.754,7.6801,68.95,6.259,328.7322,0.12552,3.622137029389681,0.011,0
2018-06-14T17:39:24Z,9.701,10.5523,2.5036,10.4558,33.267625,46.774,7.6418,68.603,6.259,328.9332,0.12548,3.542720480306303,0.01,0
2018-06-14T17:39:24Z,9.704,10.5572,2.4713,12.7339,32.399173,45.559,7.5788,68.029,6.26,329.0795,0.12543,3.4442661447111904,0.008,0
2018-06-14T17:39:24Z,9.706,10.561,2.4542,13.9152,31.595535,44.436,7.4925,67.247,6.26,328.8661,0.12541,3.35354121654196,0.006,0
2018-06-14T17:39:24Z,9.707,10.5632,2.4337,14.2107,31.172558,43.846,7.3934,66.35,6.259,328.4183,0.12547,3.3059375800793758,0.004,0
2018-06-14T17:39:24Z,9.707,10.5605,2.5088,16.6724,30.968683,43.562,7.298,65.489,6.258,328.3969,0.12554,3.2833791204485183,0.002,0
2018-06-14T17:39:24Z,9.707,10.5545,3.9043,21.2181,30.908792,43.48,7.2231,64.814,6.258,328.779,0.12554,3.2773329044373813,0.001,0
2018-06-14T17:39:24Z,9.707,10.5497,6.5143,23.7003,30.956499,43.55,7.1836,64.456,6.258,329.0815,0.12553,3.2833808911380156,0.001,0
2018-06-14T17:39:24Z,9.707,10.5455,7.9195,23.8267,31.100929,43.756,7.1857,64.471,6.258,329.301,0.12552,3.3003005688213616,0.001,0
2018-06-14T17:39:24Z,9.707,10.5425,8.0098,23.7538,31.575394,44.426,7.2237,64.811,6.258,329.6263,0.1255,3.3544260505421644,0.001,0
2018-06-14T17:39:24Z,9.708,10.5407,8.0021,23.7352,31.929809,44.925,7.2502,65.049,6.258,329.8311,0.12554,3.394744752095272,0.001,0
