DateTime,Depth_m,Temp_C,Chla_ugL,Turbidity_NTU,Cond_uScm,SpCond_uScm,DO_mgL,DOsat_percent,pH,ORP_mV,PAR,Salinity,DescRate_ms ,Flag
2026-07-20T10:13:04Z,-0.153,27.3209,3.6201,12.4507,41.393,43.295444,7.4357,92.594,12.109,15.672,316.4,12955.332908193259,0.141,0
2026-07-20T10:13:04Z,-0.1,27.3265,3.5982,12.4684,41.45,43.339884,7.4188,92.48,12.104,2.8911,235.49,12984.700613699031,0.164,0
2026-07-20T10:13:04Z,-0.027,27.3257,3.6236,12.5616,41.445,43.328934,7.3904,92.469,12.099,-0.3618,164.1,12977.091004486996,0.172,0
2026-07-20T10:13:04Z,0.037,27.316,3.6688,12.7229,41.411,43.28999,7.3532,92.504,12.097,-1.9768,129.42,12954.377313711297,0.163,0
2026-07-20T10:13:04Z,0.081,27.29,3.6618,12.7449,41.377,43.249845,7.3334,92.549,12.097,-3.1269,111.74,12941.053337725005,0.14,0
2026-07-20T10:13:04Z,0.106,27.2679,3.6307,12.6905,41.357,43.224363,7.3302,92.532,12.097,-3.8578,103.56,12936.115944740775,0.11,0
2026-07-20T10:13:04Z,0.116,27.2666,3.6588,12.8174,41.373,43.235773,7.3314,92.417,12.097,-4.1887,101.35,12945.38045342105,0.087,0
2026-07-20T10:13:04Z,0.12,27.2637,3.7359,13.0503,41.401,43.260845,7.3342,92.209,12.096,-4.2024,100.87,12965.782074748762,0.079,0
2026-07-20T10:13:04Z,0.13,27.2567,3.789,13.1487,41.415,43.273614,7.3419,91.875,12.095,-4.1963,100.72,12979.67147551674,0.084,0
2026-07-20T10:13:04Z,0.154,27.2519,3.7842,13.085,41.404,43.263207,7.3426,91.518,12.095,-4.2861,98.931,12974.98534398343,0.092,0
2026-07-20T10:13:04Z,0.191,27.2441,3.786,12.8607,41.401,43.261967,7.332,91.345,12.094,-4.4278,95.606,12978.993965246584,0.095,0
2026-07-20T10:13:04Z,0.231,27.2382,3.8435,12.5892,41.395,43.258627,7.3203,91.403,12.093,-4.7052,91.992,12980.244393039513,0.088,0
2026-07-20T10:13:04Z,0.263,27.2367,3.9057,12.5347,41.36,43.22282,7.291,91.598,12.093,-4.8862,89.699,12954.636089306437,0.071,0
2026-07-20T10:13:04Z,0.278,27.2383,3.9471,12.6461,41.35,43.209866,7.2532,91.875,12.093,-4.7243,89.787,12944.028016080412,0.051,0
2026-07-20T10:13:04Z,0.277,27.241,3.9453,12.6372,41.369,43.228939,7.2388,92.2,12.093,-4.2968,91.54,12956.457131994937,0.038,0
2026-07-20T10:13:04Z,0.268,27.2452,3.8833,12.5981,41.339,43.199536,7.2475,92.49,12.089,-3.8458,92.473,12932.031658065334,0.039,0
2026-07-20T10:13:04Z,0.263,27.2457,3.8143,12.7541,41.252,43.108241,7.2636,92.668,12.084,-3.5741,90.855,12864.25275401287,0.053,0
2026-07-20T10:13:04Z,0.273,27.2409,3.7933,12.9861,41.229,43.077181,7.286,92.683,12.079,-3.5066,85.507,12844.352113973766,0.072,0
2026-07-20T10:13:04Z,0.305,27.2404,3.8203,13.1835,41.299,43.141327,7.3158,92.573,12.076,-3.5464,76.543,12892.001984339075,0.089,0
2026-07-20T10:13:04Z,0.353,27.2446,3.8661,13.1926,41.346,43.18563,7.3396,92.459,12.074,-3.4533,68.658,12922.114941503038,0.099,0
2026-07-20T10:13:04Z,0.391,27.2466,3.914,12.9946,41.329,43.168531,7.3554,92.364,12.073,-3.1548,65.085,12908.2091210932,0.101,0
2026-07-20T10:13:04Z,0.411,27.2361,3.9498,12.9064,41.227,43.061538,7.3578,92.204,12.068,-2.8632,64.046,12835.818581489475,0.097,0
2026-07-20T10:13:04Z,0.422,27.2204,3.9998,13.0829,41.024,42.84405,7.3452,91.988,12.06,-2.5945,63.629,12685.878383841424,0.09,0
2026-07-20T10:13:04Z,0.435,27.2161,4.244,13.8307,40.841,42.633438,7.3363,91.808,12.051,-2.3154,62.568,12534.993302161944,0.083,0
2026-07-20T10:13:04Z,0.455,27.2185,4.6301,14.8777,40.728,42.482596,7.3328,91.701,12.042,-2.0692,60.237,12424.299440102312,0.083,0
2026-07-20T10:13:04Z,0.482,27.2207,4.8059,15.289,40.642,42.353043,7.3196,91.601,12.033,-1.855,57.374,12329.647193547515,0.088,0
2026-07-20T10:13:04Z,0.512,27.219,4.8049,15.2509,40.604,42.272879,7.2983,91.376,12.026,-1.7042,55.04,12273.136796405535,0.092,0
2026-07-20T10:13:04Z,0.537,27.1946,4.852,15.5439,40.579,42.211443,7.2864,90.907,12.02,-1.709,53.138,12243.673438320366,0.09,0
2026-07-20T10:13:04Z,0.56,27.149,4.9415,16.1336,40.519,42.117918,7.2857,90.173,12.015,-1.9125,50.949,12203.865542007914,0.081,0
2026-07-20T10:13:04Z,0.582,27.1005,4.9714,16.4023,40.527,42.094055,7.2882,89.233,12.012,-2.1002,48.706,12215.601852409705,0.068,0
2026-07-20T10:13:04Z,0.599,27.048,4.9307,16.2998,40.638,42.17674,7.2815,88.176,12.011,-2.1711,47.074,12306.338870739319,0.054,0
2026-07-20T10:13:04Z,0.609,26.9991,4.8073,16.2269,40.641,42.165577,7.2505,87.092,12.009,-2.1669,45.949,12327.65364893841,0.044,0
2026-07-20T10:13:04Z,0.615,26.9683,4.6203,16.3062,40.502,42.022522,7.194,86.025,12.008,-2.0502,45.149,12243.045642668709,0.039,0
2026-07-20T10:13:04Z,0.619,26.9317,4.5337,16.4393,40.395,41.906856,7.1216,84.99,12.007,-1.7069,44.534,12181.776048878739,0.04,0
2026-07-20T10:13:04Z,0.624,26.876,4.5015,16.3671,40.293,41.782555,7.0409,84.075,12.001,-0.941,43.77,12125.728005866567,0.05,0
2026-07-20T10:13:04Z,0.635,26.8578,4.2133,15.5359,40.143,41.598525,6.9556,83.374,11.988,0.1544,42.733,12005.054803933597,0.064,0
2026-07-20T10:13:04Z,0.654,26.8779,3.7211,14.1766,40.052,41.458795,6.8688,82.859,11.972,1.0404,41.156,11894.176721375004,0.077,0
2026-07-20T10:13:04Z,0.682,26.8706,3.469,13.5274,40.072,41.425832,6.7839,82.448,11.957,1.0826,39.222,11875.09942085512,0.084,0
2026-07-20T10:13:04Z,0.712,26.845,3.4706,13.5967,40.141,41.453757,6.7098,82.064,11.945,0.8363,37.425,11909.713865932328,0.084,0
2026-07-20T10:13:04Z,0.74,26.8163,3.4828,13.5452,40.251,41.542492,6.659,81.565,11.935,1.2468,36.161,11989.474506155948,0.075,0
2026-07-20T10:13:04Z,0.76,26.7543,3.3833,12.8367,40.383,41.67362,6.6286,80.858,11.927,1.743,35.692,12119.73110397406,0.063,0
2026-07-20T10:13:04Z,0.77,26.6766,3.175,11.7256,40.398,41.706396,6.605,80.045,11.922,1.7597,35.54,12189.545028226947,0.053,0
2026-07-20T10:13:04Z,0.774,26.6225,3.0452,11.247,40.298,41.621473,6.586,79.291,11.917,1.8792,35.31,12160.571562087109,0.049,0
2026-07-20T10:13:04Z,0.778,26.5896,3.0377,11.3201,40.164,41.471937,6.5544,78.694,11.91,2.2407,34.762,12072.492383865174,0.054,0
2026-07-20T10:13:04Z,0.787,26.5805,2.9428,11.0378,40.05,41.294621,6.4942,78.33,11.9,2.6042,33.54,11950.878251243015,0.066,0
2026-07-20T10:13:04Z,0.806,26.6106,2.7135,10.4302,40.055,41.191053,6.4192,78.165,11.89,3.0042,31.614,11859.589802913086,0.079,0
2026-07-20T10:13:04Z,0.836,26.6514,2.5788,10.1225,40.156,41.171521,6.3532,77.91,11.879,3.5492,29.382,11822.091579129275,0.09,0
2026-07-20T10:13:04Z,0.87,26.6428,2.562,10.1522,40.251,41.185196,6.3026,77.008,11.866,4.2895,27.564,11836.754899739153,0.098,0
2026-07-20T10:13:04Z,0.898,26.5725,2.4522,10.0035,40.335,41.229339,6.2814,74.81,11.85,4.641,26.351,11908.997325684119,0.099,0
2026-07-20T10:13:04Z,0.92,26.4249,2.2175,9.4863,40.392,41.260928,6.2931,71.051,11.833,4.7027,25.302,12018.260913723052,0.092,0
2026-07-20T10:13:04Z,0.944,26.2326,2.0551,9.0571,40.393,41.249764,6.3101,66.255,11.816,5.0358,24.179,12124.468889717442,0.082,0
2026-07-20T10:13:04Z,0.966,26.1327,2.0285,8.9469,40.359,41.221265,6.2708,61.399,11.799,5.6573,23.324,12163.621253475867,0.076,0
2026-07-20T10:13:04Z,0.981,26.1045,2.1205,9.0075,40.314,41.170225,6.1076,57.281,11.783,6.5382,23.038,12143.377281935978,0.081,0
2026-07-20T10:13:04Z,0.99,26.062,2.2927,9.1072,40.272,41.076902,5.7906,54.329,11.767,7.3412,22.779,12100.928915202183,0.094,0
2026-07-20T10:13:04Z,1.004,26.0407,2.3708,9.0593,40.273,40.981343,5.369,52.614,11.751,7.794,21.536,12044.23769035259,0.108,0
2026-07-20T10:13:04Z,1.037,26.0637,2.3575,8.9406,40.381,40.966668,4.9529,51.878,11.736,8.2274,19.182,12019.92212586897,0.12,0
2026-07-20T10:13:04Z,1.086,26.082,2.5151,9.0729,40.577,41.026208,4.6038,51.386,11.723,8.7103,16.75,12052.17760781487,0.128,0
2026-07-20T10:13:04Z,1.133,26.0143,2.8525,9.4627,40.743,41.066371,4.3705,50.144,11.708,8.9006,14.948,12121.828071311573,0.129,0
2026-07-20T10:13:04Z,1.169,25.8829,3.0581,9.7938,40.841,41.071283,4.2463,47.543,11.695,9.066,13.713,12204.585544930265,0.123,0
2026-07-20T10:13:04Z,1.195,25.7284,3.0782,9.8322,40.913,41.08546,4.2181,43.422,11.683,9.5051,12.89,12309.075264987625,0.11,0
2026-07-20T10:13:04Z,1.213,25.544,3.071,9.6877,40.981,41.110768,4.2308,38.059,11.672,9.9078,12.27,12441.582406149004,0.095,0
2026-07-20T10:13:04Z,1.229,25.3727,3.3123,9.6859,41.034,41.123355,4.1545,32.137,11.662,10.0631,11.619,12558.049807780795,0.084,0
2026-07-20T10:13:04Z,1.249,25.2596,3.7988,9.8789,41.058,41.110658,3.9558,26.474,11.652,10.1771,10.829,12619.771107715982,0.077,0
2026-07-20T10:13:04Z,1.272,25.1995,4.0917,10.0732,41.06,41.084122,3.6136,21.749,11.643,10.1683,9.9905,12637.684449171562,0.072,0
2026-07-20T10:13:04Z,1.296,25.1524,4.1573,10.1231,41.05,41.056328,3.1513,18.197,11.636,9.9573,9.3986,12646.423770829186,0.069,0
2026-07-20T10:13:04Z,1.313,25.101,4.5586,10.3799,41.032,41.02844,2.6436,15.726,11.627,10.035,9.1196,12657.841689690498,0.069,0
2026-07-20T10:13:04Z,1.323,25.0538,5.3406,10.9914,41.009,41.000778,2.1532,14.143,11.616,10.5054,8.9028,12666.777245967083,0.068,0
2026-07-20T10:13:04Z,1.334,25.0194,5.805,11.4023,40.988,40.975732,1.7611,13.26,11.605,10.9124,8.4781,12669.560565889284,0.064,0
2026-07-20T10:13:04Z,1.353,24.998,5.9038,11.5213,40.997,40.979458,1.4722,12.925,11.595,10.9981,7.8004,12686.074585920569,0.06,0
2026-07-20T10:13:04Z,1.378,24.9869,6.0764,11.6451,41.07,41.045828,1.2737,12.886,11.586,11.0251,7.2623,12744.099900327581,0.057,0
2026-07-20T10:13:04Z,1.395,24.9837,6.3446,11.8404,41.184,41.14354,1.1505,12.884,11.577,11.3253,7.0708,12821.383848161608,0.055,0
2026-07-20T10:13:04Z,1.403,24.9788,6.4912,11.97,41.282,41.208885,1.0781,12.804,11.569,11.7024,6.968,12875.029731378656,0.052,0
2026-07-20T10:13:04Z,1.411,24.9711,6.5347,12.0501,41.317,41.201192,1.0604,12.651,11.56,11.885,6.7952,12874.077480667305,0.049,0
2026-07-20T10:13:04Z,1.421,24.9676,6.62,12.1257,41.335,41.177402,1.0653,12.406,11.551,11.984,6.563,12857.951727246866,0.047,0
2026-07-20T10:13:04Z,1.433,24.9545,6.6993,12.0303,41.433,41.238497,1.0687,11.945,11.544,12.1249,6.2736,12913.761666734115,0.047,0
2026-07-20T10:13:04Z,1.449,24.9106,6.7106,11.8189,41.596,41.368637,1.0617,11.201,11.537,12.1263,5.9795,13043.785091728292,0.049,0
2026-07-20T10:13:04Z,1.465,24.8527,6.7322,11.7222,41.811,41.54501,1.0487,10.223,11.529,12.1735,5.7855,13220.622461677327,0.052,0
2026-07-20T10:13:04Z,1.476,24.8,7.1514,11.8173,42.036,41.72081,1.0363,9.115,11.521,12.6091,5.6727,13395.403068582556,0.057,0
2026-07-20T10:13:04Z,1.486,24.7569,7.9259,11.9443,42.15,41.780537,1.0002,7.987,11.513,13.0053,5.5107,13472.394266046502,0.061,0
2026-07-20T10:13:04Z,1.499,24.7228,8.331,11.8904,42.173,41.759337,0.9372,6.892,11.504,13.0927,5.2184,13478.736871515595,0.065,0
2026-07-20T10:13:04Z,1.519,24.6826,8.3372,11.7464,42.218,41.781765,0.8535,5.829,11.495,13.0631,4.8544,13524.25781756209,0.07,0
2026-07-20T10:13:04Z,1.543,24.6237,8.3591,11.7064,42.241,41.797804,0.758,4.784,11.484,13.0773,4.5549,13577.698439545013,0.075,0
2026-07-20T10:13:04Z,1.564,24.5523,8.6869,11.7484,42.206,41.762857,0.6643,3.833,11.472,13.1787,4.3469,13598.839178408482,0.079,0
2026-07-20T10:13:04Z,1.583,24.4928,9.2714,11.7766,42.372,41.930425,0.5731,3.083,11.461,13.1705,4.1647,13776.311370445112,0.082,0
2026-07-20T10:13:04Z,1.603,24.4692,9.5748,11.7059,42.757,42.3006,0.4872,2.524,11.448,13.1498,3.9725,14097.22403769321,0.082,0
2026-07-20T10:13:04Z,1.623,24.4716,9.6255,11.5763,43.004,42.493927,0.397,2.11,11.437,13.1865,3.7801,14256.082398048402,0.079,0
2026-07-20T10:13:04Z,1.645,24.4673,10.1837,11.6784,43.145,42.554188,0.312,1.843,11.427,13.1848,3.5789,14309.51279045764,0.073,0
2026-07-20T10:13:04Z,1.669,24.4735,11.2391,12.0862,43.366,42.711739,0.2519,1.717,11.418,13.1291,3.3988,14436.977474968737,0.066,0
2026-07-20T10:13:04Z,1.687,24.4844,11.8406,12.408,43.57,42.875484,0.2066,1.632,11.408,13.0291,3.3126,14566.85586133213,0.06,0
2026-07-20T10:13:04Z,1.697,24.4189,11.8715,12.4269,43.805,43.074132,0.1722,1.444,11.398,13.0936,3.2711,14784.724508094116,0.057,0
2026-07-20T10:13:04Z,1.704,24.2952,11.4216,12.2458,44.18,43.399772,0.1493,1.128,11.389,13.3069,3.1995,15160.282284178356,0.058,0
2026-07-20T10:13:04Z,1.713,24.2281,10.6119,12.0638,44.554,43.702553,0.1418,0.718,11.379,13.6295,3.0929,15478.355494060734,0.063,0
2026-07-20T10:13:04Z,1.728,24.2001,10.1721,12.0702,44.949,44.005591,0.1417,0.267,11.37,13.8961,2.9252,15769.93550595288,0.07,0
2026-07-20T10:13:04Z,1.752,24.16,10.066,12.1523,45.436,44.397713,0.1248,-0.173,11.362,13.7777,2.7063,16156.066648653104,0.078,0
2026-07-20T10:13:04Z,1.781,24.1231,9.1708,11.7592,46.082,44.952377,0.0974,-0.624,11.352,13.5749,2.5292,16696.3522555721,0.087,0
2026-07-20T10:13:04Z,1.805,24.0501,7.4883,10.9718,47.056,45.8241,0.0623,-1.076,11.342,13.5948,2.4216,17583.615012946797,0.094,0
2026-07-20T10:13:04Z,1.825,23.9433,6.5528,10.5909,48.045,46.685136,0.0206,-1.446,11.332,13.6739,2.3184,18524.7052532445,0.096,0
2026-07-20T10:13:04Z,1.847,23.8478,6.4149,10.6044,48.676,47.173823,-0.0135,-1.706,11.321,13.8436,2.1869,19109.262145721186,0.095,0
2026-07-20T10:13:04Z,1.875,23.7667,5.8625,10.2117,49.373,47.733136,-0.0517,-1.891,11.311,14.0977,2.0531,19766.116400014034,0.092,0
2026-07-20T10:13:04Z,1.902,23.6957,4.8433,9.2592,50.129,48.368594,-0.0944,-2.01,11.301,14.1648,1.9421,20509.42641668177,0.089,0
2026-07-20T10:13:04Z,1.925,23.5939,4.2628,8.5838,50.427,48.571681,-0.1265,-2.075,11.29,13.967,1.8553,20837.453164271046,0.086,0
2026-07-20T10:13:04Z,1.945,23.4437,4.1865,8.4337,51.062,49.109285,-0.1467,-2.107,11.278,13.7701,1.7837,21592.082069150736,0.082,0
2026-07-20T10:13:04Z,1.963,23.3237,4.0372,8.3662,51.921,49.852595,-0.1632,-2.105,11.266,13.9358,1.7107,22566.456874668274,0.08,0
2026-07-20T10:13:04Z,1.98,23.2412,3.773,8.2459,52.114,49.939761,-0.1734,-2.083,11.255,14.249,1.6291,22765.153185364346,0.08,0
2026-07-20T10:13:04Z,1.998,23.1427,3.6222,8.1065,53.093,50.798144,-0.1778,-2.053,11.241,14.3744,1.5228,23888.538522177114,0.081,0
2026-07-20T10:13:04Z,2.022,23.0878,3.5954,8.0136,56.111,53.627337,-0.1821,-2.023,11.226,14.3337,1.3887,27471.897891632267,0.082,0
2026-07-20T10:13:04Z,2.047,23.0168,3.5739,8.0101,60.048,57.285106,-0.1806,-1.998,11.212,14.0148,1.2735,32591.67242881051,0.085,0
2026-07-20T10:13:04Z,2.068,22.8913,3.5037,7.9963,63.447,60.283362,-0.1794,-1.968,11.2,13.5302,1.1856,37350.660407509306,0.088,0
2026-07-20T10:13:04Z,2.088,22.8248,3.4123,7.9843,66.379,62.69227,-0.1767,-1.943,11.189,13.2067,1.1076,41414.00609635611,0.092,0
2026-07-20T10:13:04Z,2.109,22.7911,3.3762,8.0353,68.969,64.746495,-0.1737,-1.94,11.177,13.0287,1.041,45040.83398740508,0.094,0
2026-07-20T10:13:04Z,2.133,22.7445,3.3671,8.0661,70.579,65.932207,-0.1727,-1.955,11.164,12.9267,0.96226,47293.21145832959,0.093,0
2026-07-20T10:13:04Z,2.161,22.5548,3.2356,8.0146,71.156,66.226216,-0.17,-1.973,11.15,12.9188,0.88002,48330.302259399825,0.09,0
2026-07-20T10:13:04Z,2.191,22.2186,2.9924,7.8567,70.829,65.759232,-0.1685,-2.005,11.137,12.6748,0.8252,48347.713442752,0.083,0
2026-07-20T10:13:04Z,2.215,21.9184,2.8573,7.729,69.33,64.288962,-0.1687,-2.052,11.125,12.1288,0.78545,46397.95154708764,0.072,0
2026-07-20T10:13:04Z,2.231,21.6843,2.8588,7.7689,67.575,62.682028,-0.1727,-2.097,11.112,11.7365,0.74188,44063.65762148438,0.058,0
2026-07-20T10:13:04Z,2.241,21.5106,2.9111,7.7579,67.497,62.722636,-0.1733,-2.135,11.098,11.5452,0.71472,44562.93683151728,0.044,0
2026-07-20T10:13:04Z,2.247,21.3981,2.9647,7.5279,68.765,64.017797,-0.1765,-2.179,11.084,11.192,0.7199,47241.92466081434,0.034,0
2026-07-20T10:13:04Z,2.25,21.3324,2.966,7.2763,69.864,65.062821,-0.182,-2.225,11.072,10.5643,0.72141,49415.64080239351,0.03,0
2026-07-20T10:13:04Z,2.253,21.344,2.9274,7.1072,71.043,66.081343,-0.186,-2.253,11.061,10.0647,0.70832,51381.89926610385,0.031,0
2026-07-20T10:13:04Z,2.261,21.4543,2.8802,7.0547,72.566,67.372748,-0.1886,-2.278,11.051,9.8823,0.68904,53655.44307659213,0.034,0
2026-07-20T10:13:04Z,2.271,21.5752,2.8364,7.086,73.902,68.475914,-0.1914,-2.298,11.04,9.65,0.65542,55554.22856065429,0.036,0
2026-07-20T10:13:04Z,2.285,21.5876,2.8141,7.0758,74.53,68.933639,-0.1975,-2.297,11.029,9.1494,0.62994000000000006,56469.44226051882,0.037,0
2026-07-20T10:13:04Z,2.299,21.5099,2.8103,6.9991,74.787,69.093671,-0.1985,-2.309,11.016,8.5617,0.62721,57051.464204761134,0.036,0
2026-07-20T10:13:04Z,2.308,21.4206,2.7737,6.9102,76.188,70.347129,-0.2011,-2.34,11.001,8.1377,0.62013,60034.191270166855,0.034,0
2026-07-20T10:13:04Z,2.312,21.3237,2.688,6.9228,78.337,72.267117,-0.2053,-2.356,10.984,7.8081,0.59818,64666.32397329363,0.034,0
2026-07-20T10:13:04Z,2.316,21.227,2.6307,7.0502,79.503,73.23981,-0.2029,-2.375,10.967,7.415,0.5845,67282.1077293834,0.035,0
2026-07-20T10:13:04Z,2.323,21.1751,2.6392,7.2205,79.845,73.463108,-0.2038,-2.402,10.952,7.0843,0.57009,68006.61695480808,0.038,0
2026-07-20T10:13:04Z,2.335,21.1702,2.6411,7.273,80.159,73.695504,-0.2095,-2.413,10.937,6.8213,0.54232,68577.8739983574,0.04,0
2026-07-20T10:13:04Z,2.351,21.1369,2.6041,7.1045,80.493,73.95186,-0.209,-2.418,10.923,6.4721,0.52295,69320.22328418505,0.04,0
2026-07-20T10:13:04Z,2.365,21.0503,2.558,6.8576,81.048,74.401279,-0.2107,-2.43,10.91,6.1314,0.50946,70748.5758184548,0.039,0
2026-07-20T10:13:04Z,2.375,20.986,2.5167,6.7461,81.775,74.997151,-0.2154,-2.453,10.898,5.3696,0.48527,72471.77538855352,0.037,0
2026-07-20T10:13:04Z,2.38,20.964,2.4961,6.7813,82.127,75.244205,-0.215,-2.468,10.887,3.7151,0.46581,73175.95358845836,0.037,0
2026-07-20T10:13:04Z,2.384,20.9351,2.4501,6.8401,82.998,75.98971,-0.2157,-2.462,10.876,1.6993,0.4583,75171.26328807526,0.04,0
2026-07-20T10:13:04Z,2.39,20.8959,2.3516,6.8759,85.633,78.352346,-0.2164,-2.456,10.865,-0.6766,0.44421,81491.28157020513,0.048,0
2026-07-20T10:13:04Z,2.403,20.8549,2.2782,6.8724,88.863,81.175305,-0.2192,-2.46,10.852,-4.2763,0.41791,89445.81498344804,0.058,0
2026-07-20T10:13:04Z,2.423,20.7975,2.2375,6.7633,91.644,83.478935,-0.2223,-2.47,10.834,-8.8712,0.38943,96421.19111848615,0.072,0
2026-07-20T10:13:04Z,2.446,20.7639,2.067,6.411,94.452,85.72715,-0.2199,-2.487,10.815,-12.5255,0.36878,103428.99828533875,0.087,0
2026-07-20T10:13:04Z,2.467,20.7674,1.7736,5.9948,96.531,87.241356,-0.2195,-2.5,10.797,-14.3029,0.34472,108165.79101915611,0.096,0
2026-07-20T10:13:04Z,2.493,20.6959,1.6201,5.8987,97.285,87.53863,-0.2204,-2.501,10.781,-15.2186,0.3001,109560.47788863095,0.097,0
2026-07-20T10:13:04Z,2.526,20.5491,1.6093,5.9657,97.483,87.412663,-0.2217,-2.501,10.765,-16.112,0.25276,110073.86148909718,0.09,0
2026-07-20T10:13:04Z,2.557,20.3957,1.5843,5.9176,97.43,87.180983,-0.2244,-2.515,10.75,-17.706,0.23522,110289.07653022495,0.078,0
2026-07-20T10:13:04Z,2.577,20.1908,1.5418,5.829,97.915,87.53606,-0.227,-2.529,10.734,-20.2081,0.23643,112764.88878970135,0.066,0
2026-07-20T10:13:04Z,2.585,19.9659,1.5121,5.7821,99.696,89.097418,-0.2277,-2.524,10.717,-22.8761,0.2377,119546.50955562605,0.055,0
2026-07-20T10:13:04Z,2.588,19.8082,1.4921,5.7274,101.643,90.727698,-0.2273,-2.511,10.702,-25.3569,0.2346,126399.52726393258,0.047,0
2026-07-20T10:13:04Z,2.592,19.7156,1.4578,5.543,102.81,91.53372,-0.2297,-2.506,10.689,-27.5754,0.22965,130003.59142725702,0.042,0
2026-07-20T10:13:04Z,2.604,19.6803,1.405,5.2951,103.537,91.907741,-0.2324,-2.514,10.678,-29.8239,0.23053,131643.72391562,0.043,0
2026-07-20T10:13:04Z,2.622,19.6979,1.378,5.189,104.189,92.259172,-0.2311,-2.544,10.668,-32.8408,0.21604,132806.73524289436,0.047,0
2026-07-20T10:13:04Z,2.638,19.6575,1.3805,5.183,104.844,92.66481,-0.2293,-2.579,10.658,-36.6928,0.19654,134629.37739775842,0.05,0
2026-07-20T10:13:04Z,2.65,19.5156,1.3948,5.1876,105.448,93.057972,-0.23,-2.605,10.648,-40.6911,0.19975,137231.4298195536,0.05,0
2026-07-20T10:13:04Z,2.661,19.3677,1.4346,5.2116,105.956,93.385807,-0.2302,-2.62,10.638,-44.6179,0.21027,139677.83905821876,0.048,0
2026-07-20T10:13:04Z,2.673,19.2615,1.4625,5.2335,106.73,93.955989,-0.2348,-2.627,10.626,-48.8092,0.21217,142765.97964826008,0.047,0
2026-07-20T10:13:04Z,2.684,19.1827,1.4325,5.2475,107.907,94.861179,-0.2387,-2.63,10.612,-52.9082,0.20746,147008.98161679445,0.052,0
2026-07-20T10:13:04Z,2.693,19.1174,1.3464,5.2101,108.824,95.485019,-0.2411,-2.63,10.599,-56.579,0.19878,150083.43012596734,0.061,0
2026-07-20T10:13:04Z,2.705,19.0611,1.2538,5.1571,109.39,95.771337,-0.2431,-2.628,10.587,-60.1525,0.18065,151744.96993316617,0.072,0
2026-07-20T10:13:04Z,2.726,19.0135,1.2116,5.1864,110.399,96.477235,-0.2434,-2.623,10.573,-63.7646,0.15583,155073.63714772713,0.083,0
2026-07-20T10:13:04Z,2.755,18.962,1.2017,5.258,111.925,97.65558,-0.2444,-2.618,10.558,-67.3861,0.1368,160481.6128627328,0.094,0
2026-07-20T10:13:04Z,2.782,18.875,1.1593,5.2379,113.123,98.499042,-0.2444,-2.624,10.544,-70.9861,0.13065,164917.0994267845,0.101,0
2026-07-20T10:13:04Z,2.81,18.7606,1.0816,5.1136,113.72,98.783261,-0.245,-2.644,10.532,-74.5972,0.13015,167270.04725287214,0.102,0
2026-07-20T10:13:04Z,2.84,18.6826,1.0289,5.0183,114.633,99.373261,-0.245,-2.66,10.52,-78.4388,0.12659,170639.2701838883,0.099,0
2026-07-20T10:13:04Z,2.868,18.6348,1.0039,5.0086,116.328,100.667581,-0.2441,-2.673,10.508,-82.5024,0.124,176921.10809869884,0.093,0
2026-07-20T10:13:04Z,2.888,18.5401,0.9709,4.9616,117.461,101.447368,-0.2448,-2.677,10.498,-86.3891,0.1238,181487.4620363326,0.084,0
2026-07-20T10:13:04Z,2.904,18.4183,0.9217,4.8252,117.087,100.908309,-0.2487,-2.672,10.49,-89.9841,0.12371,180312.957616107,0.071,0
2026-07-20T10:13:04Z,2.923,18.3326,0.8833,4.7259,115.811,99.68757,-0.2498,-2.668,10.482,-93.7043,0.12365,175640.83562573412,0.054,0
2026-07-20T10:13:04Z,2.943,18.2724,0.8723,4.7182,114.686,98.78139,-0.2521,-2.685,10.472,-97.2988,0.12373,172173.86501859612,0.039,0
2026-07-20T10:13:04Z,2.952,18.1872,0.88,4.7653,114.86,99.117526,-0.2529,-2.714,10.462,-100.2335,0.12378,174570.74100555337,0.028,0
2026-07-20T10:13:04Z,2.95,18.0714,0.9436,4.8513,116.037,100.251198,-0.2525,-2.731,10.454,-102.8598,0.12373,181006.92279218894,0.023,0
2026-07-20T10:13:04Z,2.945,18.0009,1.0332,4.9391,116.94,100.967868,-0.2516,-2.733,10.448,-105.4776,0.12365,185137.7466846522,0.022,0
2026-07-20T10:13:04Z,2.946,18.0357,1.0567,4.9721,117.656,101.417419,-0.253,-2.716,10.443,-108.2241,0.12361,186879.23548940796,0.029,0
2026-07-20T10:13:04Z,2.956,18.1552,1.045,4.9091,118.386,101.867052,-0.2574,-2.699,10.437,-111.1176,0.12366,187676.2538772702,0.046,0
2026-07-20T10:13:04Z,2.971,18.2327,1.0244,4.7925,119.116,102.330054,-0.2569,-2.689,10.431,-113.876,0.12372,189005.65112676183,0.068,0
2026-07-20T10:13:04Z,2.99,18.1795,0.9823,4.7578,120.324,103.19574,-0.2593,-2.684,10.426,-116.5381,0.12368,193765.8605335089,0.088,0
2026-07-20T10:13:04Z,3.015,18.0934,0.9606,4.7973,121.688,104.121455,-0.2561,-2.694,10.422,-119.1283,0.12363,199297.5741669297,0.102,0
2026-07-20T10:13:04Z,3.05,18.0175,0.9618,4.8255,122.743,104.673341,-0.2549,-2.703,10.419,-121.4472,0.12362,202949.73516011948,0.108,0
2026-07-20T10:13:04Z,3.086,17.9465,0.9551,4.894,123.574,104.965846,-0.2551,-2.704,10.416,-123.4955,0.12361,205285.23564201273,0.109,0
2026-07-20T10:13:04Z,3.116,17.8914,0.913,4.9423,124.217,105.110882,-0.2532,-2.695,10.414,-125.3965,0.12364,206698.62203944896,0.106,0
2026-07-20T10:13:04Z,3.139,17.7966,0.8522,4.8636,124.654,105.153084,-0.2569,-2.698,10.413,-127.0513,0.12372,208093.53700762123,0.1,0
2026-07-20T10:13:04Z,3.16,17.6463,0.8195,4.7278,124.953,105.157361,-0.2574,-2.717,10.411,-128.5326,0.12379,210005.76428960776,0.091,0
2026-07-20T10:13:04Z,3.182,17.4636,0.801,4.5979,125.183,105.162282,-0.2596,-2.734,10.407,-130.1428,0.12378,212359.0428454724,0.081,0
2026-07-20T10:13:04Z,3.204,17.2934,0.7612,4.489,125.333,105.148684,-0.2582,-2.751,10.406,-131.8938,0.12376,214486.0531820942,0.072,0
2026-07-20T10:13:04Z,3.224,17.1621,0.7375,4.505,125.402,105.120112,-0.2586,-2.77,10.405,-133.6138,0.12379,216050.0729405087,0.063,0
2026-07-20T10:13:04Z,3.241,17.0671,0.7639,4.6536,125.387,105.071383,-0.2631,-2.79,10.402,-135.1948,0.12379,217041.7751617759,0.053,0
2026-07-20T10:13:04Z,3.252,16.9934,0.8061,4.7479,125.314,105.005148,-0.2636,-2.797,10.398,-136.6407,0.12369,217663.63429765872,0.044,0
2026-07-20T10:13:04Z,3.258,16.9357,0.824,4.7238,125.237,104.955939,-0.2667,-2.811,10.396,-138.018,0.12357,218166.60187907732,0.037,0
2026-07-20T10:13:04Z,3.263,16.9012,0.8212,4.6698,125.166,104.922101,-0.2676,-2.855,10.395,-139.286,0.1236,218444.49486979286,0.033,0
2026-07-20T10:13:04Z,3.268,16.8914,0.8303,4.6066,125.06,104.850725,-0.271,-2.888,10.395,-140.5282,0.12373,218192.08689152953,0.031,0
2026-07-20T10:13:04Z,3.278,16.8902,0.8261,4.5066,124.804,104.665963,-0.2711,-2.879,10.394,-142.1116,0.12373,217218.33181575837,0.03,0
2026-07-20T10:13:04Z,3.289,16.8954,0.7875,4.4174,124.334,104.343535,-0.2697,-2.856,10.392,-144.0613,0.12365,215429.39703353678,0.029,0
2026-07-20T10:13:04Z,3.299,16.9132,0.7631,4.3815,123.957,104.135677,-0.2773,-2.844,10.389,-146.1193,0.12366,214092.42590855653,0.032,0
2026-07-20T10:13:04Z,3.304,16.9146,0.7637,4.3804,124.117,104.381225,-0.2815,-2.845,10.385,-148.0669,0.1237,215377.63704043214,0.041,0
2026-07-20T10:13:04Z,3.307,16.9204,0.7786,4.404,124.775,104.95692,-0.2791,-2.846,10.384,-149.6274,0.12374,218375.4869871987,0.058,0
2026-07-20T10:13:04Z,3.312,16.9518,0.8098,4.4621,125.597,105.493679,-0.2754,-2.839,10.385,-150.7903,0.12372,220842.4565946162,0.082,0
2026-07-20T10:13:04Z,3.331,16.9978,0.8332,4.5025,126.453,105.904793,-0.2744,-2.83,10.387,-151.8889,0.12371,222443.16319086135,0.111,0
2026-07-20T10:13:04Z,3.368,17.0564,0.8366,4.4136,127.258,106.234392,-0.2744,-2.822,10.388,-153.0161,0.12376,223433.27787638406,0.137,0
2026-07-20T10:13:04Z,3.419,17.0845,0.8088,4.2406,127.83,106.422161,-0.2751,-2.814,10.389,-154.0945,0.12379,224069.13643096026,0.154,0
2026-07-20T10:13:04Z,3.474,17.0178,0.7641,4.2559,128.122,106.455582,-0.2739,-2.813,10.388,-155.2906,0.12377,225162.77412955495,0.157,0
2026-07-20T10:13:04Z,3.523,16.8747,0.7541,4.4629,128.199,106.383537,-0.2742,-2.81,10.387,-156.8959,0.12375,226739.97496059793,0.143,0
2026-07-20T10:13:04Z,3.561,16.7265,0.7707,4.5904,128.12,106.251305,-0.2744,-2.806,10.386,-158.7914,0.12373,228070.88063794805,0.116,0
2026-07-20T10:13:04Z,3.585,16.6109,0.7742,4.7048,127.973,106.130138,-0.2733,-2.815,10.385,-160.3986,0.12368,229017.13663350392,0.085,0
2026-07-20T10:13:04Z,3.597,16.531,0.7784,4.8218,127.84,106.064614,-0.2749,-2.839,10.385,-161.5297,0.12368,229776.62084705938,0.058,0
2026-07-20T10:13:04Z,3.599,16.479,0.8059,4.7748,127.745,106.032166,-0.2743,-2.85,10.385,-162.487,0.12371,230330.04846753547,0.038,0
2026-07-20T10:13:04Z,3.599,16.4516,0.8309,4.6148,127.651,105.992564,-0.2742,-2.85,10.385,-163.5408,0.12372,230496.24870756298,0.026,0
2026-07-20T10:13:04Z,3.603,16.4548,0.8317,4.4927,127.56,105.967858,-0.2737,-2.865,10.385,-164.8077,0.12369,230312.44304742425,0.022,0
2026-07-20T10:13:04Z,3.612,16.4807,0.8074,4.4253,127.651,106.115545,-0.2783,-2.875,10.385,-166.2754,0.12368,230773.15864667235,0.028,0
2026-07-20T10:13:04Z,3.62,16.5006,0.7696,4.2786,127.921,106.377536,-0.2792,-2.864,10.386,-167.6054,0.12372,231961.05390176416,0.044,0
2026-07-20T10:13:04Z,3.625,16.5105,0.7491,4.1537,128.076,106.461381,-0.2763,-2.847,10.386,-168.5,0.12373,232291.35582351405,0.066,0
2026-07-20T10:13:04Z,3.634,16.5268,0.7436,4.1442,128.131,106.428862,-0.2804,-2.841,10.386,-169.2629,0.12373,231876.21633920143,0.086,0
2026-07-20T10:13:04Z,3.659,16.5643,0.7353,4.266,128.194,106.429949,-0.2811,-2.827,10.387,-170.2039,0.12377,231349.08338980735,0.101,0
2026-07-20T10:13:04Z,3.703,16.5928,0.7326,4.5339,128.29,106.474466,-0.2796,-2.798,10.388,-171.1875,0.12382,231193.96635642002,0.111,0
2026-07-20T10:13:04Z,3.748,16.5627,0.744,4.719,128.633,106.712378,-0.2766,-2.79,10.389,-172.121,0.12383,232957.91098902895,0.117,0
2026-07-20T10:13:04Z,3.778,16.5188,0.7566,4.7625,129.256,107.141553,-0.2774,-2.786,10.391,-172.9734,0.12377,236016.25945424163,0.116,0
2026-07-20T10:13:04Z,3.798,16.5067,0.7606,4.8196,129.998,107.58833,-0.2778,-2.768,10.392,-173.8361,0.12377,238739.26865316048,0.107,0
2026-07-20T10:13:04Z,3.819,16.4953,0.7498,4.8293,130.766,107.975202,-0.271,-2.763,10.393,-174.9797,0.12377,241127.59844978887,0.094,0
2026-07-20T10:13:04Z,3.843,16.4788,0.7182,4.7083,131.365,108.189295,-0.2723,-2.76,10.395,-176.3046,0.12373,242608.0556960918,0.082,0
2026-07-20T10:13:04Z,3.868,16.455,0.6862,4.6212,131.77,108.266237,-0.2741,-2.746,10.396,-177.4661,0.12373,243409.0873562142,0.075,0
2026-07-20T10:13:04Z,3.888,16.3898,0.6718,4.6972,132.155,108.395757,-0.2691,-2.729,10.398,-178.3541,0.12374,245142.159916135,0.07,0
2026-07-20T10:13:04Z,3.902,16.2859,0.6771,4.774,132.464,108.545176,-0.2711,-2.719,10.399,-179.2113,0.1237,247594.70604721145,0.063,0
2026-07-20T10:13:04Z,3.913,16.1718,0.7003,4.7644,132.604,108.608115,-0.2722,-2.729,10.399,-180.2597,0.12363,249718.1740654513,0.055,0
2026-07-20T10:13:04Z,3.927,16.0682,0.7348,4.8543,132.71,108.647246,-0.2701,-2.734,10.4,-181.3932,0.12364,251557.27484332054,0.049,0
2026-07-20T10:13:04Z,3.942,15.9943,0.7542,4.9734,132.845,108.69986,-0.2699,-2.72,10.401,-182.5056,0.12372,253027.36892025822,0.045,0
2026-07-20T10:13:04Z,3.952,15.9598,0.7435,4.9068,133.046,108.798437,-0.2667,-2.7,10.401,-183.4709,0.12377,254162.68299861802,0.044,0
2026-07-20T10:13:04Z,3.96,15.9501,0.7382,4.766,133.481,109.074887,-0.27,-2.678,10.401,-184.2034,0.1238,255985.3108511734,0.046,0
2026-07-20T10:13:04Z,3.97,15.9319,0.7398,4.7058,133.949,109.367688,-0.2712,-2.67,10.402,-184.8224,0.12377,258052.2918100563,0.053,0
2026-07-20T10:13:04Z,3.98,15.9085,0.7132,4.6563,134.025,109.345526,-0.2688,-2.673,10.404,-185.621,0.12371,258292.417443686,0.063,0
2026-07-20T10:13:04Z,3.994,15.8861,0.6909,4.6117,133.995,109.252588,-0.2677,-2.671,10.406,-186.6316,0.1237,258085.4762455928,0.075,0
2026-07-20T10:13:04Z,4.016,15.8557,0.7198,4.6792,134.321,109.453855,-0.2641,-2.668,10.408,-187.4055,0.12372,259803.5505553716,0.087,0
2026-07-20T10:13:04Z,4.046,15.8201,0.7468,4.7893,134.691,109.677441,-0.2639,-2.669,10.409,-187.9224,0.12374,261752.98349650885,0.092,0
2026-07-20T10:13:04Z,4.077,15.7855,0.725,4.7805,134.772,109.663296,-0.2655,-2.663,10.41,-188.4934,0.12372,262229.7541434953,0.091,0
2026-07-20T10:13:04Z,4.104,15.7629,0.7145,4.8464,134.687,109.537458,-0.2649,-2.65,10.411,-189.2324,0.12366,261822.50191682088,0.081,0
2026-07-20T10:13:04Z,4.128,15.7425,0.7371,5.0746,134.571,109.429533,-0.2642,-2.643,10.412,-190.1475,0.12368,261489.68044703128,0.066,0
2026-07-20T10:13:04Z,4.141,15.7116,0.7404,5.1142,134.706,109.568331,-0.2657,-2.647,10.412,-191.1264,0.12381,262851.26831727015,0.052,0
2026-07-20T10:13:04Z,4.145,15.6773,0.7287,4.9499,135.275,110.069386,-0.2648,-2.654,10.412,-191.9477,0.12384,266531.44830857514,0.043,0
2026-07-20T10:13:04Z,4.146,15.6542,0.7117,4.8298,135.839,110.520446,-0.2632,-2.641,10.412,-192.6779,0.12379,269745.5856008454,0.041,0
2026-07-20T10:13:04Z,4.15,15.6481,0.6683,4.8242,135.958,110.564147,-0.2624,-2.621,10.415,-193.5892,0.12376,270123.4997197288,0.046,0
2026-07-20T10:13:04Z,4.164,15.6628,0.6372,4.8821,135.742,110.342957,-0.2623,-2.611,10.416,-194.6206,0.12373,268485.79764851526,0.058,0
2026-07-20T10:13:04Z,4.185,15.6882,0.6351,4.9137,135.497,110.138679,-0.2651,-2.607,10.417,-195.6837,0.12372,266783.01371930755,0.072,0
2026-07-20T10:13:04Z,4.207,15.6855,0.6599,4.9677,135.381,110.068461,-0.2624,-2.61,10.419,-196.6345,0.12375,266389.43660801736,0.082,0
2026-07-20T10:13:04Z,4.231,15.6546,0.7214,5.0907,135.426,110.130831,-0.2594,-2.605,10.419,-197.3402,0.1238,267293.39437726716,0.088,0
2026-07-20T10:13:04Z,4.257,15.6343,0.7628,5.1367,135.571,110.255977,-0.2601,-2.591,10.42,-198.0212,0.12378,268417.08754544315,0.088,0
2026-07-20T10:13:04Z,4.282,15.6349,0.7604,5.0461,135.645,110.307904,-0.2583,-2.568,10.421,-198.7602,0.12374,268733.15112205286,0.083,0
2026-07-20T10:13:04Z,4.303,15.6476,0.7505,4.8152,135.577,110.249186,-0.2602,-2.547,10.422,-199.478,0.12369,268151.847160669,0.074,0
2026-07-20T10:13:04Z,4.321,15.6604,0.7342,4.5309,135.449,110.182861,-0.259,-2.543,10.423,-200.2466,0.12361,267522.35268759535,0.064,0
2026-07-20T10:13:04Z,4.336,15.6617,0.7056,4.4104,135.445,110.270239,-0.2578,-2.527,10.423,-200.999,0.12361,268048.069237449,0.055,0
2026-07-20T10:13:04Z,4.346,15.6571,0.687,4.4165,135.667,110.54155,-0.2561,-2.506,10.422,-201.6059,0.12367,269829.559882894,0.047,0
2026-07-20T10:13:04Z,4.355,15.6498,0.7014,4.5028,135.923,110.788586,-0.251,-2.506,10.422,-202.0776,0.12372,271510.98816186836,0.042,0
2026-07-20T10:13:04Z,4.364,15.6595,0.7213,4.6681,136.011,110.837118,-0.2543,-2.502,10.422,-202.4007,0.12374,271653.4009593984,0.036,0
2026-07-20T10:13:04Z,4.375,15.7033,0.7278,4.7414,135.88,110.682512,-0.2515,-2.482,10.423,-202.6738,0.12375,269939.1105022787,0.029,0
2026-07-20T10:13:04Z,4.385,15.745,0.7467,4.7059,135.615,110.447657,-0.2466,-2.475,10.424,-203.0563,0.12377,267767.94903092284,0.024,0
2026-07-20T10:13:04Z,4.391,15.759,0.7492,4.6134,135.383,110.290176,-0.2491,-2.483,10.426,-203.4974,0.12377,266552.01689709636,0.019,0
2026-07-20T10:13:04Z,4.392,15.7463,0.709,4.4779,135.187,110.179543,-0.2492,-2.476,10.426,-203.877,0.12374,266073.3738337798,0.015,0
2026-07-20T10:13:04Z,4.392,15.7191,0.6689,4.3999,134.998,110.065333,-0.2459,-2.47,10.426,-204.119,0.12379,265812.6729467755,0.011,0
2026-07-20T10:13:04Z,4.393,15.7082,0.6549,4.387,134.932,110.055639,-0.2443,-2.474,10.428,-204.3583,0.12384,265932.85109551303,0.008,0
2026-07-20T10:13:04Z,4.396,15.7269,0.6484,4.3222,134.884,110.062393,-0.248,-2.456,10.429,-204.7915,0.1238,265665.23688447,0.007,0
2026-07-20T10:13:04Z,4.399,15.7511,0.6401,4.2655,134.816,110.019678,-0.2454,-2.428,10.429,-205.3988,0.12375,264999.72833722335,0.01,0
2026-07-20T10:13:04Z,4.4,15.76,0.6374,4.2817,135.033,110.176029,-0.2435,-2.416,10.429,-206.2808,0.12373,265824.6301648591,0.018,0
2026-07-20T10:13:04Z,4.401,15.7755,0.6569,4.3138,135.687,110.679094,-0.2471,-2.405,10.43,-207.2816,0.12376,268706.5148265952,0.034,0
2026-07-20T10:13:04Z,4.404,15.802,0.7096,4.4479,136.871,111.580472,-0.2439,-2.402,10.432,-208.0352,0.12376,273933.92069324735,0.056,0
2026-07-20T10:13:04Z,4.415,15.8062,0.7585,4.6057,138.405,112.667568,-0.2388,-2.402,10.436,-208.6817,0.12373,280795.7909078089,0.081,0
2026-07-20T10:13:04Z,4.44,15.7907,0.7657,4.5818,139.864,113.568708,-0.2403,-2.378,10.44,-209.4192,0.12381,286900.4977653102,0.103,0
2026-07-20T10:13:04Z,4.48,15.7835,0.7555,4.5011,141.149,114.259293,-0.238,-2.342,10.443,-210.2408,0.12389,291551.5177209764,0.118,0
2026-07-20T10:13:04Z,4.525,15.7716,0.7351,4.4836,142.19,114.774694,-0.2372,-2.32,10.446,-210.9583,0.12383,295173.58180928853,0.126,0
2026-07-20T10:13:04Z,4.564,15.7174,0.7023,4.4389,142.98,115.15003,-0.2402,-2.317,10.449,-211.3842,0.12374,298676.1986791623,0.123,0
2026-07-20T10:13:04Z,4.593,15.6055,0.6919,4.4053,143.575,115.421055,-0.237,-2.323,10.452,-211.6901,0.12372,302598.06380601827,0.111,0
2026-07-20T10:13:04Z,4.615,15.4663,0.7087,4.4528,143.89,115.503364,-0.2331,-2.327,10.453,-212.0757,0.12373,305805.4926438128,0.093,0
2026-07-20T10:13:04Z,4.635,15.3465,0.7219,4.5006,143.816,115.316894,-0.2311,-2.327,10.453,-212.6053,0.1237,306829.1929411444,0.073,0
2026-07-20T10:13:04Z,4.653,15.2578,0.7101,4.539,143.355,114.886238,-0.2321,-2.341,10.454,-213.2753,0.12368,305579.77837160946,0.055,0
2026-07-20T10:13:04Z,4.667,15.1885,0.6993,4.6438,142.835,114.50046,-0.2331,-2.369,10.455,-213.8097,0.12369,304263.0887293279,0.04,0
2026-07-20T10:13:04Z,4.674,15.1273,0.7081,4.7078,142.275,114.155985,-0.2344,-2.387,10.455,-214.076,0.12372,303072.91224893514,0.029,0
2026-07-20T10:13:04Z,4.675,15.0811,0.7166,4.6988,141.65,113.778803,-0.2335,-2.378,10.454,-214.5162,0.12372,301372.6610075679,0.02,0
2026-07-20T10:13:04Z,4.674,15.0546,0.6941,4.7061,141.882,114.080413,-0.2348,-2.359,10.454,-215.3472,0.12372,303944.8595476975,0.019,0
2026-07-20T10:13:04Z,4.676,15.0662,0.669,4.7276,142.972,115.000124,-0.239,-2.353,10.455,-216.3792,0.12375,310078.55498147925,0.029,0
2026-07-20T10:13:04Z,4.681,15.1154,0.6706,4.7198,144.216,115.91756,-0.2412,-2.351,10.457,-217.3581,0.12375,315519.25742958224,0.049,0
2026-07-20T10:13:04Z,4.689,15.1569,0.6556,4.646,145.489,116.764375,-0.2395,-2.338,10.459,-217.9766,0.12371,320659.33043113677,0.074,0
2026-07-20T10:13:04Z,4.709,15.2063,0.6367,4.5861,146.871,117.657903,-0.2357,-2.318,10.46,-218.2646,0.12374,326011.1185746185,0.095,0
2026-07-20T10:13:04Z,4.744,15.2351,0.6511,4.6791,148.695,118.884862,-0.236,-2.303,10.461,-218.432,0.12379,334245.3382568817,0.11,0
2026-07-20T10:13:04Z,4.789,15.1954,0.6712,4.8477,150.085,119.748945,-0.2365,-2.295,10.464,-218.6239,0.12377,341398.23168256436,0.116,0
2026-07-20T10:13:04Z,4.829,15.1288,0.6805,4.9166,150.784,120.077527,-0.2355,-2.284,10.467,-218.9496,0.12375,345264.36471004377,0.111,0
2026-07-20T10:13:04Z,4.857,15.052,0.7049,4.9317,152.16,121.009682,-0.2332,-2.274,10.468,-219.359,0.12376,353929.00006613275,0.098,0
2026-07-20T10:13:04Z,4.876,14.9758,0.7331,4.9285,154.335,122.608473,-0.2316,-2.269,10.469,-219.8739,0.12375,367880.72690776194,0.082,0
2026-07-20T10:13:04Z,4.887,14.8903,0.7475,4.9113,156.268,123.987608,-0.2326,-2.255,10.47,-220.6147,0.12374,380700.4721987468,0.067,0
2026-07-20T10:13:04Z,4.897,14.8017,0.7533,4.963,156.966,124.365942,-0.231,-2.25,10.472,-221.4328,0.12371,385862.97680563986,0.059,0
2026-07-20T10:13:04Z,4.909,14.7563,0.8122,5.9285,156.187,123.613928,-0.2297,-2.26,10.474,-222.2807,0.12372,380969.4044617082,0.058,0
2026-07-20T10:13:04Z,4.924,14.7245,0.9272,7.8066,154.958,122.605896,-0.2311,-2.255,10.477,-223.2088,0.12376,373761.81216570555,0.061,0
2026-07-20T10:13:04Z,4.942,14.671,0.9697,9.0537,154.106,121.991687,-0.2288,-2.253,10.478,-223.9644,0.12378,370207.01392122614,0.063,0
2026-07-20T10:13:04Z,4.962,14.6087,0.9683,11.4089,153.624,121.731608,-0.227,-2.267,10.478,-224.5339,0.12383,369635.37685574533,0.063,0
2026-07-20T10:13:04Z,4.982,14.5547,1.1093,36.3178,153.65,121.882863,-0.2319,-2.272,10.478,-225.1039,0.12384,372097.2510102775,0.058,0
2026-07-20T10:13:04Z,4.997,14.5462,1.3517,82.0055,153.935,122.163907,-0.2293,-2.287,10.478,-225.7803,0.12381,374516.9040754512,0.051,0
2026-07-20T10:13:04Z,5.008,14.5712,1.477,106.7618,154.015,122.198552,-0.2275,-2.305,10.478,-226.6029,0.12383,374195.04310171073,0.041,0
2026-07-20T10:13:04Z,5.015,14.6118,1.4764,107.1855,154.116,122.237995,-0.2322,-2.299,10.479,-227.3926,0.12383,373540.7184785289,0.032,0
2026-07-20T10:13:04Z,5.02,14.6713,1.1612,87.4697,154.313,122.385851,-0.2296,-2.289,10.48,-228.0148,0.12378,373292.9095145086,0.025,0
2026-07-20T10:13:04Z,5.024,14.6899,0.5535,50.9627,154.225,122.329465,-0.2312,-2.285,10.48,-228.5332,0.12378,372409.29206976335,0.02,0
2026-07-20T10:13:04Z,5.027,14.6664,0.229,30.9117,153.869,122.066046,-0.2362,-2.287,10.479,-228.9285,0.12381,370897.6402195268,0.018,0
2026-07-20T10:13:04Z,5.032,14.649,0.2011,28.3697,153.593,121.877237,-0.2327,-2.301,10.479,-229.2665,0.12379,369828.3702984205,0.016,0
2026-07-20T10:13:04Z,5.037,14.6491,0.1335,21.0463,153.723,122.022003,-0.2321,-2.291,10.479,-229.7808,0.12378,370960.0904660818,0.016,0
2026-07-20T10:13:04Z,5.042,14.6563,0.0275,7.8834,154.016,122.287108,-0.2328,-2.263,10.48,-230.4157,0.12379,372871.75222569646,0.016,0
2026-07-20T10:13:04Z,5.045,14.6606,-0.0244,0.6643,153.986,122.27886,-0.2304,-2.245,10.48,-231.0921,0.12381,372705.0505389553,0.017,0
2026-07-20T10:13:04Z,5.048,14.6689,-0.0273,0.0639,153.907,122.240915,-0.2355,-2.227,10.481,-231.8498,0.12382,372210.5057685379,0.017,0
2026-07-20T10:13:04Z,5.052,14.6869,-0.0242,0.1449,155.893,123.867475,-0.2335,-2.216,10.481,-232.6075,0.1238,384678.77302434715,0.017,0
2026-07-20T10:13:04Z,5.058,14.6999,-0.0114,0.2097,167.286,132.9596,-0.2282,-2.211,10.482,-233.3705,0.12374,461390.94940954493,0.018,0
2026-07-20T10:13:04Z,5.063,14.6988,0.0186,0.1979,186.313,148.000227,-0.2285,-2.195,10.483,-234.1921,0.12371,608242.7178585895,0.019,0
2026-07-20T10:13:04Z,5.068,14.7058,0.0309,0.1052,192.139,152.391061,-0.2256,-2.175,10.485,-234.9697,0.12374,655545.1392042745,0.019,0
2026-07-20T10:13:04Z,5.073,14.7235,0.0122,-0.0568,179.688,142.293104,-0.224,-2.172,10.486,-235.6315,0.12375,548753.6610025573,0.018,0
2026-07-20T10:13:04Z,5.078,14.7473,0.0086,-0.0538,167.461,132.57493,-0.225,-2.176,10.487,-236.2567,0.12371,456580.28713206924,0.017,0
2026-07-20T10:13:04Z,5.082,14.7413,0.0374,0.1415,163.888,129.867615,-0.223,-2.176,10.489,-236.8504,0.12368,433089.2917971084,0.016,0
2026-07-20T10:13:04Z,5.086,14.6506,0.0619,0.2557,165.433,131.237602,-0.2195,-2.174,10.489,-236.9594,0.1237,447540.14305491344,0.015,0
2026-07-20T10:13:04Z,5.089,14.5594,0.0627,0.2337,166.568,132.245223,-0.2211,-2.166,10.49,-236.8004,0.12373,459111.23671479966,0.014,0
2026-07-20T10:13:04Z,5.092,14.5636,0.0383,0.1485,164.928,131.021239,-0.2218,-2.166,10.491,-237.2512,0.12376,448114.05357209285,0.013,0
2026-07-20T10:13:04Z,5.095,14.6177,-1e-4,0.0114,164.528,130.783078,-0.2209,-2.167,10.492,-237.4195,0.12376,444483.36281372036,0.013,0
2026-07-20T10:13:04Z,5.099,14.6663,-0.0179,-0.0917,166.73,132.618018,-0.2214,-2.148,10.493,-236.77,0.12373,459320.6389419788,0.014,0
2026-07-20T10:13:04Z,5.103,14.6977,-0.0191,-0.1075,169.188,134.655193,-0.2191,-2.125,10.493,-236.4542,0.12373,476781.6627758479,0.014,0
2026-07-20T10:13:04Z,5.106,14.7161,-0.0147,-0.0765,170.869,136.095941,-0.2191,-2.124,10.494,-236.6978,0.12371,489472.74548137316,0.013,0
2026-07-20T10:13:04Z,5.109,14.7396,-0.0057,-0.0598,171.141,136.456587,-0.2212,-2.139,10.495,-237.0481,0.12366,492088.6386256382,0.011,0
2026-07-20T10:13:04Z,5.113,14.7686,-0.0108,-0.0758,168.953,134.870893,-0.2178,-2.146,10.495,-237.4203,0.12367,476602.2974555771,0.009,0
2026-07-20T10:13:04Z,5.115,14.7889,-0.0267,-0.0307,161.395,128.975124,-0.2139,-2.138,10.495,-237.9298,0.12369,424172.7815994521,0.007,0
2026-07-20T10:13:04Z,5.116,14.8141,-0.0145,0.1441,151.602,121.260723,-0.2142,-2.134,10.496,-238.4752,0.12366,361218.5122734428,0.005,0
2026-07-20T10:13:04Z,5.117,14.8621,0.0288,0.2959,153.894,123.173631,-0.2167,-2.153,10.496,-238.9381,0.12363,374956.8541009419,0.003,0
2026-07-20T10:13:04Z,5.117,14.9134,0.0639,0.301,165.696,132.660363,-0.2175,-2.189,10.495,-239.311,0.12367,452548.6475286227,0.002,0
2026-07-20T10:13:04Z,5.117,14.9565,0.0765,0.2403,163.17,130.665596,-0.2157,-2.226,10.495,-239.5426,0.12375,434025.37288619514,0.002,0
2026-07-20T10:13:04Z,5.118,14.996,0.0568,0.1423,151.185,121.093305,-0.2139,-2.256,10.496,-239.6732,0.1238,355815.6909110166,0.001,0
2026-07-20T10:13:04Z,5.118,15.02,0.0337,0.0724,154.324,123.615474,-0.2161,-2.26,10.497,-239.9435,0.12383,374675.805302761,0.001,0
2026-07-20T10:13:04Z,5.118,15.0276,0.0301,0.0786,165.041,132.184192,-0.2207,-2.25,10.498,-240.4025,0.12379,445145.6663585769,0.001,0
2026-07-20T10:13:04Z,5.119,15.0364,0.0129,0.0464,168.39,134.839508,-0.224,-2.253,10.498,-240.6618,0.12372,468306.61138419295,0.001,0
2026-07-20T10:13:04Z,5.119,15.0474,-0.0068,-0.01,167.75,134.303211,-0.2283,-2.242,10.497,-240.7557,0.12372,463197.68251408194,0.001,0
2026-07-20T10:13:04Z,5.119,15.0497,-0.0088,-0.0558,167.69,134.243926,-0.2289,-2.21,10.496,-241.0219,0.12373,462603.5075433857,0,0
2026-07-20T10:13:04Z,5.119,15.0438,-0.0036,-0.0974,168.738,135.079092,-0.2247,-2.18,10.497,-241.5571,0.12378,470234.9285133532,0,0
2026-07-20T10:13:04Z,5.119,15.0336,-0.0021,-0.1035,169.873,135.984565,-0.2282,-2.149,10.498,-242.4088,0.12378,478712.6650742926,0,0
2026-07-20T10:13:04Z,5.119,15.0257,0.0103,-0.0273,170.548,136.520081,-0.2273,-2.115,10.498,-243.3182,0.12367,483829.2917126688,0.001,0
2026-07-20T10:13:04Z,5.119,15.023,0.0207,0.1405,170.703,136.643969,-0.2214,-2.083,10.498,-243.8622,0.12365,485044.74939209287,0.003,0
2026-07-20T10:13:04Z,5.119,15.0226,0.0158,0.2859,167.992,134.485397,-0.2203,-2.056,10.498,-244.0822,0.12372,465548.2612725866,0.005,0
2026-07-20T10:13:04Z,5.12,15.0221,0.0344,0.33,164.907,132.032673,-0.2164,-2.045,10.498,-244.4302,0.12377,443985.51032836904,0.007,0
2026-07-20T10:13:04Z,5.123,15.0198,0.062,0.2988,165.23,132.29857,-0.213,-2.044,10.499,-245.0581,0.12375,446359.38860772795,0.009,0
2026-07-20T10:13:04Z,5.126,15.0184,0.0671,0.2836,163.527,130.944555,-0.2098,-2.029,10.5,-245.7367,0.1237,434714.12711086555,0.011,0
2026-07-20T10:13:04Z,5.13,15.0227,0.062,0.215,159.999,128.158004,-0.2065,-2.022,10.5,-246.3552,0.12371,411147.93880822445,0.011,0
2026-07-20T10:13:04Z,5.134,15.0308,0.0585,0.1179,160.19,128.377633,-0.205,-2.044,10.5,-246.8567,0.12379,412756.03781702067,0.01,0
2026-07-20T10:13:04Z,5.137,15.032,0.042,0.1006,164.883,132.197809,-0.2073,-2.066,10.501,-247.3276,0.12383,445140.1412421494,0.009,0
2026-07-20T10:13:04Z,5.139,15.0293,0.0123,0.0058,170.206,136.477747,-0.2042,-2.07,10.501,-248.0906,0.12381,483332.62130775664,0.008,0
2026-07-20T10:13:04Z,5.14,15.0426,-0.009,-0.1065,170.785,136.89787,-0.2016,-2.057,10.5,-249.1122,0.12378,486768.29711903195,0.006,0
2026-07-20T10:13:04Z,5.141,15.0678,-0.0162,-0.0951,166.881,133.70841,-0.2063,-2.037,10.499,-250.0432,0.12375,457337.6994501501,0.005,0
2026-07-20T10:13:04Z,5.142,15.0899,-0.0165,-0.0276,162.976,130.559519,-0.2084,-2.019,10.498,-250.7434,0.12371,429482.45668719115,0.005,0
2026-07-20T10:13:04Z,5.143,15.0963,-0.0201,-0.0078,162.062,129.873748,-0.209,-2.01,10.498,-251.211,0.12367,423518.8756549298,0.005,0
2026-07-20T10:13:04Z,5.145,15.0772,-0.0105,0.0082,162.349,130.199225,-0.2071,-2.01,10.498,-251.4814,0.12369,426775.091618632,0.005,0
2026-07-20T10:13:04Z,5.147,15.0523,0.0077,0.0633,161.531,129.650377,-0.2051,-2.001,10.498,-251.7756,0.12376,422815.8685544434,0.005,0
2026-07-20T10:13:04Z,5.148,15.0425,0.0077,0.0431,159.935,128.464859,-0.2032,-1.989,10.499,-252.4451,0.12379,413174.165273897,0.004,0
2026-07-20T10:13:04Z,5.148,15.0595,0.0156,0.038,159.011,127.785383,-0.2016,-1.993,10.5,-253.2957,0.12379,407125.3128579735,0.003,0
2026-07-20T10:13:04Z,5.149,15.0946,0.045,0.1377,159.255,128.000478,-0.2026,-1.985,10.5,-253.8868,0.12373,407990.0260005404,0.002,0
2026-07-20T10:13:04Z,5.15,15.1288,0.0636,0.2242,161.718,129.982016,-0.2019,-1.967,10.499,-254.3434,0.12367,423560.60737329087,0.002,0
2026-07-20T10:13:04Z,5.15,15.1618,0.066,0.2293,168.247,135.232366,-0.1979,-1.965,10.499,-254.7721,0.12372,468112.6207839339,0.001,0
2026-07-20T10:13:04Z,5.15,15.1838,0.0651,0.1999,173.924,139.772262,-0.2013,-1.969,10.5,-255.1116,0.12379,508996.43476007204,0.001,0
2026-07-20T10:13:04Z,5.151,15.1852,0.0441,0.1076,172.118,138.260911,-0.1999,-1.969,10.5,-255.5238,0.12375,494886.5782226307,0.001,0
2026-07-20T10:13:04Z,5.151,15.1817,0.0204,-0.0334,165.592,132.965158,-0.1961,-1.958,10.501,-256.0561,0.1237,447584.7341190429,0,0
2026-07-20T10:13:04Z,5.151,15.1883,0.0205,-0.0689,160.979,129.240339,-0.1977,-1.943,10.501,-256.4717,0.1237,415794.81668888096,5.5896e-8,0
2026-07-20T10:13:04Z,5.151,15.1847,0.0124,-0.0485,159.319,127.907847,-0.1973,-1.934,10.501,-256.849,0.12374,404922.679393703,6.1485e-7,0
2026-07-20T10:13:04Z,5.151,15.1587,-0.004,-0.0601,158.879,127.563209,-0.1989,-1.922,10.501,-257.5213,0.12374,402774.63248936326,0,0
2026-07-20T10:13:04Z,5.151,15.1392,-0.0108,-0.0727,159.254,127.877845,-0.1966,-1.899,10.502,-258.4903,0.12373,405839.77492306085,0,0
2026-07-20T10:13:04Z,5.151,15.1372,-0.0112,-0.0293,159.728,128.270205,-0.1951,-1.881,10.503,-259.4457,0.1237,409109.9648487504,0.001,0
2026-07-20T10:13:04Z,5.15,15.1371,-0.0092,0.0195,159.827,128.355374,-0.1942,-1.878,10.503,-259.8663,0.12365,409813.3491677825,0.001,0
2026-07-20T10:13:04Z,5.15,15.1409,NA,NA,NA,NA,-0.194,NA,NA,NA,0.1236,NA,NA,0
2026-07-20T10:13:04Z,5.151,15.1459,NA,NA,NA,NA,-0.1907,NA,NA,NA,0.12358,NA,NA,0
2026-07-20T10:13:04Z,5.153,15.1493,NA,NA,NA,NA,-0.1875,NA,NA,NA,0.12365,NA,NA,0
