DateTime,Depth_m,Temp_C,CDOM_ugL,Chla_ugL,Phycoerythrin_ugL,Phycocyanin_ugL,Turbidity_NTU,Cond_uScm,SpCond_uScm,DO_mgL,DOsat_percent,PAR,Salinity,DescRate_ms ,Flag
2026-08-20T11:14:19Z,-0.109,26.3245,17.91,2.2179,0.3408,1.0575,30.991,128.89,132.45759,7.2362,90.829,667.46,233454.20029242645,0.08,0
2026-08-20T11:14:19Z,-0.091,26.3502,17.91,2.4239,0.3408,1.0575,17.2895,132.093,135.742914,7.2594,90.952,680.05,248291.7544358084,0.072,0
2026-08-20T11:14:19Z,-0.075,26.3654,17.91,2.4315,0.3408,1.0575,17.3046,133.18,136.842528,7.2821,91.021,702.12,253291.96043383793,0.066,0
2026-08-20T11:14:19Z,-0.059,26.3732,17.91,2.4086,0.3408,1.0575,17.2895,132.104,135.711465,7.3017,91.056,718.01,247844.36964000907,0.061,0
2026-08-20T11:14:19Z,-0.044,26.3758,17.91,2.4048,0.3408,1.0575,17.2744,132.959,136.559777,7.3167,91.078,736.34,251811.39644990987,0.058,0
2026-08-20T11:14:19Z,-0.03,26.3739,14.58,2.5002,0.213,0.8883,18.0448,137.847,141.552932,7.3268,91.11,746.82,276188.53686864756,0.056,0
2026-08-20T11:14:19Z,-0.016,26.3679,14.58,2.4735,0.213,0.8883,17.8937,143.98,147.830945,7.3331,91.163,753.99,308878.2877771011,0.054,0
2026-08-20T11:14:19Z,-0.003,26.3586,14.58,2.4849,0.213,0.8883,17.9541,148.448,152.403003,7.3372,91.242,754.81,334198.02532413683,0.051,0
2026-08-20T11:14:19Z,0.01,26.3481,14.58,2.4773,0.213,0.8883,17.9239,151.128,155.138217,7.3403,91.348,751.86,350027.69399326394,0.047,0
2026-08-20T11:14:19Z,0.023,26.3389,14.67,4.6594,0.213,0.7614,398.8628,152.739,156.769985,7.344,91.469,741.16,359744.2232921609,0.04,0
2026-08-20T11:14:19Z,0.035,26.332,14.67,4.6555,0.213,0.7614,398.8779,153.708,157.737453,7.3491,91.578,508.81,365611.61731137946,0.032,0
2026-08-20T11:14:19Z,0.044,26.3267,14.67,4.667,0.213,0.7614,398.8326,154.29,158.306626,7.3561,91.638,444.67,369115.5015875053,0.021,0
2026-08-20T11:14:19Z,0.048,26.3211,14.67,4.667,0.213,0.7614,398.893,154.639,158.641309,7.3653,91.62,382.93,371234.2908902769,0.012,0
2026-08-20T11:14:19Z,0.047,26.3137,14.85,2.0806,0.2556,1.0152,352.9544,154.847,158.838763,7.3761,91.525,380.44,372568.3958425469,0.004,0
2026-08-20T11:14:19Z,0.044,26.3047,14.85,2.031,0.2556,1.0152,352.9393,154.963,158.947635,7.386,91.372,497,373402.1749718383,0,0
2026-08-20T11:14:19Z,0.04,26.2957,14.85,2.0653,0.2556,1.0152,352.8486,155.023,159.000965,7.392,91.191,660.82,373901.55531328166,0,0
2026-08-20T11:14:19Z,0.038,26.2882,14.85,2.0577,0.2556,1.0152,352.8335,155.061,159.029009,7.3916,91.019,702.73,374218.95409289777,0.004,0
2026-08-20T11:14:19Z,0.04,26.2828,14.76,2.6108,0.213,1.0152,90.5405,155.092,159.043252,7.3846,90.89,722.71,374411.6397407833,0.01,0
2026-08-20T11:14:19Z,0.044,26.2795,14.76,2.6299,0.213,1.0152,90.4952,155.114,159.043484,7.3727,90.829,735.54,374478.1596247251,0.016,0
2026-08-20T11:14:19Z,0.051,26.2769,14.76,2.6185,0.213,1.0152,90.5254,155.125,159.033773,7.3584,90.84,770.55,374470.68917983334,0.022,0
2026-08-20T11:14:19Z,0.059,26.2733,14.76,2.6223,0.213,1.0152,90.5708,155.125,159.019543,7.345,90.912,757.6,374455.5982916422,0.025,0
2026-08-20T11:14:19Z,0.066,26.2676,14.76,3.9613,0.213,1.0152,65.7509,155.118,159.005016,7.3354,91.021,709.79,374480.15358940803,0.025,0
2026-08-20T11:14:19Z,0.073,26.2605,15.12,3.9651,0.2556,0.9729,65.7811,155.107,158.990326,7.3314,91.143,574.77,374531.3647784072,0.023,0
2026-08-20T11:14:19Z,0.079,26.2538,15.12,3.9803,0.2556,0.9729,65.8264,155.088,158.971556,7.3332,91.251,589.44,374549.9795669995,0.019,0
2026-08-20T11:14:19Z,0.084,26.249,15.12,3.9651,0.2556,0.9729,65.7056,155.062,158.947709,7.3396,91.324,596.01,374500.3239227827,0.015,0
2026-08-20T11:14:19Z,0.086,26.2464,15.12,4.0032,0.2556,0.9729,51.8077,155.026,158.916434,7.3488,91.36,639.9,374362.24356487807,0.011,0
2026-08-20T11:14:19Z,0.088,26.2454,14.85,3.9994,0.213,0.9729,51.7774,154.989,158.88342,7.3587,91.368,637.41,374182.08142393746,0.008,0
2026-08-20T11:14:19Z,0.089,26.2456,14.85,4.0147,0.213,0.9729,51.6868,154.966,158.863912,7.3674,91.361,730.92,374060.04565826064,0.006,0
2026-08-20T11:14:19Z,0.09,26.2468,14.85,4.0414,0.213,0.9729,51.853,154.957,158.856717,7.3732,91.35,726.01,373992.83327083924,0.005,0
2026-08-20T11:14:19Z,0.091,26.2486,14.85,4.6288,0.213,0.9729,56.9438,154.952,158.851901,7.3759,91.339,621,373928.1981836964,0.004,0
2026-08-20T11:14:19Z,0.093,26.2502,15.12,4.6059,0.2556,0.9729,56.823,154.951,158.848178,7.3764,91.332,638.79,373874.1296577859,0.004,0
2026-08-20T11:14:19Z,0.094,26.2513,15.12,4.6021,0.2556,0.9729,56.8079,154.951,158.842553,7.3757,91.337,669.49,373818.41685473185,0.004,0
2026-08-20T11:14:19Z,0.094,26.2519,15.12,4.6174,0.2556,0.9729,56.9741,154.953,158.833525,7.3746,91.359,694.23,373751.9795610192,0.004,0
2026-08-20T11:14:19Z,0.095,26.252,15.12,3.6523,0.2556,0.9729,43.62,154.968,158.828708,7.3737,91.388,746.82,373720.87170135864,0.004,0
2026-08-20T11:14:19Z,0.096,26.2513,15.12,3.6523,0.2556,0.9729,43.6804,154.997,158.82882,7.3733,91.421,712.11,373735.3411910024,0.005,0
2026-08-20T11:14:19Z,0.097,26.2496,15.48,3.6294,0.2556,0.9729,43.6502,155.032,158.827877,7.374,91.464,605.41,373763.1348085367,0.006,0
2026-08-20T11:14:19Z,0.099,26.2459,15.48,3.637,0.2556,0.9729,43.7257,155.063,158.823621,7.3762,91.517,723.34,373810.30440108135,0.007,0
2026-08-20T11:14:19Z,0.101,26.2394,15.48,5.2773,0.2556,0.9729,151.5856,155.09,158.816918,7.3794,91.581,730.45,373897.8759345707,0.008,0
2026-08-20T11:14:19Z,0.104,26.2297,15.48,5.2773,0.2556,0.9729,151.631,155.114,158.811991,7.3834,91.652,690.02,374059.3513496235,0.008,0
2026-08-20T11:14:19Z,0.106,26.218,15.12,5.2812,0.2556,1.0575,151.6461,155.133,158.805523,7.3884,91.721,865.55,374251.06957440806,0.008,0
2026-08-20T11:14:19Z,0.108,26.2062,15.12,5.2812,0.2556,1.0575,151.631,155.139,158.789773,7.3942,91.779,647.32,374388.6407103505,0.008,0
2026-08-20T11:14:19Z,0.11,26.1953,15.12,4.6784,0.2556,1.0575,357.9395,155.137,158.770561,7.4008,91.822,777.45,374487.51721270237,0.007,0
2026-08-20T11:14:19Z,0.112,26.1855,15.12,4.6861,0.2556,1.0575,357.9244,155.134,158.752785,7.4079,91.847,819.96,374573.40619637584,0.006,0
2026-08-20T11:14:19Z,0.113,26.1772,15.12,4.6746,0.2556,0.9729,357.9848,155.128,158.735711,7.4146,91.856,632.99,374633.9292559766,0.005,0
2026-08-20T11:14:19Z,0.114,26.1703,15.12,4.6937,0.2556,0.9729,357.9999,155.124,158.722802,7.4202,91.851,686.43,374692.05657033186,0.004,0
2026-08-20T11:14:19Z,0.114,26.1647,15.12,4.6365,0.2556,0.9729,357.9999,155.126,158.718632,7.4244,91.839,611.23,374777.5271931545,0.003,0
2026-08-20T11:14:19Z,0.115,26.1601,15.12,5.0599,0.2556,0.9729,241.1668,155.134,158.722089,7.4271,91.823,580.92,374889.54279485584,0.003,0
2026-08-20T11:14:19Z,0.116,26.1565,15.3,5.0485,0.213,1.0152,241.2272,155.137,158.72207,7.4283,91.807,636.99,374960.6888903544,0.003,0
2026-08-20T11:14:19Z,0.116,26.1537,15.3,5.037,0.213,1.0152,241.1366,155.13,158.714561,7.4283,91.792,629.56,374970.5201094412,0.003,0
2026-08-20T11:14:19Z,0.117,26.1515,15.3,5.0485,0.213,1.0152,241.1215,155.12,158.705576,7.4276,91.781,665.43,374959.5069580438,0.003,0
2026-08-20T11:14:19Z,0.118,26.15,15.3,3.7209,0.213,1.0152,473.9418,155.11,158.696728,7.4265,91.773,625.33,374935.46563092235,0.002,0
2026-08-20T11:14:19Z,0.118,26.1493,15.3,3.7171,0.213,1.0152,473.9116,155.101,158.689666,7.4253,91.763,723.02,374906.43337044347,0.002,0
2026-08-20T11:14:19Z,0.119,26.1492,15.03,3.7438,0.213,1.0152,473.8965,155.095,158.686513,7.4242,91.75,792.12,374889.263748176,0.002,0
2026-08-20T11:14:19Z,0.119,26.1494,15.03,3.6713,0.213,1.0152,473.7756,155.087,158.682423,7.4232,91.735,672.26,374860.46619638347,0.002,0
2026-08-20T11:14:19Z,0.119,26.1498,15.03,3.2021,0.213,1.0152,338.0292,155.075,158.676304,7.4225,91.722,616.16,374815.3908239391,0.002,0
2026-08-20T11:14:19Z,0.12,26.1505,15.03,3.2441,0.213,1.0152,337.999,155.068,158.674541,7.4216,91.706,721.3,374790.83155947714,0.002,0
2026-08-20T11:14:19Z,0.12,26.1516,15.03,3.2212,0.213,0.9306,338.0292,155.063,158.676663,7.4204,91.687,674.31,374781.94736729946,0.002,0
2026-08-20T11:14:19Z,0.121,26.1531,15.03,3.2288,0.213,0.9306,338.0292,155.053,158.675222,7.419,91.67,767.21,374743.516130099,0.002,0
2026-08-20T11:14:19Z,0.121,26.1548,15.03,3.4539,0.213,0.9306,276.395,155.037,158.669833,7.4177,91.658,680.79,374677.166051881,0.002,0
2026-08-20T11:14:19Z,0.122,26.1567,15.03,3.4577,0.213,0.9306,276.3648,155.021,158.663067,7.4161,91.646,915.26,374598.51461718,0.002,0
2026-08-20T11:14:19Z,0.122,26.159,15.48,3.4806,0.2556,0.9306,276.4554,155,158.649114,7.4143,91.633,675.04,374468.3590255206,0.002,0
2026-08-20T11:14:19Z,0.123,26.162,15.48,3.4806,0.2556,0.9306,276.4856,154.973,158.62826,7.4126,91.618,669.49,374282.549892711,0.001,0
2026-08-20T11:14:19Z,0.123,26.1654,15.48,3.6637,0.2556,0.9306,182.7804,154.947,158.610978,7.4111,91.597,746.65,374110.5774923718,0.001,0
2026-08-20T11:14:19Z,0.123,26.1685,15.48,3.637,0.2556,0.9306,182.6898,154.927,158.600674,7.4097,91.576,840.16,373986.89633133746,0.001,0
2026-08-20T11:14:19Z,0.123,26.171,15.48,3.6675,0.2556,0.9306,182.7653,154.909,158.590595,7.4084,91.559,868.75,373876.45963565214,0.001,0
2026-08-20T11:14:19Z,0.123,26.1732,15.48,3.6599,0.2556,1.0152,182.7351,154.891,158.578053,7.4068,91.546,889.19,373757.04908408335,0.001,0
2026-08-20T11:14:19Z,0.123,26.1759,15.48,3.6942,0.2556,1.0152,176.2998,154.882,158.571728,7.4048,91.536,810.75,373665.47100663034,0.001,0
2026-08-20T11:14:19Z,0.123,26.1792,15.48,3.7095,0.2556,1.0152,176.5868,154.878,158.569933,7.4027,91.535,812.51,373589.5213945825,0.001,0
2026-08-20T11:14:19Z,0.124,26.1821,15.48,3.6942,0.2556,1.0152,176.3753,154.866,158.560166,7.4009,91.541,1033.7,373473.2034021874,0.001,0
2026-08-20T11:14:19Z,0.124,26.184,15.48,3.7171,0.213,0.8037,176.4206,154.848,158.543829,7.3995,91.552,917.45,373336.85258270724,0.002,0
2026-08-20T11:14:19Z,0.125,26.1849,15.48,3.7095,0.213,0.8037,224.021,154.834,158.528591,7.3987,91.564,896.76,373226.8900942811,0.002,0
2026-08-20T11:14:19Z,0.125,26.1856,15.48,3.698,0.213,0.8037,223.7793,154.825,158.518404,7.3985,91.575,871.21,373151.45390888024,0.003,0
2026-08-20T11:14:19Z,0.126,26.1865,15.48,3.7362,0.213,0.8037,223.8699,154.828,158.518569,7.3989,91.581,857.69,373134.72910725675,0.003,0
2026-08-20T11:14:19Z,0.127,26.187,15.57,3.7133,0.2556,0.9729,223.8548,154.837,158.525121,7.3997,91.586,918.45,373164.53044041153,0.003,0
2026-08-20T11:14:19Z,0.127,26.1869,15.57,3.9536,0.2556,0.9729,189.5481,154.843,158.527782,7.4007,91.595,977.77,373182.6022368894,0.003,0
2026-08-20T11:14:19Z,0.128,26.1863,15.57,3.9498,0.2556,0.9729,189.4726,154.843,158.523255,7.4016,91.604,876.15,373167.0230663343,0.004,0
2026-08-20T11:14:19Z,0.129,26.1855,15.57,3.9803,0.2556,0.9729,189.5028,154.839,158.514338,7.4022,91.615,681.82,373128.8172972451,0.004,0
2026-08-20T11:14:19Z,0.13,26.1846,15.66,3.9689,0.2556,0.9729,189.397,154.84,158.51068,7.4028,91.629,855.27,373124.4040926938,0.004,0
2026-08-20T11:14:19Z,0.131,26.1834,15.66,4.2664,0.2556,0.9729,178.8527,154.845,158.511304,7.4036,91.645,899.1,373151.8107862094,0.004,0
2026-08-20T11:14:19Z,0.132,26.182,15.66,4.2817,0.2556,0.9729,178.8225,154.841,158.504352,7.4045,91.666,995.35,373137.30977737217,0.004,0
2026-08-20T11:14:19Z,0.133,26.1805,15.66,4.2588,0.2556,0.9729,178.8074,154.833,158.491978,7.4056,91.69,840.89,373091.96568257705,0.003,0
2026-08-20T11:14:19Z,0.134,26.1789,15.66,4.2588,0.2556,0.9729,178.8074,154.829,158.482907,7.4069,91.712,886.68,373068.5785460169,0.003,0
2026-08-20T11:14:19Z,0.135,26.1777,15.39,5.3689,0.213,0.9729,203.7784,154.826,158.47472,7.4084,91.731,895.59,373042.6637112281,0.002,0
2026-08-20T11:14:19Z,0.136,26.1766,15.39,5.3498,0.213,0.9729,203.7179,154.823,158.465233,7.4102,91.748,883.99,373006.91327444324,0.001,0
2026-08-20T11:14:19Z,0.136,26.1753,15.39,5.3689,0.213,0.9729,203.6424,154.824,158.459932,7.4124,91.762,1373.5,373000.4304121744,0,0
2026-08-20T11:14:19Z,0.136,26.1738,15.39,5.3727,0.213,0.9729,203.733,154.833,158.461411,7.4144,91.772,815.34,373038.9140333076,-0.001,0
2026-08-20T11:14:19Z,0.136,26.172,15.3,6.2348,0.213,0.8883,200.2283,154.847,158.466056,7.4161,91.777,811.1,373102.4723118795,-0.002,0
2026-08-20T11:14:19Z,0.135,26.17,15.3,6.2196,0.213,0.8883,200.2586,154.864,158.471098,7.4177,91.777,836.52,373172.3844989761,-0.004,0
2026-08-20T11:14:19Z,0.134,26.1678,15.3,6.2196,0.213,0.8883,200.2132,154.888,158.481889,7.4192,91.767,895.98,373281.05989830696,-0.006,0
2026-08-20T11:14:19Z,0.132,26.1652,15.3,6.1967,0.213,0.8883,200.1377,154.924,158.501306,7.4203,91.747,753.66,373449.8927781052,-0.009,0
2026-08-20T11:14:19Z,0.13,26.1621,15.12,6.0708,0.213,0.8883,173.1727,154.969,158.526509,7.4212,91.713,835.79,373663.7115130334,-0.012,0
2026-08-20T11:14:19Z,0.127,26.1584,15.12,6.0975,0.213,0.8883,173.3087,155.019,158.552196,7.4216,91.652,662.54,373892.4093383139,-0.015,0
2026-08-20T11:14:19Z,0.123,26.1539,15.12,6.0861,0.213,0.8883,173.3238,155.06,158.569181,7.4215,91.554,398.81,374084.2535082109,-0.018,0
2026-08-20T11:14:19Z,0.118,26.1483,15.12,6.0861,0.213,0.8883,173.2332,155.08,158.573975,7.4206,91.414,343.35,374223.96884435794,-0.021,0
2026-08-20T11:14:19Z,0.111,26.1414,15.12,2.7405,0.213,0.8883,45.5687,155.078,158.571863,7.4188,91.24,456.52,374347.5351284307,-0.021,0
2026-08-20T11:14:19Z,0.104,26.1332,15.3,2.7215,0.2556,1.0152,45.5687,155.064,158.574305,7.415,91.059,956.96,374524.5188248128,-0.018,0
2026-08-20T11:14:19Z,0.097,26.1253,15.3,2.7443,0.2556,1.0152,45.5989,155.049,158.585962,7.4081,90.907,552.6,374751.6455512328,-0.014,0
2026-08-20T11:14:19Z,0.093,26.1202,15.3,2.7443,0.2556,1.0152,45.614,155.027,158.593914,7.3974,90.81,1011.9,374900.944563422,-0.008,0
2026-08-20T11:14:19Z,0.093,26.1202,15.3,2.4086,0.2556,1.0152,28.8761,154.997,158.592266,7.3834,90.776,537.91,374890.92986515345,-0.001,0
2026-08-20T11:14:19Z,0.095,26.1255,16.47,2.4582,0.2556,1.0998000000000001,28.9063,154.966,158.584589,7.368,90.808,417.15,374739.3465798934,0.006,0
2026-08-20T11:14:19Z,0.099,26.1344,16.47,2.4201,0.2556,1.0998000000000001,28.8761,154.937,158.572845,7.3545,90.898,412.74,374491.9201836735,0.012,0
2026-08-20T11:14:19Z,0.103,26.1443,16.47,2.4239,0.2556,1.0998000000000001,28.9516,154.917,158.565927,7.3453,91.028,312.65,374254.1946899615,0.017,0
2026-08-20T11:14:19Z,0.108,26.1535,16.47,2.1798,0.2556,1.0998000000000001,226.8459,154.906,158.561992,7.3414,91.183,397.34,374048.5615417851,0.02,0
2026-08-20T11:14:19Z,0.114,26.1612,16.92,2.1721,0.3408,1.0575,227.1027,154.89,158.547965,7.343,91.346,353.11,373811.50193982275,0.022,0
2026-08-20T11:14:19Z,0.12,26.1672,16.92,2.195,0.3408,1.0575,227.0272,154.878,158.532131,7.3494,91.497,367.2,373597.1825968717,0.022,0
2026-08-20T11:14:19Z,0.126,26.1714,16.92,2.1798,0.3408,1.0575,226.9516,154.882,158.530306,7.3593,91.628,321.12,373503.3071169289,0.022,0
2026-08-20T11:14:19Z,0.133,26.1739,16.92,1.8593,0.3408,1.0575,408.6065,154.89,158.533988,7.3716,91.739,294.9,373476.31814562797,0.022,0
2026-08-20T11:14:19Z,0.138,26.1744,16.92,1.867,0.3408,1.0575,408.5763,154.886,158.528126,7.3847,91.831,281.81,373430.9608764992,0.02,0
2026-08-20T11:14:19Z,0.143,26.1734,18,1.8555,0.426,1.2267,408.6669,154.879,158.519171,7.397,91.907,290.26,373396.44318509725,0.018,0
2026-08-20T11:14:19Z,0.147,26.1715,18,1.8937,0.426,1.2267,408.6971,154.885,158.52077,7.4079,91.966,250.44,373443.5754633477,0.015,0
2026-08-20T11:14:19Z,0.151,26.17,18,1.8135,0.426,1.2267,433.3659,154.897,158.525333,7.417,92.001,239.48,373500.780662916,0.011,0
2026-08-20T11:14:19Z,0.154,26.1693,18,1.8326,0.426,1.2267,433.4414,154.899,158.518043,7.4245,92.008,219.16,373470.42705776024,0.006,0
2026-08-20T11:14:19Z,0.155,26.1688,20.25,1.8021,0.6816,1.3959,433.5774,154.897,158.504972,7.4307,91.988,230.9,373401.1216992608,0.001,0
2026-08-20T11:14:19Z,0.155,26.1675,20.25,1.7983,0.6816,1.3959,433.3659,154.904,158.498667,7.4357,91.939,255.39,373388.56326475926,-0.004,0
2026-08-20T11:14:19Z,0.152,26.1651,20.25,1.8708,0.6816,1.3959,374.3451,154.917,158.497446,7.4388,91.86,238.03,373428.47827095824,-0.008,0
2026-08-20T11:14:19Z,0.149,26.162,20.25,1.8746,0.6816,1.3959,374.3753,154.928,158.496973,7.4399,91.756,263.45,373486.73249232426,-0.011,0
2026-08-20T11:14:19Z,0.145,26.1583,21.15,1.886,0.6816,1.6497,374.4055,154.934,158.493115,7.4388,91.643,268.71,373536.32353338576,-0.013,0
2026-08-20T11:14:19Z,0.141,26.1539,21.15,1.8517,0.6816,1.6497,374.4659,154.934,158.484841,7.4354,91.535,245.54,373572.97313941416,-0.013,0
2026-08-20T11:14:19Z,0.137,26.1495,21.15,2.1149,0.6816,1.6497,276.3648,154.938,158.48197,7.4296,91.439,294.84,373642.3749902622,-0.012,0
2026-08-20T11:14:19Z,0.134,26.1457,21.15,2.0997,0.6816,1.6497,276.2288,154.95,158.487743,7.4217,91.364,331.33,373752.3550371719,-0.011,0
2026-08-20T11:14:19Z,0.131,26.1425,21.78,2.1073,0.7242,1.4382,276.2439,154.967,158.499692,7.413,91.317,294.71,373887.97506330773,-0.009,0
2026-08-20T11:14:19Z,0.13,26.1397,21.78,2.1187,0.7242,1.4382,276.2288,154.992,158.521003,7.4046,91.296,299.62,374072.53077179927,-0.008,0
2026-08-20T11:14:19Z,0.128,26.1372,21.78,2.1874,0.7242,1.4382,263.5998,155.012,158.537319,7.3972,91.294,282.18,374220.92200274055,-0.006,0
2026-08-20T11:14:19Z,0.127,26.1352,21.78,2.1874,0.7242,1.4382,263.5092,155.017,158.536956,7.3914,91.305,290.32,374258.2504185605,-0.005,0
2026-08-20T11:14:19Z,0.125,26.1337,21.78,2.1874,0.7242,1.4382,263.5092,155.014,158.527836,7.3878,91.323,289.88,374232.5539298362,-0.004,0
2026-08-20T11:14:19Z,0.124,26.1323,23.76,2.1836,0.9798,1.9035,263.3732,155,158.507525,7.3863,91.346,269.94,374136.9712806457,-0.003,0
2026-08-20T11:14:19Z,0.123,26.1307,23.76,2.6681,0.9798,1.9035,228.2055,154.986,158.486638,7.3863,91.372,280.22,374041.8544019661,-0.002,0
2026-08-20T11:14:19Z,0.123,26.1289,23.76,2.6642,0.9798,1.9035,228.2659,154.988,158.483656,7.3874,91.399,272.36,374059.32461946574,-0.001,0
2026-08-20T11:14:19Z,0.123,26.127,23.76,2.6528,0.9798,1.9035,228.0997,154.998,158.489766,7.3892,91.423,274.67,374133.9443264111,-0,0
2026-08-20T11:14:19Z,0.123,26.1251,19.26,2.6642,0.5964,1.1844,228.2357,155.003,158.490565,7.3913,91.444,282.18,374176.3446018498,0.001,0
2026-08-20T11:14:19Z,0.123,26.1233,19.26,2.8626,0.5964,1.1844,226.5438,155.006,158.490274,7.3937,91.465,265.69,374210.15796131064,0.002,0
2026-08-20T11:14:19Z,0.124,26.1216,19.26,2.855,0.5964,1.1844,226.4531,155.018,158.50084,7.3961,91.488,258.69,374307.9063814948,0.003,0
2026-08-20T11:14:19Z,0.125,26.12,19.26,2.8435,0.5964,1.1844,226.4531,155.036,158.517062,7.3982,91.517,290.01,374438.0431144815,0.004,0
2026-08-20T11:14:19Z,0.126,26.1187,18.45,2.874,0.5538,1.1844,226.5589,155.047,158.527236,7.4001,91.551,275.33,374525.54610895814,0.005,0
2026-08-20T11:14:19Z,0.128,26.1177,18.45,2.8283,0.5538,1.1844,226.4682,155.043,158.52205,7.4019,91.59,276.59,374513.8346178785,0.006,0
2026-08-20T11:14:19Z,0.13,26.117,18.45,3.0953,0.5538,1.1844,260.3671,155.019,158.496112,7.4039,91.632,274.26,374370.1662249056,0.006,0
2026-08-20T11:14:19Z,0.132,26.1164,18.45,3.1067,0.5538,1.1844,260.2764,154.995,158.470563,7.4063,91.673,277.25,374226.91172038805,0.006,0
2026-08-20T11:14:19Z,0.134,26.116,18.45,3.0953,0.5538,1.1844,260.3519,154.991,158.466646,7.4091,91.706,261.45,374211.0402328695,0.005,0
2026-08-20T11:14:19Z,0.135,26.1156,17.73,3.0762,0.5112,1.1844,260.1858,155.004,158.479309,7.4123,91.727,260.21,374295.8267362635,0.004,0
2026-08-20T11:14:19Z,0.136,26.1154,17.73,2.9008,0.5112,1.1844,242.4357,155.009,158.483871,7.4157,91.736,250.12,374327.480486872,0.002,0
2026-08-20T11:14:19Z,0.136,26.1151,17.73,2.9084,0.5112,1.1844,242.5868,154.988,158.461508,7.419,91.728,261.8,374197.64134475583,0.001,0
2026-08-20T11:14:19Z,0.136,26.1149,17.73,2.9084,0.5112,1.1844,242.7832,154.957,158.430306,7.4217,91.705,261.23,374012.2073852171,0,0
2026-08-20T11:14:19Z,0.135,26.1147,17.46,2.916,0.426,1.0998000000000001,242.481,154.942,158.414008,7.4235,91.675,259.08,373917.2570273076,-0.001,0
2026-08-20T11:14:19Z,0.135,26.1145,17.46,2.7901,0.426,1.0998000000000001,198.5213,154.928,158.400254,7.4242,91.643,244.9,373837.7551520007,-0.001,0
2026-08-20T11:14:19Z,0.135,26.1144,17.46,2.8054,0.426,1.0998000000000001,198.4911,154.902,158.373349,7.4237,91.609,241.99,373676.5156467004,-0.001,0
2026-08-20T11:14:19Z,0.134,26.1142,17.46,2.7787,0.426,1.0998000000000001,198.5364,154.88,158.35017,7.4218,91.576,249.14,373539.8857483228,-0.001,0
2026-08-20T11:14:19Z,0.134,26.1141,17.64,2.7939,0.426,1.1421,198.476,154.875,158.344574,7.4194,91.548,259.25,373507.9250666131,-0.001,0
2026-08-20T11:14:19Z,0.133,26.1141,17.64,2.7558,0.426,1.1421,198.8083,154.877,158.347053,7.4168,91.528,254.39,373522.957656665,-0.001,0
2026-08-20T11:14:19Z,0.133,26.114,17.64,2.7138,0.426,1.1421,198.8386,154.872,158.342235,7.4141,91.52,265.92,373495.71501318034,0,0
2026-08-20T11:14:19Z,0.134,26.114,17.64,2.7291,0.426,1.1421,198.7026,154.854,158.324829,7.4114,91.523,267.49,373390.1777847725,0.002,0
2026-08-20T11:14:19Z,0.134,26.1139,17.37,2.7596,0.3834,1.1421,198.899,154.844,158.316244,7.4092,91.534,252.36,373340.10340812383,0.003,0
2026-08-20T11:14:19Z,0.135,26.1139,17.37,2.771,0.3834,1.1421,190.9983,154.857,158.332229,7.4076,91.549,255.83,373437.01596046763,0.004,0
2026-08-20T11:14:19Z,0.136,26.114,17.37,2.7901,0.3834,1.1421,191.1041,154.871,158.350992,7.4069,91.568,272.36,373548.81686812296,0.005,0
2026-08-20T11:14:19Z,0.138,26.1143,17.37,2.8283,0.3834,1.1421,191.0285,154.879,158.36351,7.4071,91.592,258.69,373618.8126056948,0.005,0
2026-08-20T11:14:19Z,0.139,26.1149,17.37,2.7939,0.3834,1.1421,191.1645,154.891,158.381137,7.4079,91.617,254.06,373713.8823558697,0.005,0
2026-08-20T11:14:19Z,0.141,26.1159,17.73,1.9928,0.4686,1.1844,296.1693,154.904,158.400558,7.409,91.638,259.42,373811.94829476054,0.004,0
2026-08-20T11:14:19Z,0.142,26.1172,17.73,1.989,0.4686,1.1844,296.0787,154.91,158.414927,7.4103,91.656,254.89,373873.44818094105,0.003,0
2026-08-20T11:14:19Z,0.143,26.1188,17.73,2.0081,0.4686,1.1844,296.3053,154.91,158.42407,7.412,91.663,260.43,373897.31628096435,0.002,0
2026-08-20T11:14:19Z,0.144,26.1205,17.73,1.9852,0.4686,1.1844,296.3053,154.905,158.430423,7.4138,91.659,253.29,373902.28168023174,0.001,0
2026-08-20T11:14:19Z,0.144,26.1225,17.82,2.237,0.4686,1.1844,215.9541,154.899,158.435683,7.4153,91.644,256.11,373894.6900489736,-0.001,0
2026-08-20T11:14:19Z,0.143,26.125,17.82,2.237,0.4686,1.1844,215.9844,154.893,158.441252,7.4163,91.616,233.98,373879.0986391863,-0.002,0
2026-08-20T11:14:19Z,0.142,26.1281,17.82,2.2484,0.4686,1.1844,215.8484,154.886,158.444608,7.4166,91.577,274.02,373838.2371553275,-0.004,0
2026-08-20T11:14:19Z,0.14,26.1317,17.82,2.2599,0.4686,1.1844,215.9239,154.874,158.442637,7.4157,91.529,280.34,373755.20665669476,-0.004,0
2026-08-20T11:14:19Z,0.139,26.1355,18,2.546,0.5112,1.0575,170.091,154.865,158.442832,7.414,91.479,275.69,373681.38351751,-0.004,0
2026-08-20T11:14:19Z,0.138,26.1391,18,2.5498,0.5112,1.0575,169.9853,154.868,158.453262,7.4113,91.434,276.59,373673.57095561083,-0.004,0
2026-08-20T11:14:19Z,0.137,26.1426,18,2.546,0.5112,1.0575,170.0457,154.87,158.460674,7.4077,91.403,289.13,373649.43738679175,-0.004,0
2026-08-20T11:14:19Z,0.136,26.146,18,2.5574,0.5112,1.0575,170.0608,154.856,158.451014,7.4034,91.384,286.63,373523.8135471146,-0.003,0
2026-08-20T11:14:19Z,0.136,26.1488,18,2.5422,0.5112,1.0575,133.8205,154.835,158.433731,7.3989,91.374,288.94,373363.8799677911,-0.003,0
2026-08-20T11:14:19Z,0.135,26.1511,19.08,2.5574,0.5538,1.1844,133.8809,154.818,158.420247,7.395,91.373,270.41,373236.8670321475,-0.002,0
2026-08-20T11:14:19Z,0.135,26.1529,19.08,2.5498,0.5538,1.1844,133.8356,154.81,158.414983,7.3922,91.379,265.64,373169.5181121589,-0.001,0
2026-08-20T11:14:19Z,0.134,26.1545,19.08,2.5116,0.5538,1.1844,133.7752,154.812,158.420544,7.3904,91.387,288.88,373171.6678450257,-0.001,0
2026-08-20T11:14:19Z,0.134,26.1558,19.08,2.5002,0.5538,1.1844,105.934,154.817,158.430397,7.3894,91.397,280.22,373205.718336819,-0,0
2026-08-20T11:14:19Z,0.134,26.157,19.26,2.4697,0.5112,1.1844,105.8283,154.813,158.431138,7.3892,91.406,287.19,373186.56084679527,0,0
2026-08-20T11:14:19Z,0.134,26.158,19.26,2.4811,0.5112,1.1844,105.798,154.802,158.422963,7.3895,91.416,297.09,373117.3608647608,0.001,0
2026-08-20T11:14:19Z,0.135,26.159300000000002,19.26,2.5155,0.5112,1.1844,105.7678,154.797,158.419725,7.3901,91.427,282.42,373072.1502829087,0.002,0
2026-08-20T11:14:19Z,0.135,26.1609,19.26,2.8283,0.5112,1.1844,107.5353,154.801,158.42457,7.3907,91.44,278.4,373069.96671882435,0.002,0
2026-08-20T11:14:19Z,0.136,26.1623,19.44,2.7863,0.639,1.269,107.4446,154.802,158.426764,7.3912,91.452,292.29,373055.67482346203,0.002,0
2026-08-20T11:14:19Z,0.136,26.1633,19.44,2.8092,0.639,1.269,107.4446,154.793,158.418877,7.3918,91.465,269.36,372988.24220731156,0.002,0
2026-08-20T11:14:19Z,0.137,26.1639,19.44,2.7939,0.639,1.269,107.4295,154.781,158.406822,7.3927,91.475,300.27,372903.47120335593,0.002,0
2026-08-20T11:14:19Z,0.137,26.1644,19.44,2.916,0.639,1.269,144.7122,154.769,158.395401,7.3936,91.479,294.39,372824.5183747427,0.002,0
2026-08-20T11:14:19Z,0.137,26.1647,19.89,2.8969,0.639,1.269,144.8482,154.759,158.385575,7.3946,91.481,287.81,372759.1623579788,0.002,0
2026-08-20T11:14:19Z,0.138,26.165,19.89,2.9046,0.639,1.269,144.6971,154.756,158.38274,7.3956,91.483,269.77,372736.1074403991,0.002,0
2026-08-20T11:14:19Z,0.138,26.1652,19.89,2.9236,0.639,1.269,144.7575,154.759,158.386142,7.3963,91.486,275.57,372752.75341597357,0.002,0
2026-08-20T11:14:19Z,0.139,26.1654,19.89,2.977,0.639,1.269,78.4101,154.762,158.38867,7.3967,91.488,286.63,372764.11227764393,0.001,0
2026-08-20T11:14:19Z,0.139,26.1655,19.89,2.9885,0.639,1.269,78.5007,154.76,158.386992,7.3968,91.488,294.71,372751.9925933347,0.001,0
2026-08-20T11:14:19Z,0.139,26.1656,19.89,2.9618,0.639,1.1421,78.3497,154.762,158.388675,7.3969,91.489,277.01,372760.20691071014,0.001,0
2026-08-20T11:14:19Z,0.139,26.1655,19.89,2.9656,0.639,1.1421,78.4705,154.78,158.406192,7.3972,91.492,289.51,372868.16197406483,0.001,0
2026-08-20T11:14:19Z,0.14,26.1655,19.89,2.9236,0.639,1.1421,84.5584,154.802,158.428182,7.3974,91.493,276.59,373001.23978408624,0.001,0
2026-08-20T11:14:19Z,0.14,26.1655,19.89,2.9008,0.639,1.1421,84.362,154.802,158.428445,7.3974,91.489,264.31,373002.8315677808,0.001,0
2026-08-20T11:14:19Z,0.14,26.1654,19.62,2.9236,0.639,1.1844,84.4073,154.781,158.40705,7.3975,91.484,299.42,372875.3222300046,0.001,0
2026-08-20T11:14:19Z,0.14,26.1652,19.62,2.9198,0.639,1.1844,84.4527,154.764,158.390357,7.3977,91.481,295.61,372778.25424617046,0.001,0
2026-08-20T11:14:19Z,0.14,26.1651,19.62,2.8969,0.639,1.1844,86.1446,154.766,158.393955,7.3978,91.484,288.06,372801.99138450786,0.001,0
2026-08-20T11:14:19Z,0.14,26.165,19.62,2.9389,0.639,1.1844,86.205,154.772,158.402772,7.3975,91.49,274.08,372857.3087405992,0.001,0
2026-08-20T11:14:19Z,0.14,26.1652,19.53,2.9236,0.5964,1.269,86.1446,154.767,158.399117,7.3971,91.495,258.74,372831.25620236417,0.001,0
2026-08-20T11:14:19Z,0.141,26.1655,19.53,2.9122,0.5964,1.269,86.0842,154.752,158.386025,7.3968,91.5,256.22,372746.1416304782,0.002,0
2026-08-20T11:14:19Z,0.141,26.166,19.53,2.9732,0.5964,1.269,113.9857,154.742,158.376036,7.397,91.507,288.31,372675.87523641135,0.002,0
2026-08-20T11:14:19Z,0.142,26.1666,19.53,2.9809,0.5964,1.269,114.0462,154.736,158.370496,7.3974,91.515,273.48,372630.5613575513,0.002,0
2026-08-20T11:14:19Z,0.142,26.1672,19.53,2.9503,0.5964,1.269,113.9857,154.729,158.363919,7.3977,91.522,272.59,372578.97977037984,0.003,0
2026-08-20T11:14:19Z,0.143,26.1677,19.08,2.9694,0.5964,1.1844,114.0462,154.723,158.35856,7.398,91.533,276.95,372536.73612869286,0.003,0
2026-08-20T11:14:19Z,0.144,26.168,19.08,2.8512,0.5964,1.1844,139.3796,154.721,158.356996,7.3986,91.55,251.97,372521.37809516187,0.003,0
2026-08-20T11:14:19Z,0.146,26.1682,19.08,2.8359,0.5964,1.1844,139.5005,154.719,158.354804,7.3992000000000004,91.566,285.82,372504.18939035176,0.003,0
2026-08-20T11:14:19Z,0.147,26.1684,19.08,2.874,0.5964,1.1844,139.3192,154.716,158.351398,7.3997,91.578,285.26,372479.66036782874,0.003,0
2026-08-20T11:14:19Z,0.147,26.1685,18.63,2.8321,0.5112,1.0575,139.289,154.72,158.353886,7.4006,91.589,276.41,372492.73850817326,0.003,0
2026-08-20T11:14:19Z,0.148,26.1686,18.63,2.7939,0.5112,1.0575,130.3007,154.726,158.358924,7.4019,91.6,280.53,372521.23752983595,0.003,0
2026-08-20T11:14:19Z,0.148,26.1685,18.63,2.8016,0.5112,1.0575,130.3611,154.728,158.359839,7.4032,91.607,259.64,372528.7369129334,0.002,0
2026-08-20T11:14:19Z,0.149,26.1684,18.63,2.7939,0.5112,1.0575,130.3309,154.726,158.356875,7.4042,91.613,242.41,372512.7792502446,0.002,0
2026-08-20T11:14:19Z,0.15,26.1681,18.36,2.7901,0.5112,1.1844,130.3913,154.723,158.353249,7.4052,91.621,267.66,372496.7510699516,0.002,0
2026-08-20T11:14:19Z,0.15,26.1678,18.36,2.7291,0.5112,1.1844,130.8747,154.727,158.356011,7.4061,91.628,253.24,372519.3526130276,0.002,0
2026-08-20T11:14:19Z,0.151,26.1674,18.36,2.7176,0.5112,1.1844,130.8143,154.734,158.361889,7.4067,91.632,244.42,372562.7662051309,0.002,0
2026-08-20T11:14:19Z,0.151,26.1671,18.36,2.7253,0.5112,1.1844,130.7992,154.739,158.364435,7.4073,91.633,228.55,372584.06452856626,0.001,0
2026-08-20T11:14:19Z,0.151,26.1668,18.36,2.7253,0.5112,1.1844,130.8143,154.741,158.364326,7.408,91.632,261.28,372589.3054347202,0.001,0
2026-08-20T11:14:19Z,0.151,26.1664,18.45,2.8435,0.5538,1.0998000000000001,117.6264,154.745,158.365543,7.4085,91.629,248.11,372604.5337593431,0,0
2026-08-20T11:14:19Z,0.151,26.1659,18.45,2.8359,0.5538,1.0998000000000001,117.5811,154.751,158.368409,7.4089,91.627,242.83,372631.7043046283,-0.001,0
2026-08-20T11:14:19Z,0.151,26.1653,18.45,2.8321,0.5538,1.0998000000000001,117.6566,154.755,158.36968,7.4091,91.621,239.85,372651.19535141875,-0.002,0
2026-08-20T11:14:19Z,0.151,26.1645,18.45,2.855,0.5538,1.0998000000000001,117.7472,154.766,158.377713,7.4091,91.611,242.99,372715.52886021405,-0.002,0
2026-08-20T11:14:19Z,0.15,26.1636,18.36,2.6604,0.5112,1.0998000000000001,101.9308,154.778,158.386631,7.4091,91.592,239.48,372787.1942246792,-0.003,0
2026-08-20T11:14:19Z,0.149,26.1625,18.36,2.6795,0.5112,1.0998000000000001,101.9459,154.774,158.378773,7.409,91.569,240.16,372761.2974720222,-0.004,0
2026-08-20T11:14:19Z,0.148,26.1615,18.36,2.6452,0.5112,1.0998000000000001,101.9006,154.759,158.36006,7.4087,91.542,244.58,372667.7607855546,-0.004,0
2026-08-20T11:14:19Z,0.146,26.1604,18.36,2.6719,0.5112,1.0998000000000001,102.0063,154.744,158.341533,7.408,91.515,257.96,372577.32649061404,-0.004,0
2026-08-20T11:14:19Z,0.145,26.159300000000002,18.63,2.7291,0.5964,1.1421,134.8024,154.736,158.330277,7.4067,91.49,257.79,372530.8785273439,-0.003,0
2026-08-20T11:14:19Z,0.145,26.1583,18.63,2.7405,0.5964,1.1421,134.742,154.736,158.327297,7.4049,91.467,248.71,372532.52195911924,-0.003,0
2026-08-20T11:14:19Z,0.144,26.1573,18.63,2.7215,0.5964,1.1421,134.7722,154.734,158.323782,7.4029,91.452,236.69,372530.92925396736,-0.003,0
2026-08-20T11:14:19Z,0.144,26.1562,18.63,2.7253,0.5964,1.1421,134.7722,154.731,158.318794,7.4008,91.443,244.37,372522.3928978062,-0.002,0
2026-08-20T11:14:19Z,0.143,26.1551,19.08,2.6719,0.5964,1.0998000000000001,113.3664,154.725,158.311005,7.3989,91.441,238.75,372496.91382068227,-0.002,0
2026-08-20T11:14:19Z,0.142,26.1543,19.08,2.6337,0.5964,1.0998000000000001,113.2908,154.714,158.298336,7.3972,91.443,267.2,372436.01841933915,-0.002,0
2026-08-20T11:14:19Z,0.142,26.1536,19.08,2.6642,0.5964,1.0998000000000001,113.5476,154.706,158.289434,7.396,91.447,255.78,372395.9432504831,-0.002,0
2026-08-20T11:14:19Z,0.141,26.153,19.08,2.6757,0.5964,1.0998000000000001,113.4117,154.706,158.28994,7.3954,91.451,254.95,372410.8011748776,-0.002,0
2026-08-20T11:14:19Z,0.141,26.1525,19.08,2.6413,0.5964,1.0998000000000001,113.457,154.712,158.295982,7.3952,91.454,265.92,372457.17810328887,-0.002,0
2026-08-20T11:14:19Z,0.14,26.1522,19.26,2.5345,0.5538,1.269,103.8795,154.712,158.297146,7.3954,91.454,233.27,372470.11868076806,-0.003,0
2026-08-20T11:14:19Z,0.14,26.1521,19.26,2.5307,0.5538,1.269,103.8644,154.71,158.295747,7.3958,91.45,252.25,372463.62343022774,-0.004,0
2026-08-20T11:14:19Z,0.139,26.1522,19.26,2.5574,0.5538,1.269,103.8191,154.727,158.313456,7.3962,91.438,257.62,372568.78344086005,-0.005,0
2026-08-20T11:14:19Z,0.138,26.1522,19.26,2.5536,0.5538,1.269,103.9702,154.757,158.344976,7.3964,91.414,242.31,372759.50289851427,-0.006,0
2026-08-20T11:14:19Z,0.136,26.1524,19.8,2.4582,0.5964,1.3113,92.021,154.776,158.364643,7.3964,91.376,242.25,372874.59595052944,-0.006,0
2026-08-20T11:14:19Z,0.134,26.1526,19.8,2.4659,0.5964,1.3113,91.9454,154.785,158.373694,7.396,91.329,270.7,372925.444808732,-0.007,0
2026-08-20T11:14:19Z,0.131,26.1527,19.8,2.5155,0.5964,1.3113,92.021,154.796,158.38256,7.395,91.287,306.73,372977.1468575838,-0.006,0
2026-08-20T11:14:19Z,0.129,26.1528,19.8,2.4735,0.5964,1.3113,92.0059,154.806,158.385588,7.3931,91.262,321.4,372993.50924268924,-0.005,0
2026-08-20T11:14:19Z,0.128,26.153,19.98,2.401,0.5538,1.1421,94.1661,154.811,158.379577,7.39,91.254,294.9,372953.1821287467,-0.003,0
2026-08-20T11:14:19Z,0.128,26.153,19.98,2.4201,0.5538,1.1421,94.1359,154.817,158.374947,7.3862,91.26,306.27,372925.1554296785,-0.001,0
2026-08-20T11:14:19Z,0.128,26.1522,19.98,2.4048,0.5538,1.1421,94.1661,154.827,158.378478,7.3829,91.28,304.21,372962.2830942984,0,0
2026-08-20T11:14:19Z,0.129,26.15,19.98,2.4125,0.5538,1.1421,94.1661,154.833,158.383097,7.3811,91.311,290.26,373033.57581128314,0.001,0
2026-08-20T11:14:19Z,0.129,26.1463,19.98,2.5536,0.5538,1.1421,93.6525,154.822,158.374003,7.381,91.346,284.58,373051.3949022868,0.002,0
2026-08-20T11:14:19Z,0.13,26.1428,19.8,2.5498,0.5964,1.2267,93.6223,154.798,158.352778,7.382,91.38,313.2,372991.8155618895,0.003,0
2026-08-20T11:14:19Z,0.13,26.1407,19.8,2.5422,0.5964,1.2267,93.6223,154.779,158.337813,7.3839,91.407,292.73,372942.5634888332,0.003,0
2026-08-20T11:14:19Z,0.131,26.1402,19.8,2.5498,0.5964,1.2267,93.6374,154.771,158.333132,7.3864,91.427,300.66,372924.06758127897,0.004,0
2026-08-20T11:14:19Z,0.132,26.1409,19.8,2.4621,0.5964,1.2267,87.1114,154.768,158.333479,7.3892,91.443,301.58,372912.382515318,0.005,0
2026-08-20T11:14:19Z,0.134,26.1421,19.98,2.4926,0.5964,1.3536,87.0208,154.767,158.334939,7.3918,91.459,303.68,372897.5902419921,0.005,0
2026-08-20T11:14:19Z,0.135,26.1433,19.98,2.4735,0.5964,1.3536,86.9905,154.76,158.329885,7.3938,91.477,276.77,372843.3639343337,0.006,0
2026-08-20T11:14:19Z,0.136,26.1445,19.98,2.5155,0.5964,1.3536,87.1869,154.75,158.320977,7.3953,91.498,235.66,372765.8177548029,0.006,0
2026-08-20T11:14:19Z,0.138,26.1455,19.98,2.5841,0.5964,1.3536,93.8338,154.741,158.313857,7.3964,91.52,244.37,372703.0416454092,0.006,0
2026-08-20T11:14:19Z,0.14,26.1464,20.79,2.6223,0.6816,1.2267,93.8791,154.733,158.306626,7.3976,91.542,263.51,372641.570899169,0.006,0
2026-08-20T11:14:19Z,0.141,26.1471,20.79,2.6146,0.6816,1.2267,93.8186,154.73,158.30537,7.399,91.563,245.59,372620.19629741804,0.006,0
2026-08-20T11:14:19Z,0.143,26.1476,20.79,2.6032,0.6816,1.2267,93.8489,154.736,158.313765,7.4006,91.577,261.57,372661.1564701857,0.005,0
2026-08-20T11:14:19Z,0.144,26.1481,20.79,2.5689,0.6816,1.2267,88.4861,154.75,158.33004,7.4023,91.582,253.84,372749.80683159595,0.005,0
2026-08-20T11:14:19Z,0.145,26.1486,20.61,2.5307,0.6816,1.3113,88.5465,154.779,158.362543,7.404,91.582,243.57,372936.70315375004,0.004,0
2026-08-20T11:14:19Z,0.146,26.1491,20.61,2.5307,0.6816,1.3113,88.6522,154.813,158.399902,7.4056,91.581,240,373153.0598648629,0.004,0
2026-08-20T11:14:19Z,0.147,26.1498,20.61,2.5383,0.6816,1.3113,88.5767,154.829,158.420015,7.4067,91.58,245.59,373261.07856840995,0.003,0
2026-08-20T11:14:19Z,0.148,26.1505,20.61,2.4735,0.6816,1.3113,93.1993,154.834,158.428245,7.407,91.579,251.92,373297.131317752,0.003,0
2026-08-20T11:14:19Z,0.148,26.1514,20.61,2.5116,0.6816,1.3113,93.1691,154.829,158.426788,7.4069,91.579,256.39,373270.5667550585,0.003,0
2026-08-20T11:14:19Z,0.149,26.1523,19.53,2.5155,0.5964,1.3113,93.2295,154.811,158.411246,7.4067,91.578,243.94,373158.7048451019,0.003,0
2026-08-20T11:14:19Z,0.15,26.1533,19.53,2.4964,0.5964,1.3113,93.154,154.787,158.3895,7.4065,91.578,249.09,373007.33802694874,0.002,0
2026-08-20T11:14:19Z,0.15,26.1544,19.53,2.4849,0.5964,1.3113,83.3801,154.77,158.37579,7.4063,91.58,244.26,372902.6844405373,0.002,0
2026-08-20T11:14:19Z,0.151,26.1554,19.53,2.4926,0.5964,1.3113,83.5916,154.766,158.374479,7.4061,91.582,250.55,372875.0614656032,0.002,0
2026-08-20T11:14:19Z,0.152,26.1565,18.99,2.4735,0.5112,1.0575,83.5161,154.763,158.37319,7.4059,91.585,244.21,372845.6050425609,0.002,0
2026-08-20T11:14:19Z,0.152,26.1576,18.99,2.4735,0.5112,1.0575,83.4556,154.755,158.367574,7.4057,91.589,241.94,372789.9670673766,0.002,0
2026-08-20T11:14:19Z,0.153,26.1585,18.99,2.5612,0.5112,1.0575,85.9331,154.745,158.360141,7.4057,91.592,244,372727.2780004187,0.002,0
2026-08-20T11:14:19Z,0.154,26.159300000000002,18.99,2.5574,0.5112,1.0575,85.8576,154.728,158.344899,7.4058,91.595,246.77,372619.3235505644,0.003,0
2026-08-20T11:14:19Z,0.154,26.1601,18.54,2.5078,0.4686,1.1844,85.9331,154.704,158.323798,7.406,91.602,228.1,372475.9565518885,0.003,0
2026-08-20T11:14:19Z,0.155,26.1609,18.54,2.5536,0.4686,1.1844,85.8727,154.687,158.309246,7.4062,91.611,236.69,372372.2264325046,0.003,0
2026-08-20T11:14:19Z,0.156,26.1617,18.54,2.6146,0.4686,1.1844,83.6822,154.679,158.303376,7.4063,91.621,244.05,372321.0076276893,0.002,0
2026-08-20T11:14:19Z,0.156,26.1626,18.54,2.6146,0.4686,1.1844,83.7578,154.68,158.306627,7.4064,91.629,220.5,372322.97328795074,0.002,0
2026-08-20T11:14:19Z,0.157,26.1635,18.54,2.6185,0.4686,1.1844,83.788,154.688,158.315856,7.4068,91.634,223.59,372361.0821911968,0.001,0
2026-08-20T11:14:19Z,0.157,26.1645,18,2.607,0.4686,1.0998000000000001,83.7124,154.694,158.321501,7.4075,91.634,235.81,372375.55599263,0.001,0
2026-08-20T11:14:19Z,0.157,26.1654,18,2.5383,0.4686,1.0998000000000001,75.0565,154.703,158.331081,7.4082,91.632,206.76,372415.7882180615,0,0
2026-08-20T11:14:19Z,0.157,26.166,18,2.5689,0.4686,1.0998000000000001,74.996,154.72,158.349152,7.4087,91.63,222.18,372513.2672251411,0,0
2026-08-20T11:14:19Z,0.157,26.1662,18,2.5307,0.4686,1.0998000000000001,74.9809,154.733,158.362499,7.4091,91.621,216.61,372590.054795591,0,0
2026-08-20T11:14:19Z,0.156,26.1663,17.73,2.5345,0.3834,1.1844,75.0716,154.739,158.368667,7.4091,91.605,230.75,372625.3947554418,-0.001,0
2026-08-20T11:14:19Z,0.156,26.1663,17.73,2.6299,0.3834,1.1844,63.3037,154.739,158.369302,7.4089,91.588,220.31,372629.2356131229,-0.001,0
2026-08-20T11:14:19Z,0.156,26.1664,17.73,2.6185,0.3834,1.1844,63.3943,154.733,158.364573,7.4087,91.573,218.26,372598.66546757065,-0.001,0
2026-08-20T11:14:19Z,0.156,26.1665,17.73,2.5994,0.3834,1.1844,63.4245,154.725,158.357227,7.408,91.56,235.15,372552.2696147154,-0.002,0
2026-08-20T11:14:19Z,0.155,26.1667,17.55,2.5956,0.426,1.269,63.3037,154.709,158.341297,7.4067,91.548,232.56,372452.0034308233,-0.002,0
2026-08-20T11:14:19Z,0.154,26.1669,17.55,2.5956,0.426,1.269,49.3906,154.694,158.326564,7.4053,91.532,261.57,372358.9914084786,-0.003,0
2026-08-20T11:14:19Z,0.153,26.1671,17.55,2.5918,0.426,1.269,49.3453,154.702,158.335152,7.404,91.516,256.67,372406.9840282437,-0.003,0
2026-08-20T11:14:19Z,0.153,26.1674,17.55,2.607,0.426,1.269,49.4511,154.724,158.359329,7.403,91.505,258.46,372547.28328409576,-0.003,0
2026-08-20T11:14:19Z,0.152,26.1676,17.73,2.5879,0.4686,1.0998000000000001,49.3453,154.742,158.379491,7.4019,91.496,262.59,372665.29431670223,-0.003,0
2026-08-20T11:14:19Z,0.151,26.1679,17.73,2.6108,0.4686,1.0998000000000001,46.0219,154.749,158.38899,7.4006,91.488,259.19,372716.8524518901,-0.003,0
2026-08-20T11:14:19Z,0.15,26.1681,17.73,2.5956,0.4686,1.0998000000000001,46.0521,154.745,158.386352,7.3993,91.477,280.34,372696.96021393983,-0.003,0
2026-08-20T11:14:19Z,0.149,26.1685,17.73,2.5879,0.4686,1.0998000000000001,46.0068,154.731,158.37488,7.3983,91.465,276.05,372619.7017498292,-0.003,0
2026-08-20T11:14:19Z,0.149,26.1691,17.73,2.6146,0.4686,1.0998000000000001,46.0219,154.71,158.355525,7.3975,91.451,265.58,372490.8514287424,-0.003,0
2026-08-20T11:14:19Z,0.148,26.1697,17.64,2.5956,0.4686,1.1844,39.2089,154.688,158.335149,7.3968,91.435,263.62,372355.85938752594,-0.003,0
2026-08-20T11:14:19Z,0.147,26.1704,17.64,2.6185,0.4686,1.1844,39.1787,154.68,158.328359,7.3958,91.417,262.42,372301.0554951895,-0.003,0
2026-08-20T11:14:19Z,0.146,26.1712,17.64,2.5803,0.4686,1.1844,39.1334,154.688,158.337353,7.3947,91.396,267.08,372339.7019964465,-0.003,0
2026-08-20T11:14:19Z,0.145,26.1719,17.64,2.5879,0.4686,1.1844,39.1787,154.702,158.352504,7.3935,91.372,272,372417.53810146195,-0.003,0
2026-08-20T11:14:19Z,0.144,26.1726,16.83,2.5422,0.426,1.1421,36.958,154.71,158.361821,7.3922,91.351,256.45,372460.10759301396,-0.003,0
2026-08-20T11:14:19Z,0.143,26.1731,16.83,2.5612,0.426,1.1421,36.9429,154.708,158.359772,7.3906,91.335,308,372437.89004704147,-0.002,0
2026-08-20T11:14:19Z,0.143,26.1734,16.83,2.5727,0.426,1.1421,37.0336,154.701,158.353827,7.3889,91.328,298.32,372396.05150411313,-0.002,0
2026-08-20T11:14:19Z,0.142,26.1736,16.83,2.5383,0.426,1.1421,36.9882,154.693,158.346408,7.3869,91.327,296.51,372347.2715007976,-0.001,0
2026-08-20T11:14:19Z,0.142,26.1738,17.1,2.6223,0.426,1.1421,39.6017,154.673,158.327521,7.3852,91.331,295.29,372229.1826525741,-0.001,0
2026-08-20T11:14:19Z,0.142,26.174,17.1,2.5879,0.426,1.1421,39.6772,154.651,158.306159,7.3839,91.336,297.48,372096.16298422683,7.271e-7,0
2026-08-20T11:14:19Z,0.142,26.1742,17.1,2.6146,0.426,1.1421,39.6319,154.646,158.302676,7.3832,91.34,301.12,372071.1900108216,0,0
2026-08-20T11:14:19Z,0.142,26.1745,17.1,2.6032,0.426,1.1421,39.5866,154.658,158.318149,7.3831,91.346,310.02,372158.7929775271,0.001,0
2026-08-20T11:14:19Z,0.143,26.1749,17.1,2.5269,0.426,1.1421,41.9583,154.675,158.338666,7.3834,91.354,306.53,372274.9282788413,0.001,0
2026-08-20T11:14:19Z,0.143,26.1753,17.1,2.5727,0.3834,1.1844,42.0187,154.686,158.353667,7.3838,91.36,306.67,372357.73978249775,0.001,0
2026-08-20T11:14:19Z,0.143,26.176,17.1,2.5269,0.3834,1.1844,41.9129,154.691,158.363145,7.384,91.365,310.56,372401.27561567153,0.001,0
2026-08-20T11:14:19Z,0.143,26.1768,17.1,2.5651,0.3834,1.1844,41.9281,154.693,158.369627,7.3844,91.37,297.99,372424.735565586,0.002,0
2026-08-20T11:14:19Z,0.144,26.1779,17.1,2.5422,0.3834,1.1844,41.8676,154.693,158.374842,7.3849,91.379,308.07,372434.6385822643,0.002,0
2026-08-20T11:14:19Z,0.144,26.1791,16.83,2.5536,0.3408,1.0152,41.7317,154.689,158.376173,7.3852,91.39,315.66,372419.0968868316,0.003,0
2026-08-20T11:14:19Z,0.145,26.1804,16.83,2.5612,0.3408,1.0152,41.8072,154.668,158.361951,7.3854,91.404,312.18,372307.5862090336,0.003,0
2026-08-20T11:14:19Z,0.146,26.1819,16.83,2.5383,0.3408,1.0152,41.8676,154.634,158.334394,7.3857,91.418,313.06,372111.6041282916,0.004,0
2026-08-20T11:14:19Z,0.147,26.1836,16.83,2.5841,0.3408,1.0152,43.8315,154.612,158.320225,7.3861,91.432,321.12,371992.63136727153,0.004,0
2026-08-20T11:14:19Z,0.148,26.1856,16.83,2.6108,0.3408,1.0998000000000001,43.6804,154.606,158.321677,7.3868,91.446,315.52,371962.1393751597,0.004,0
2026-08-20T11:14:19Z,0.149,26.1877,16.83,2.6146,0.3408,1.0998000000000001,43.6351,154.604,158.327113,7.3876,91.462,302.5,371953.7480849187,0.004,0
2026-08-20T11:14:19Z,0.15,26.1901,16.83,2.5803,0.3408,1.0998000000000001,43.7257,154.613,158.343996,7.3884,91.478,328.32,372008.5985269221,0.004,0
2026-08-20T11:14:19Z,0.151,26.1927,16.83,2.6032,0.3408,1.0998000000000001,42.9402,154.625,158.362799,7.3892,91.492,304.61,372071.11784154305,0.004,0
2026-08-20T11:14:19Z,0.152,26.1953,16.83,2.5956,0.3408,1.0998000000000001,42.9402,154.631,158.374509,7.39,91.503,302.63,372090.7958094465,0.003,0
2026-08-20T11:14:19Z,0.153,26.1979,16.92,2.5956,0.426,1.2267,42.9402,154.641,158.390265,7.3909,91.511,307.4,372134.90751797444,0.003,0
2026-08-20T11:14:19Z,0.154,26.2003,16.92,2.6032,0.426,1.2267,43.0006,154.651,158.406253,7.3919,91.519,292.67,372184.34554674133,0.002,0
2026-08-20T11:14:19Z,0.154,26.2024,16.92,2.5994,0.426,1.2267,43.9372,154.655,158.414712,7.3928,91.527,299.75,372194.19901339745,0.001,0
2026-08-20T11:14:19Z,0.155,26.2042,16.92,2.6299,0.426,1.2267,43.9976,154.658,158.421906,7.3934,91.529,314.84,372202.30188054626,0.001,0
2026-08-20T11:14:19Z,0.155,26.206,17.55,2.6032,0.426,1.2267,43.8617,154.659,158.425747,7.3937,91.524,307.8,372190.15422231465,5.4455e-7,0
2026-08-20T11:14:19Z,0.155,26.2077,17.55,2.6146,0.426,1.2267,43.9221,154.651,158.419241,7.3941,91.514,300.73,372117.48887878354,-0.001,0
2026-08-20T11:14:19Z,0.155,26.2092,17.55,2.5994,0.426,1.2267,42.2302,154.639,158.40867,7.3946,91.498,307.4,372024.22059014556,-0.001,0
2026-08-20T11:14:19Z,0.154,26.2104,17.55,2.6032,0.426,1.2267,42.2453,154.625,158.395224,7.3946,91.475,321.05,371919.5048362605,-0.002,0
2026-08-20T11:14:19Z,0.154,26.2114,17.82,2.5956,0.426,1.3113,42.2906,154.605,158.375317,7.3941,91.447,308.07,371779.7442791524,-0.002,0
2026-08-20T11:14:19Z,0.153,26.212,17.82,2.5994,0.426,1.3113,42.3359,154.585,158.355665,7.3932,91.414,303.15,371649.40223412344,-0.002,0
2026-08-20T11:14:19Z,0.152,26.2125,17.82,2.5994,0.426,1.3113,42.2302,154.572,158.343052,7.3918,91.38,298.32,371563.51064797357,-0.002,0
2026-08-20T11:14:19Z,0.151,26.2129,17.82,2.6146,0.426,1.3113,37.2602,154.567,158.338121,7.39,91.354,305.2,371525.9272547778,-0.002,0
2026-08-20T11:14:19Z,0.151,26.2132,17.55,2.607,0.3834,1.2267,37.2753,154.567,158.339559,7.3877,91.337,311.03,371528.7214979011,-0.002,0
2026-08-20T11:14:19Z,0.15,26.2134,17.55,2.6375,0.3834,1.2267,37.1544,154.57,158.34374,7.385,91.331,325.06,371550.0214755749,-0.001,0
2026-08-20T11:14:19Z,0.15,26.2135,17.55,2.6146,0.3834,1.2267,37.1242,154.568,158.343763,7.3822,91.334,309.07,371548.20026893495,-0.001,0
2026-08-20T11:14:19Z,0.15,26.2137,17.55,2.5689,0.3834,1.2267,35.8402,154.557,158.335626,7.3801,91.342,303.62,371495.2007641792,-0,0
2026-08-20T11:14:19Z,0.15,26.2141,17.55,2.5651,0.3834,1.2267,35.7646,154.535,158.317161,7.3787,91.353,304.34,371376.00462538516,0,0
2026-08-20T11:14:19Z,0.15,26.2144,17.28,2.5574,0.426,1.1844,35.7797,154.51,158.295466,7.3781,91.363,306,371239.31885365077,0.001,0
2026-08-20T11:14:19Z,0.151,26.215,17.28,2.546,0.426,1.1844,35.7797,154.496,158.284797,7.3782,91.37,298.71,371163.25332338177,0.001,0
2026-08-20T11:14:19Z,0.151,26.2159,17.28,2.5498,0.426,1.1844,34.6316,154.501,158.292329,7.3788,91.376,307.8,371191.035379033,0,0
2026-08-20T11:14:19Z,0.151,26.2173,17.28,2.5612,0.426,1.1844,34.541,154.524,158.318068,7.3795,91.378,307.73,371318.7914131052,0,0
2026-08-20T11:14:19Z,0.151,26.2187,17.46,2.5574,0.426,1.3959,34.5863,154.547,158.342824,7.3801,91.375,291.15,371440.6388857681,0,0
2026-08-20T11:14:19Z,0.151,26.2199,17.46,2.5155,0.426,1.3959,34.4957,154.557,158.355163,7.3806,91.37,300.73,371491.5364512134,-0,0
2026-08-20T11:14:19Z,0.151,26.2207,17.46,2.4888,0.426,1.3959,32.0787,154.582,158.382424,7.3809,91.366,297.35,371640.27700073563,0,0
2026-08-20T11:14:19Z,0.151,26.2213,17.46,2.4888,0.426,1.3959,32.0636,154.624,158.427868,7.381,91.361,294.2,371902.6864649226,0,0
2026-08-20T11:14:19Z,0.151,26.221800000000002,17.46,2.4735,0.426,1.2267,31.8672,154.65,158.455517,7.3808,91.355,295.67,372059.74530119594,-0.001,0
2026-08-20T11:14:19Z,0.151,26.2224,17.46,2.4773,0.426,1.2267,32.0787,154.654,158.46072,7.3803,91.35,305.2,372079.37628538883,-0.001,0
2026-08-20T11:14:19Z,0.15,26.223,17.46,2.4239,0.426,1.2267,29.1178,154.658,158.464904,7.3798,91.347,295.35,372092.8568283756,-0.001,0
2026-08-20T11:14:19Z,0.15,26.2237,17.46,2.4277,0.426,1.2267,29.0272,154.666,158.473194,7.3794,91.343,291.72,372129.15952516504,-0.001,0
2026-08-20T11:14:19Z,0.15,26.2241,17.46,2.4163,0.426,1.2267,29.1329,154.668,158.475776,7.3788,91.339,285.76,372136.89478430187,-0.001,0
2026-08-20T11:14:19Z,0.15,26.2243,17.73,2.3934,0.426,1.3113,29.1782,154.662,158.469331,7.3784,91.335,302.76,372094.06588512735,-0.001,0
2026-08-20T11:14:19Z,0.15,26.2243,17.73,2.4201,0.426,1.3113,27.1842,154.648,158.456148,7.3781,91.334,293.05,372014.498109166,0,0
2026-08-20T11:14:19Z,0.149,26.2244,17.73,2.4315,0.426,1.3113,27.2144,154.623,158.432712,7.3778,91.336,305.8,371871.11129876174,0,0
2026-08-20T11:14:19Z,0.149,26.2245,17.73,2.4239,0.426,1.3113,27.1389,154.593,158.404796,7.3774,91.341,326.26,371700.7344034898,0.001,0
2026-08-20T11:14:19Z,0.15,26.2247,17.73,2.4354,0.426,1.269,27.1237,154.569,158.384997,7.3771,91.351,323.15,371577.3969061875,0.002,0
2026-08-20T11:14:19Z,0.15,26.225,17.73,2.4163,0.426,1.269,39.8132,154.555,158.376053,7.377,91.366,316.21,371517.5809443685,0.002,0
2026-08-20T11:14:19Z,0.151,26.2255,17.73,2.4086,0.426,1.269,39.8585,154.549,158.375578,7.3771,91.389,324.84,371504.91933211207,0.003,0
2026-08-20T11:14:19Z,0.152,26.2266,17.73,2.4354,0.426,1.269,39.7678,154.555,158.387453,7.3774,91.413,311.7,371554.97337606794,0.003,0
2026-08-20T11:14:19Z,0.153,26.228,18.54,2.4163,0.4686,1.269,39.9189,154.56,158.398815,7.3779,91.432,306.87,371596.05672674434,0.002,0
2026-08-20T11:14:19Z,0.154,26.2298,18.54,2.4163,0.4686,1.269,31.5499,154.553,158.396659,7.3789,91.445,307.53,371547.7822662985,0.001,0
2026-08-20T11:14:19Z,0.154,26.2317,18.54,2.4392,0.4686,1.269,31.4744,154.551,158.400453,7.3805,91.453,318.76,371533.43086052797,0,0
2026-08-20T11:14:19Z,0.154,26.2337,18.54,2.4392,0.4686,1.269,31.4744,154.565,158.419224,7.3821,91.454,318.76,371607.42641139275,-0.001,0
2026-08-20T11:14:19Z,0.153,26.2356,18.45,2.4201,0.5112,1.269,31.5348,154.579,158.437939,7.3834,91.449,309.14,371683.0470104493,-0.002,0
2026-08-20T11:14:19Z,0.153,26.2373,18.45,2.4926,0.5112,1.269,30.7644,154.578,158.441546,7.3843,91.436,320.57,371671.4797047427,-0.002,0
2026-08-20T11:14:19Z,0.152,26.2389,18.45,2.5002,0.5112,1.269,30.7946,154.56,158.427001,7.3847,91.416,314.56,371552.4280186977,-0.003,0
2026-08-20T11:14:19Z,0.152,26.2405,18.45,2.5002,0.5112,1.269,30.7795,154.53,158.39844,7.3846,91.391,320.15,371348.9319787282,-0.003,0
2026-08-20T11:14:19Z,0.151,26.242,18.45,2.4926,0.5112,1.269,30.704,154.498,158.368288,7.3839,91.361,325.41,371137.88977002015,-0.003,0
2026-08-20T11:14:19Z,0.15,26.2434,18.18,2.4163,0.426,1.1844,28.7855,154.473,158.344537,7.3827,91.331,323.93,370967.43809799955,-0.003,0
2026-08-20T11:14:19Z,0.149,26.2445,18.18,2.4354,0.426,1.1844,28.9063,154.441,158.312838,7.381,91.308,351.05,370755.0584041342,-0.002,0
2026-08-20T11:14:19Z,0.148,26.2453,18.18,2.4163,0.426,1.1844,28.8157,154.41,158.282773,7.3788,91.295,341.94,370558.4571902096,-0.001,0
2026-08-20T11:14:19Z,0.148,26.2461,18.18,2.4354,0.426,1.1844,28.7704,154.402,158.276385,7.3763,91.291,339.72,370504.3863850586,-0,0
2026-08-20T11:14:19Z,0.148,26.2467,17.01,2.4086,0.426,1.269,29.8429,154.4,158.277943,7.3738,91.293,348.24,370502.0411263113,0.001,0
2026-08-20T11:14:19Z,0.149,26.2472,17.01,2.4125,0.426,1.269,29.8278,154.396,158.275839,7.3719,91.305,356.5,370479.61368734145,0.001,0
2026-08-20T11:14:19Z,0.149,26.2477,17.01,2.4163,0.426,1.269,29.7825,154.396,158.279531,7.3708,91.325,352.19,370492.062673769,0.002,0
2026-08-20T11:14:19Z,0.15,26.2484,17.01,2.4277,0.426,1.269,29.9335,154.401,158.288,7.3703,91.347,351.28,370529.3494895948,0.002,0
2026-08-20T11:14:19Z,0.15,26.2493,17.46,2.443,0.4686,1.1421,31.8974,154.405,158.297493,7.3704,91.373,355.19,370568.8926685323,0.003,0
2026-08-20T11:14:19Z,0.151,26.2503,17.46,2.443,0.4686,1.1421,32.0484,154.404,158.302525,7.3713,91.399,373.8,370579.6368124409,0.003,0
2026-08-20T11:14:19Z,0.152,26.2513,17.46,2.4315,0.4686,1.1421,32.0636,154.397,158.302435,7.3727,91.423,366.64,370559.55848250387,0.003,0
2026-08-20T11:14:19Z,0.153,26.2526,17.46,2.4163,0.4686,1.1421,31.8974,154.402,158.315234,7.3744,91.444,354.5,370611.1796291657,0.003,0
2026-08-20T11:14:19Z,0.154,26.2542,17.46,2.5383,0.4686,1.1421,37.381,154.428,158.350349,7.3762,91.461,346.42,370791.25365429086,0.003,0
2026-08-20T11:14:19Z,0.155,26.2562,18.09,2.5574,0.5538,1.0998000000000001,37.4565,154.457,158.387084,7.3781,91.474,348.31,370973.3003274112,0.003,0
2026-08-20T11:14:19Z,0.155,26.2585,18.09,2.5498,0.5538,1.0998000000000001,37.4263,154.471,158.407177,7.3797,91.486,350.06,371049.3005411325,0.002,0
2026-08-20T11:14:19Z,0.156,26.261,18.09,2.5727,0.5538,1.0998000000000001,37.4414,154.479,158.419997,7.381,91.496,363.23,371077.59458468214,0.002,0
2026-08-20T11:14:19Z,0.156,26.2636,18.09,2.5651,0.5538,1.0998000000000001,38.6197,154.483,158.428962,7.382,91.504,357.98,371080.7189263532,0.001,0
2026-08-20T11:14:19Z,0.156,26.266,17.19,2.5651,0.4686,1.2267,38.7406,154.486,158.436462,7.3827,91.51,351.35,371078.9335856485,0.001,0
2026-08-20T11:14:19Z,0.156,26.2679,17.19,2.5841,0.4686,1.2267,38.6802,154.498,158.452513,7.3835,91.514,356.5,371138.4112670409,0.001,0
2026-08-20T11:14:19Z,0.157,26.2695,17.19,2.5689,0.4686,1.2267,38.7859,154.515,158.473382,7.3841,91.514,350.97,371232.771126302,0,0
2026-08-20T11:14:19Z,0.157,26.2709,17.19,2.4849,0.4686,1.2267,36.9882,154.534,158.496615,7.3845,91.509,361.65,371345.2912447341,0,0
2026-08-20T11:14:19Z,0.157,26.2722,17.19,2.4621,0.4686,1.1421,37.0034,154.56,158.528409,7.3848,91.495,342.38,371511.3546596591,0,0
2026-08-20T11:14:19Z,0.157,26.2734,17.19,2.4926,0.4686,1.1421,36.9882,154.577,158.553194,7.385,91.475,344.02,371637.1799176496,0,0
2026-08-20T11:14:19Z,0.157,26.2745,17.19,2.4621,0.4686,1.1421,36.9429,154.56,158.545513,7.3849,91.458,362.91,371569.35961389134,0,0
2026-08-20T11:14:19Z,0.157,26.2757,17.19,2.5498,0.4686,1.1421,38.6953,154.526,158.519352,7.3843,91.448,359.15,371388.28408524813,0,0
2026-08-20T11:14:19Z,0.157,26.2775,17.28,2.5498,0.426,1.2267,38.6197,154.496,158.495794,7.3829,91.444,340.53,371211.2056184314,-0.001,0
2026-08-20T11:14:19Z,0.156,26.2799,17.28,2.5345,0.426,1.2267,38.6651,154.471,158.476571,7.381,91.44,357.67,371048.5512590672,-0.001,0
2026-08-20T11:14:19Z,0.156,26.2829,17.28,2.5345,0.426,1.2267,38.5895,154.458,158.468582,7.3792,91.435,352.65,370941.82403338054,-0.001,0
2026-08-20T11:14:19Z,0.156,26.2857,17.28,2.5727,0.426,1.2267,34.3597,154.467,158.481721,7.378,91.429,342.31,370966.1534558708,0,0
2026-08-20T11:14:19Z,0.156,26.2881,17.28,2.5498,0.426,1.2267,34.3899,154.493,158.511477,7.3774,91.424,341.12,371098.29519697704,0,0
2026-08-20T11:14:19Z,0.156,26.2901,16.65,2.5383,0.426,1.1421,34.3446,154.515,158.533719,7.3768,91.419,350.97,371193.04833567236,0,0
2026-08-20T11:14:19Z,0.156,26.2919,16.65,2.5651,0.426,1.1421,34.3748,154.532,158.546364,7.3762,91.415,344.7,371233.9528083929,0,0
2026-08-20T11:14:19Z,0.156,26.2933,16.65,2.6032,0.426,1.1421,34.0123,154.561,158.564806,7.3755,91.412,342.98,371317.576349127,0.001,0
2026-08-20T11:14:19Z,0.156,26.294,16.65,2.5803,0.426,1.1421,34.0727,154.593,158.577932,7.375,91.412,344.1,371382.89921357424,0.001,0
2026-08-20T11:14:19Z,0.156,26.2939,16.38,2.5803,0.3408,1.0575,34.1029,154.622,158.581225,7.3746,91.416,331.26,371404.6810392629,0.001,0
2026-08-20T11:14:19Z,0.156,26.2924,16.38,2.5918,0.3408,1.0575,34.1029,154.65,158.583575,7.3745,91.419,328.96,371448.1836242662,0.001,0
2026-08-20T11:14:19Z,0.156,26.2889,16.38,2.5383,0.3408,1.0575,35.5682,154.661,158.573585,7.3747,91.421,328.89,371456.52950204164,0.001,0
2026-08-20T11:14:19Z,0.156,26.2827,16.38,2.5651,0.3408,1.0575,35.538,154.652,158.548588,7.3755,91.426,337.73,371427.3480202787,0.001,0
2026-08-20T11:14:19Z,0.157,26.2742,16.47,2.5498,0.2982,1.0152,35.6136,154.649,158.533983,7.377,91.432,328.68,371505.7741767088,0,0
2026-08-20T11:14:19Z,0.157,26.2655,16.47,2.5536,0.2982,1.0152,35.4474,154.655,158.533892,7.3784,91.437,329.89,371675.6134496422,0,0
2026-08-20T11:14:19Z,0.157,26.2586,16.47,2.607,0.2982,1.0152,35.2208,154.646,158.52424,7.3795,91.44,317.38,371752.6317868171,0,0
2026-08-20T11:14:19Z,0.157,26.2535,16.47,2.607,0.2982,1.0152,35.251,154.609,158.49043,7.3806,91.443,329.18,371648.7529211603,0,0
2026-08-20T11:14:19Z,0.157,26.2499,16.47,2.607,0.2982,1.0152,35.2359,154.549,158.435471,7.3815,91.447,317.52,371388.0317609239,0,0
2026-08-20T11:14:19Z,0.158,26.2478,16.47,2.6223,0.3408,0.9729,35.2963,154.473,158.364748,7.3822,91.449,310.29,371003.0900160861,0.001,0
2026-08-20T11:14:19Z,0.158,26.2475,16.47,2.5574,0.3408,0.9729,34.3748,154.376,158.271426,7.3825,91.447,324.98,370447.19804928877,0.001,0
2026-08-20T11:14:19Z,0.158,26.2488,16.47,2.5383,0.3408,0.9729,34.2842,154.249,158.146652,7.3825,91.441,332.34,369671.5849790419,0.001,0
2026-08-20T11:14:19Z,0.158,26.251,16.47,2.5383,0.3408,0.9729,34.3899,154.055,157.953145,7.3825,91.436,317.31,368467.1912650135,0.001,0
2026-08-20T11:14:19Z,0.158,26.2532,16.38,2.5383,0.3408,1.0575,34.3899,153.701,157.595215,7.3824,91.436,326.4,366282.1259201269,0.001,0
2026-08-20T11:14:19Z,0.159,26.2552,16.38,2.6146,0.3408,1.0575,36.2178,153.072,156.953365,7.382,91.442,321.61,362421.3161323286,0.002,0
2026-08-20T11:14:19Z,0.159,26.2571,16.38,2.6223,0.3408,1.0575,36.1725,152.019,155.876475,7.3813,91.453,319.66,356027.74555596255,0.002,0
2026-08-20T11:14:19Z,0.16,26.2589,16.38,2.5879,0.3408,1.0575,36.2027,150.266,154.081385,7.3806,91.466,328.46,345550.2332534292,0.002,0
2026-08-20T11:14:19Z,0.161,26.2605,16.65,2.6146,0.426,1.2267,36.248,147.327,151.069361,7.3804,91.48,328.39,328423.5426600466,0.002,0
2026-08-20T11:14:19Z,0.161,26.2618,16.65,2.6032,0.426,1.2267,39.4053,142.406,146.025174,7.3807,91.496,324.63,300947.7453577085,0.002,0
2026-08-20T11:14:19Z,0.162,26.2627,16.65,2.5879,0.426,1.2267,39.3297,134.188,137.599699,7.3815,91.509,314.63,258300.53250221777,0.002,0
2026-08-20T11:14:19Z,0.162,26.2636,16.65,2.6223,0.426,1.2267,39.3449,120.486,123.550151,7.3824,91.513,336.48,195838.87580558585,0.001,0
2026-08-20T11:14:19Z,0.163,26.2643,16.65,2.607,0.426,1.2267,39.2844,97.659,100.142009,7.3835,91.512,333.14,114200.98190555096,0.001,0
2026-08-20T11:14:19Z,0.163,26.2649,16.65,2.5765,0.3834,1.0998000000000001,35.5078,59.638,61.153141,7.3847,91.511,327.11,32442.576919965613,0.001,0
2026-08-20T11:14:19Z,0.163,26.2655,16.65,2.6223,0.3834,1.0998000000000001,35.538,-3.706,-3.805467,7.3857,91.51,326.47,NA,0,0
2026-08-20T11:14:19Z,0.163,26.2661,16.65,2.5841,0.3834,1.0998000000000001,35.5834,-109.268,-112.060119,7.3859,91.507,337.51,NA,0,0
2026-08-20T11:14:19Z,0.163,26.2667,16.65,2.6528,0.3834,1.0998000000000001,35.6438,-285.196,-292.474715,7.3858,91.504,324.07,NA,0,0
2026-08-20T11:14:19Z,0.163,26.2672,16.47,2.5918,0.3834,1.0575,35.5834,-578.391,-593.147788,7.3858,91.501,336.7,NA,0,0
2026-08-20T11:14:19Z,0.163,26.2676,16.47,2.6795,0.3834,1.0575,38.4083,-876.154,-898.4825,7.3857,91.497,345.07,NA,0,0
2026-08-20T11:14:19Z,0.163,26.268,16.47,2.6795,0.3834,1.0575,38.5291,-876.148,-898.534586,7.3855,91.494,343.95,NA,0,0
2026-08-20T11:14:19Z,0.163,26.2684,16.47,2.649,0.3834,1.0575,38.3629,-578.377,-593.22431,7.3854,91.49,348.39,NA,0,0
2026-08-20T11:14:19Z,0.163,26.2688,16.56,2.6719,0.3834,1.2267,38.3931,-285.189,-292.517232,7.3854,91.484,354.88,NA,0,0
2026-08-20T11:14:19Z,0.163,26.2691,16.56,2.8359,0.3834,1.2267,36.9278,-109.277,-112.09475,7.3854,91.478,348.39,NA,0,0
2026-08-20T11:14:19Z,0.163,26.2693,16.56,2.8359,0.3834,1.2267,36.7314,-3.718,-3.829421,7.3851,91.476,338.83,NA,0,0
2026-08-20T11:14:19Z,0.163,26.2694,16.56,2.855,0.3834,1.2267,36.7768,59.628,61.141492,7.3844,91.477,347.48,32419.478837120732,0,0
2026-08-20T11:14:19Z,0.163,26.2697,16.47,2.8283,0.3408,1.0998000000000001,36.7314,97.628,100.115509,7.3836,91.48,349.83,114091.299776197,0,0
2026-08-20T11:14:19Z,0.163,26.2701,16.47,2.607,0.3408,1.0998000000000001,35.7797,120.421,123.493719,7.3829,91.482,351.05,195542.38052372902,0,0
2026-08-20T11:14:19Z,0.163,26.2704,16.47,2.6185,0.3408,1.0998000000000001,35.8251,134.106,137.530351,7.3825,91.484,334.22,257861.5839730912,0,0
2026-08-20T11:14:19Z,0.163,26.2706,16.47,2.5918,0.3408,1.0998000000000001,35.7495,142.325,145.960491,7.3825,91.483,349.07,300465.9315664204,0,0
2026-08-20T11:14:19Z,0.163,26.2708,16.47,2.6185,0.3408,1.0998000000000001,35.7042,147.258,151.020152,7.3826,91.479,360.24,327970.6055154841,0,0
2026-08-20T11:14:19Z,0.163,26.2709,16.65,2.6108,0.3408,1.1844,36.3387,150.207,154.046552,7.3828,91.472,333.14,345131.158928561,0,0
2026-08-20T11:14:19Z,0.162,26.2711,16.65,2.6146,0.3408,1.1844,36.2934,151.965,155.85074,7.3829,91.462,343.58,355614.1957580989,0,0
2026-08-20T11:14:19Z,0.162,26.2712,16.65,2.5879,0.3408,1.1844,36.2178,153.02,156.933872,7.3828,91.45,336.12,362000.22488043987,0,0
2026-08-20T11:14:19Z,0.162,26.2714,16.65,2.5994,0.3408,1.1844,36.2178,153.648,157.580777,7.3825,91.438,329.54,365844.75206701545,0,0
2026-08-20T11:14:19Z,0.162,26.2717,16.56,2.5383,0.2556,1.1421,31.9729,154.015,157.959954,7.3818,91.434,343.28,368106.1642630917,0,0
2026-08-20T11:14:19Z,0.162,26.2722,16.56,2.546,0.2556,1.1421,31.9578,154.235,158.18855,7.381,91.442,357.28,369467.3980580866,0.001,0
2026-08-20T11:14:19Z,0.162,26.2727,16.56,2.546,0.2556,1.1421,32.124,154.373,158.331532,7.3799,91.457,337.8,370316.71201383584,0.001,0
2026-08-20T11:14:19Z,0.162,26.2735,16.56,2.5231,0.2556,1.1421,32.0031,154.456,158.415004,7.3789,91.472,343.65,370803.1494335322,0.001,0
2026-08-20T11:14:19Z,0.163,26.2745,16.38,2.7482,0.3408,0.9729,45.1457,154.496,158.453209,7.3784,91.49,333.06,371013.52173656126,0.002,0
2026-08-20T11:14:19Z,0.164,26.2753,16.38,2.7558,0.3408,0.9729,45.1004,154.517,158.46836,7.3789,91.51,333.43,371089.07703320176,0.002,0
2026-08-20T11:14:19Z,0.164,26.2756,16.38,2.7367,0.3408,0.9729,45.1155,154.532,158.476521,7.3801,91.526,336.04,371132.3380170202,0.001,0
2026-08-20T11:14:19Z,0.164,26.2752,16.38,2.7215,0.3408,0.9729,45.1004,154.551,158.487883,7.3814,91.533,317.31,371208.5671135715,0.001,0
2026-08-20T11:14:19Z,0.164,26.2741,16.38,2.5994,0.3408,0.9729,38.4687,154.578,158.509485,7.383,91.529,323.72,371360.1718653307,0,0
2026-08-20T11:14:19Z,0.165,26.2722,16.38,2.607,0.2982,0.9729,38.4989,154.597,158.523037,7.3849,91.52,321.33,371478.99072271126,0,0
2026-08-20T11:14:19Z,0.165,26.2698,16.38,2.6032,0.2982,0.9729,38.3931,154.592,158.512114,7.3865,91.51,325.55,371460.1778580762,0,0
2026-08-20T11:14:19Z,0.165,26.2673,16.38,2.607,0.2982,0.9729,38.4234,154.59,158.501859,7.3873,91.505,326.19,371447.3450259292,0,0
2026-08-20T11:14:19Z,0.165,26.2652,16.38,2.5956,0.2982,0.9729,39.5563,154.615,158.517593,7.3873,91.503,314.08,371583.26498119324,0,0
2026-08-20T11:14:19Z,0.165,26.2634,16.29,2.5803,0.3408,1.0152,39.5563,154.656,158.547479,7.3868,91.501,327.39,371798.6538673442,0,0
2026-08-20T11:14:19Z,0.165,26.2614,16.29,2.5956,0.3408,1.0152,39.6621,154.694,158.575439,7.3863,91.5,329.54,372006.4414636877,0,0
2026-08-20T11:14:19Z,0.165,26.259,16.29,2.607,0.3408,1.0152,39.6319,154.715,158.588885,7.3862,91.501,308.87,372134.609670355,0,0
2026-08-20T11:14:19Z,0.165,26.2557,16.29,2.5651,0.3408,1.0152,38.3327,154.719,158.587396,7.3865,91.505,313.06,372190.36918217066,0,0
2026-08-20T11:14:19Z,0.165,26.2518,16.38,2.5269,0.3408,1.1421,38.3931,154.729,158.594622,7.3869,91.508,315.59,372310.5056925352,0,0
2026-08-20T11:14:19Z,0.165,26.2481,16.38,2.5574,0.3408,1.1421,38.4083,154.748,158.61249,7.3872,91.505,322.87,372490.9986821462,0,0
2026-08-20T11:14:19Z,0.165,26.2455,16.38,2.546,0.3408,1.1421,38.4989,154.753,158.61771,7.3877,91.5,295.16,372573.58266013407,0,0
2026-08-20T11:14:19Z,0.165,26.2438,16.38,2.6871,0.3408,1.1421,38.1061,154.744,158.607664,7.3882,91.499,307.4,372546.3181744139,0,0
2026-08-20T11:14:19Z,0.165,26.2427,16.38,2.6642,0.2982,1.0575,38.227,154.733,158.595707,7.3886,91.504,325.69,372495.72941501037,0,0
2026-08-20T11:14:19Z,0.165,26.2423,16.38,2.6681,0.2982,1.0575,38.227,154.722,158.582658,7.3885,91.508,313.74,372424.80331619026,0,0
2026-08-20T11:14:19Z,0.165,26.2422,16.38,2.6909,0.2982,1.0575,38.1817,154.698,158.557021,7.3881,91.507,305.14,372272.0140501808,0,0
2026-08-20T11:14:19Z,0.165,26.242,16.38,2.6223,0.2982,1.0575,35.0546,154.662,158.519974,7.3881,91.505,308,372052.37958516984,0,0
2026-08-20T11:14:19Z,0.165,26.2417,16.38,2.5841,0.2982,1.0575,35.0093,154.639,158.497713,7.3885,91.505,311.03,371923.9681009315,0,0
2026-08-20T11:14:19Z,0.165,26.2413,16.29,2.6146,0.3408,1.0998000000000001,35.0395,154.651,158.512357,7.3888,91.506,312.86,372020.1558313749,0,0
2026-08-20T11:14:19Z,0.165,26.241,16.29,2.607,0.3408,1.0998000000000001,34.9489,154.683,158.54777,7.3888,91.508,311.03,372239.7341111467,0,0
2026-08-20T11:14:19Z,0.165,26.241,16.29,2.5422,0.3408,1.0998000000000001,34.7525,154.711,158.581332,7.3886,91.509,312.72,372442.3271617274,0,0
2026-08-20T11:14:19Z,0.165,26.2413,16.29,2.5498,0.3408,1.0998000000000001,34.9187,154.739,158.613978,7.3886,91.508,311.57,372633.5608589696,0,0
2026-08-20T11:14:19Z,0.165,26.242,16.38,2.5689,0.2982,1.1421,34.7223,154.771,158.650403,7.3885,91.508,305.54,372839.8180382697,-0.001,0
2026-08-20T11:14:19Z,0.165,26.2431,16.38,2.5383,0.2982,1.1421,34.7827,154.803,158.688299,7.3885,91.509,313.54,373047.1606939442,-0.001,0
2026-08-20T11:14:19Z,0.164,26.2444,16.38,2.5383,0.2982,1.1421,33.6648,154.831,158.721738,7.3884,91.509,309.34,373223.6859305889,-0.001,0
2026-08-20T11:14:19Z,0.164,26.2457,16.38,2.5612,0.2982,1.1421,33.6346,154.838,158.733584,7.3882,91.509,298.64,373269.70920901163,-0.001,0
2026-08-20T11:14:19Z,0.164,26.2471,16.02,2.5498,0.3834,1.0575,33.6044,154.818,158.716976,7.388,91.507,307.67,373141.777864159,-0.002,0
2026-08-20T11:14:19Z,0.164,26.2485,16.02,2.5498,0.3834,1.0575,33.5289,154.782,158.685522,7.3879,91.501,302.63,372924.18643399945,-0.002,0
2026-08-20T11:14:19Z,0.163,26.2501,16.02,2.5498,0.3834,1.0575,33.121,154.733,158.640856,7.3877,91.495,306.27,372622.9749484575,-0.003,0
2026-08-20T11:14:19Z,0.162,26.2516,16.02,2.5536,0.3834,1.0575,33.0757,154.679,158.591106,7.3875,91.494,302.83,372293.2144815839,-0.003,0
2026-08-20T11:14:19Z,0.161,26.253,16.02,2.5612,0.3834,1.0575,33.0606,154.635,158.551063,7.3871,91.494,297.15,372024.1608383334,-0.004,0
2026-08-20T11:14:19Z,0.16,26.2545,16.38,2.5383,0.2982,1.0152,33.1965,154.601,158.522074,7.3865,91.49,306.27,371819.9283804863,-0.006,0
2026-08-20T11:14:19Z,0.159,26.2562,16.38,2.5918,0.2982,1.0152,34.6014,154.582,158.508433,7.3858,91.479,302.1,371704.3722379956,-0.007,0
2026-08-20T11:14:19Z,0.157,26.2581,16.38,2.6146,0.2982,1.0152,34.4957,154.58,158.510511,7.3854,91.463,301.77,371679.67050774937,-0.01,0
2026-08-20T11:14:19Z,0.155,26.26,16.38,2.607,0.2982,1.0152,34.7072,154.589,158.520847,7.3852,91.44,306.93,371704.7460668173,-0.012,0
2026-08-20T11:14:19Z,0.152,26.262,16.38,2.6032,0.2982,1.0152,34.4957,154.601,158.530172,7.3846,91.404,292.1,371721.7672440282,-0.016,0
2026-08-20T11:14:19Z,0.147,26.2639,16.38,2.4926,0.2982,1.0152,27.7129,154.602,158.52494,7.3834,91.346,286.56,371653.0098252395,-0.02,0
2026-08-20T11:14:19Z,0.142,26.2652,16.38,2.4735,0.2982,1.0152,27.7582,154.608,158.519789,7.3819,91.258,284.52,371596.50529217796,-0.025,0
2026-08-20T11:14:19Z,0.135,26.2656,16.38,2.504,0.2982,1.0152,27.4863,154.637,158.537394,7.38,91.135,284.7,371694.7676510524,-0.029,0
2026-08-20T11:14:19Z,0.127,26.2646,16.38,2.5155,0.2556,1.0998000000000001,27.6374,154.666,158.55439,7.3773,90.979,351.96,371816.8099825373,-0.033,0
2026-08-20T11:14:19Z,0.117,26.2623,16.38,2.3858,0.2556,1.0998000000000001,21.8969,154.672,158.547254,7.373,90.803,432.48,371818.8719636027,-0.035,0
2026-08-20T11:14:19Z,0.106,26.2589,16.38,2.3476,0.2556,1.0998000000000001,21.8214,154.667,158.530114,7.3663,90.625,488.44,371782.18147218146,-0.036,0
2026-08-20T11:14:19Z,0.096,26.2548,16.38,2.3552,0.2556,1.0998000000000001,21.7912,154.668,158.518439,7.3569,90.457,445.35,371792.1536088091,-0.034,0
2026-08-20T11:14:19Z,0.087,26.2505,16.92,2.3285,0.3834,0.8883,21.8667,154.674,158.513123,7.3448,90.31,483.48,371844.3911072588,-0.031,0
2026-08-20T11:14:19Z,0.08,26.2465,16.92,2.2866,0.3834,0.8883,24.5557,154.682,158.512748,7.3312,90.2,557.06,371920.5584142101,-0.027,0
2026-08-20T11:14:19Z,0.073,26.2425,16.92,2.3018,0.3834,0.8883,24.5254,154.68,158.505191,7.3174,90.132,562.29,371953.41989962483,-0.023,0
2026-08-20T11:14:19Z,0.068,26.2385,16.92,2.3095,0.3834,0.8883,24.5557,154.664,158.484426,7.3043,90.106,551.4,371906.605476044,-0.019,0
2026-08-20T11:14:19Z,0.064,26.2349,16.92,2.2866,0.3834,0.8883,24.4499,154.656,158.472974,7.2929,90.111,530.83,371908.1224849051,-0.015,0
2026-08-20T11:14:19Z,0.061,26.2321,16.38,2.3552,0.3408,1.0998000000000001,26.1418,154.67,158.483813,7.2844,90.135,500.8,372028.4458411401,-0.011,0
2026-08-20T11:14:19Z,0.059,26.2302,16.38,2.3629,0.3408,1.0998000000000001,26.1418,154.688,158.499792,7.2792,90.172,485.79,372162.16656236816,-0.009,0
2026-08-20T11:14:19Z,0.057,26.2287,16.38,2.3438,0.3408,1.0998000000000001,26.2174,154.695,158.505131,7.2773,90.218,483.27,372223.8385414693,-0.007,0
2026-08-20T11:14:19Z,0.056,26.2275,16.38,2.3591,0.3408,1.0998000000000001,26.1116,154.691,158.501256,7.2779,90.268,492.92,372224.003094925,-0.005,0
2026-08-20T11:14:19Z,0.055,26.2264,17.64,2.2942,0.3834,1.2267,27.728,154.688,158.499156,7.28,90.313,503.75,372232.92020462005,-0.004,0
2026-08-20T11:14:19Z,0.054,26.2256,17.64,2.3018,0.3834,1.2267,27.6072,154.693,158.506287,7.283,90.35,515.71,372291.68061021465,-0.003,0
2026-08-20T11:14:19Z,0.054,26.2252,17.64,2.3171,0.3834,1.2267,27.6676,154.693,158.50852,7.2868,90.378,526.46,372313.0176652143,-0.002,0
2026-08-20T11:14:19Z,0.053,26.2253,17.64,2.3095,0.3834,1.2267,27.6374,154.68,158.498434,7.2908,90.403,533.72,372250.15762362134,-0.002,0
2026-08-20T11:14:19Z,0.053,26.2256,16.92,2.2942,0.2982,1.0998000000000001,34.3295,154.672,158.49338,7.2944,90.42,538.15,372213.75575346185,-0.001,0
2026-08-20T11:14:19Z,0.052,26.2263,16.92,2.2789,0.2982,1.0998000000000001,34.3748,154.676,158.500027,7.2973,90.425,541.78,372240.14284927346,-0.001,0
2026-08-20T11:14:19Z,0.052,26.2272,16.92,2.3095,0.2982,1.0998000000000001,34.3295,154.685,158.51213,7.2995,90.422,525.09,372295.5438555134,-0,0
2026-08-20T11:14:19Z,0.052,26.2281,16.92,2.3018,0.2982,1.0998000000000001,34.4353,154.702,158.532917,7.3014,90.423,515.26,372403.3848300336,-0,0
2026-08-20T11:14:19Z,0.052,26.229,16.92,2.2866,0.2982,1.0998000000000001,42.2755,154.738,158.57194,7.3026,90.427,511.24,372621.3883353454,0,0
2026-08-20T11:14:19Z,0.052,26.23,17.1,2.2942,0.3408,1.269,42.2302,154.773,158.609544,7.3029,90.428,512.69,372828.920745655,0,0
2026-08-20T11:14:19Z,0.053,26.231,17.1,2.2713,0.3408,1.269,42.3208,154.775,158.613671,7.3025,90.425,515.04,372834.195752194,0.001,0
2026-08-20T11:14:19Z,0.053,26.2319,17.1,2.2866,0.3408,1.269,42.3057,154.747,158.587428,7.3024,90.422,517.95,372657.9546178255,0.001,0
2026-08-20T11:14:19Z,0.053,26.2327,17.1,2.4239,0.3408,1.269,35.7344,154.708,158.549867,7.3027,90.425,517.39,372415.39147041866,0.001,0
2026-08-20T11:14:19Z,0.053,26.2333,17.01,2.4506,0.3834,1.0575,35.8251,154.675,158.51903,7.3027,90.433,516.72,372217.44361949194,0.001,0
2026-08-20T11:14:19Z,0.054,26.2339,17.01,2.4315,0.3834,1.0575,35.7948,154.659,158.506734,7.3023,90.443,515.6,372131.45287790394,0.001,0
2026-08-20T11:14:19Z,0.054,26.2345,17.01,2.4392,0.3834,1.0575,35.7646,154.654,158.505693,7.302,90.45,514.03,372113.39621586114,0.001,0
2026-08-20T11:14:19Z,0.054,26.2353,17.01,2.3476,0.3834,1.0575,31.2629,154.639,158.495588,7.3021,90.454,517.39,372036.72076924535,0.001,0
2026-08-20T11:14:19Z,0.055,26.2363,17.37,2.3591,0.3408,1.2267,31.2931,154.616,158.477732,7.3027,90.458,519.08,371909.3730189148,0.001,0
2026-08-20T11:14:19Z,0.055,26.2376,17.37,2.3743,0.3408,1.2267,31.2478,154.604,158.471414,7.3033,90.462,522.25,371845.7682126976,0.001,0
2026-08-20T11:14:19Z,0.055,26.2391,17.37,2.3667,0.3408,1.2267,31.1723,154.599,158.470941,7.3037,90.466,523.38,371813.5049798514,0.001,0
2026-08-20T11:14:19Z,0.055,26.2408,17.37,2.3438,0.3408,1.2267,31.278,154.588,158.464163,7.3038,90.468,537.91,371739.30137001834,0.001,0
2026-08-20T11:14:19Z,0.056,26.2426,17.55,2.4354,0.3408,1.0575,35.7797,154.576,158.457289,7.3038,90.468,550.81,371662.572866252,0.001,0
2026-08-20T11:14:19Z,0.056,26.2444,17.55,2.4354,0.3408,1.0575,35.7193,154.576,158.460509,7.304,90.467,555.13,371646.71425560286,0.001,0
2026-08-20T11:14:19Z,0.056,26.246,17.55,2.4239,0.3408,1.0575,35.7646,154.587,158.474683,7.304,90.469,559.98,371700.81834350445,0.001,0
2026-08-20T11:14:19Z,0.056,26.2476,17.55,2.4163,0.3408,1.0575,35.7495,154.613,158.503591,7.304,90.473,559.73,371843.7722029395,0.001,0
2026-08-20T11:14:19Z,0.056,26.2491,17.55,2.4735,0.3408,1.0575,32.0031,154.654,158.546926,7.3038,90.479,561.81,372075.73918684426,0.001,0
2026-08-20T11:14:19Z,0.056,26.2503,17.46,2.4659,0.3834,1.1421,32.0333,154.689,158.584178,7.3036,90.481,561.56,372276.9589699552,0.001,0
2026-08-20T11:14:19Z,0.056,26.2511,17.46,2.4849,0.3834,1.1421,31.9276,154.706,158.601233,7.3036,90.482,560.71,372364.18196256505,0.001,0
2026-08-20T11:14:19Z,0.057,26.2518,17.46,2.5002,0.3834,1.1421,32.0938,154.715,158.610655,7.3039,90.483,563.15,372407.3055709631,0.001,0
2026-08-20T11:14:19Z,0.057,26.2522,17.46,2.4277,0.3834,1.1421,30.5378,154.737,158.630989,7.3042,90.482,565.73,372522.1916791676,0.001,0
2026-08-20T11:14:19Z,0.057,26.2526,17.37,2.4468,0.3408,1.1421,30.568,154.767,158.659641,7.3044,90.48,569.43,372687.32248088054,0.001,0
2026-08-20T11:14:19Z,0.057,26.2527,17.37,2.4163,0.3408,1.1421,30.5529,154.79,158.680203,7.3045,90.477,579.03,372809.530332989,0.001,0
2026-08-20T11:14:19Z,0.058,26.2525,17.37,2.4354,0.3408,1.1421,30.5982,154.79,158.678118,7.3046,90.476,569.43,372800.8684248207,0.001,0
2026-08-20T11:14:19Z,0.058,26.2521,17.37,2.5002,0.3408,1.1421,32.3204,154.769,158.652828,7.3046,90.477,546.99,372656.00727546075,0.001,0
2026-08-20T11:14:19Z,0.058,26.2513,17.64,2.4659,0.3408,1.1421,32.2901,154.748,158.629656,7.3045,90.484,535.46,372531.8199605105,0.001,0
2026-08-20T11:14:19Z,0.058,26.2504,17.64,2.4659,0.3408,1.1421,32.2599,154.743,158.622461,7.3044,90.493,531.41,372506.0600499487,0.001,0
2026-08-20T11:14:19Z,0.058,26.2494,17.64,2.504,0.3408,1.1421,32.3204,154.734,158.613294,7.3044,90.503,533.37,372470.359670057,0.001,0
2026-08-20T11:14:19Z,0.059,26.2484,17.64,2.443,0.3408,1.1421,34.8129,154.721,158.599709,7.3047,90.511,535.23,372407.99128560367,0.001,0
2026-08-20T11:14:19Z,0.059,26.2476,17.64,2.4125,0.3408,1.1421,34.8431,154.719,158.598125,7.3053,90.517,537.33,372414.13774718385,0.001,0
2026-08-20T11:14:19Z,0.059,26.2472,17.82,2.4239,0.3408,1.1844,34.828,154.732,158.612127,7.3061,90.519,538.73,372506.5194895136,0.001,0
2026-08-20T11:14:19Z,0.059,26.2471,17.82,2.4163,0.3408,1.1844,34.828,154.743,158.625408,7.3069,90.516,540.84,372588.6698233782,0,0
2026-08-20T11:14:19Z,0.059,26.2471,17.82,2.4086,0.3408,1.1844,40.9612,154.742,158.625479,7.3076,90.511,543.67,372589.098526421,0,0
2026-08-20T11:14:19Z,0.059,26.2473,17.82,2.4163,0.3408,1.1844,41.1878,154.731,158.616365,7.308,90.506,544.14,372530.1417299266,0,0
2026-08-20T11:14:19Z,0.059,26.2476,17.28,2.4125,0.3408,1.0152,41.0066,154.72,158.607661,7.3081,90.498,545.45,372471.70241769525,0,0
2026-08-20T11:14:19Z,0.059,26.248,17.28,2.4277,0.3408,1.0152,41.0066,154.71,158.601054,7.3078,90.49,547.58,372423.9639836776,0,0
2026-08-20T11:14:19Z,0.059,26.2486,17.28,2.4926,0.3408,1.0152,40.0095,154.696,158.590774,7.3074,90.485,549.49,372350.13466447004,0,0
2026-08-20T11:14:19Z,0.059,26.2492,17.28,2.5078,0.3408,1.0152,40.0549,154.682,158.582096,7.3069,90.483,551.88,372285.9837726255,0,0
2026-08-20T11:14:19Z,0.059,26.25,16.83,2.4926,0.2982,1.0575,40.0549,154.669,158.576714,7.3061,90.481,552.84,372237.80488423986,0,0
2026-08-20T11:14:19Z,0.059,26.2512,16.83,2.4659,0.2982,1.0575,40.0851,154.653,158.569186,7.3053,90.479,556.22,372168.8347555105,0,0
2026-08-20T11:14:19Z,0.059,26.2526,16.83,2.4773,0.2982,1.0575,34.1029,154.631,158.557504,7.3048,90.476,559.13,372070.89384853776,0,0
2026-08-20T11:14:19Z,0.059,26.2545,16.83,2.4811,0.2982,1.0575,34.0727,154.609,158.54657,7.3044,90.475,559.01,371967.680620185,0,0
2026-08-20T11:14:19Z,0.059,26.257,16.83,2.4926,0.2982,1.0575,34.1029,154.6,158.549501,7.3039,90.476,562.05,371936.33624716336,0,0
2026-08-20T11:14:19Z,0.059,26.26,17.01,2.4773,0.2982,0.9729,34.193600000000004,154.61,158.571087,7.3033,90.477,564.74,372007.6863308006,0,0
2026-08-20T11:14:19Z,0.059,26.2635,17.01,2.5002,0.2982,0.9729,35.2057,154.631,158.601053,7.3026,90.478,566.22,372119.7695537088,-0.001,0
2026-08-20T11:14:19Z,0.059,26.2672,17.01,2.4964,0.2982,0.9729,35.0395,154.653,158.631359,7.3019,90.479,567.57,372229.9827758282,-0.001,0
2026-08-20T11:14:19Z,0.059,26.2711,17.01,2.5155,0.2982,0.9729,35.0093,154.674,158.658061,7.3015,90.481,570.79,372314.53174416936,-0.001,0
2026-08-20T11:14:19Z,0.059,26.2746,18.54,2.4888,0.426,1.3536,35.0244,154.678,158.666236,7.3012,90.481,573.27,372295.1677120607,-0.001,0
2026-08-20T11:14:19Z,0.058,26.2776,18.54,2.4773,0.426,1.3536,38.3931,154.657,158.648043,7.3008,90.475,576.27,372126.60434159834,-0.002,0
2026-08-20T11:14:19Z,0.058,26.2799,18.54,2.4926,0.426,1.3536,38.4234,154.631,158.624684,7.3006,90.467,576.02,371940.6891687866,-0.002,0
2026-08-20T11:14:19Z,0.057,26.2816,18.54,2.4773,0.426,1.3536,38.4234,154.625,158.619991,7.3006,90.459,577.15,371879.08684758196,-0.003,0
2026-08-20T11:14:19Z,0.057,26.283,17.82,2.4926,0.3408,1.3113,38.3931,154.628,158.624697,7.3003,90.45,580.29,371880.0133384581,-0.003,0
2026-08-20T11:14:19Z,0.056,26.2841,17.82,2.4697,0.3408,1.3113,38.6046,154.619,158.616006,7.2998,90.436,582.06,371806.08717736584,-0.004,0
2026-08-20T11:14:19Z,0.054,26.285,17.82,2.5155,0.3408,1.3113,38.6046,154.598,158.595611,7.299,90.416,590.85,371665.5799694658,-0.005,0
2026-08-20T11:14:19Z,0.053,26.2856,17.82,2.4811,0.3408,1.3113,38.7406,154.585,158.582121,7.2982,90.392,625.2,371572.571738264,-0.006,0
2026-08-20T11:14:19Z,0.051,26.2861,17.01,2.4697,0.3834,1.3113,38.65,154.587,158.583963,7.2974,90.363,1077.5,371573.8775782762,-0.007,0
2026-08-20T11:14:19Z,0.049,26.2864,17.01,2.3629,0.3834,1.3113,44.4357,154.594,158.589605,7.2963,90.326,1135.4,371601.98761288903,-0.008,0
2026-08-20T11:14:19Z,0.047,26.2865,17.01,2.3629,0.3834,1.3113,44.4659,154.583,158.576501,7.2947,90.284,1180.5,371521.10539867973,-0.008,0
2026-08-20T11:14:19Z,0.045,26.2865,17.01,2.3858,0.3834,1.3113,44.4659,154.543,158.533141,7.2928,90.238,1398.5,371260.0234979603,-0.009,0
2026-08-20T11:14:19Z,0.042,26.2863,17.01,2.3438,0.3834,1.3113,44.3904,154.485,158.468004,7.2904,90.193,1594.3,370871.9355750596,-0.009,0
2026-08-20T11:14:19Z,0.039,26.286,16.92,2.4277,0.3408,1.0998000000000001,42.6834,154.408,158.379751,7.2874,90.157,1557,370347.07783759054,-0.008,0
2026-08-20T11:14:19Z,0.037,26.2855,16.92,2.4163,0.3408,1.0998000000000001,42.774,154.281,158.236832,7.2841,90.134,1497.9,369498.3354218918,-0.007,0
2026-08-20T11:14:19Z,0.036,26.2846,16.92,2.4354,0.3408,1.0998000000000001,42.6683,154.051,157.98911,7.2806,90.126,1263.8,368030.6270733513,-0.005,0
2026-08-20T11:14:19Z,0.035,26.2829,16.92,2.4163,0.3408,1.0998000000000001,42.774,153.653,157.574532,7.2772,90.132,1031.5,365585.91433528555,-0.004,0
2026-08-20T11:14:19Z,0.034,26.2798,16.74,2.4888,0.2982,1.0998000000000001,36.3387,152.997,156.898577,7.2747,90.146,1450.8,361627.1000589714,-0.002,0
2026-08-20T11:14:19Z,0.034,26.2757,16.74,2.4582,0.2982,1.0998000000000001,36.1876,151.902,155.776982,7.2734,90.169,1446.7,355095.6855429603,-0.001,0
2026-08-20T11:14:19Z,0.034,26.272,16.74,2.4926,0.2982,1.0998000000000001,36.1272,150.057,153.886606,7.2733,90.195,1010.4,344190.8141344348,-0,0
2026-08-20T11:14:19Z,0.034,26.2697,16.74,2.4888,0.2982,1.0998000000000001,36.2782,146.966,150.71934099999999,7.274,90.22,1147.3,326312.84537792753,0,0
2026-08-20T11:14:19Z,0.034,26.2688,16.38,2.4926,0.2982,1.1844,37.7134,141.831,145.454633,7.2753,90.245,1540.8,297824.63609545486,0.001,0
2026-08-20T11:14:19Z,0.034,26.269,16.38,2.4926,0.2982,1.1844,37.6227,133.293,136.700583,7.2771,90.265,1546.2,253900.39819303417,0.001,0
2026-08-20T11:14:19Z,0.034,26.2696,16.38,2.5193,0.2982,1.1844,37.6983,119.056,122.102738,7.2791,90.28,1482.7,189938.49234422686,0.001,0
2026-08-20T11:14:19Z,0.035,26.2702,16.38,2.4926,0.2982,1.1844,37.7436,95.304,97.748297,7.2811,90.293,1525.8,107298.19559963387,0.001,0
2026-08-20T11:14:19Z,0.035,26.2706,16.38,2.4926,0.2982,1.1844,35.0697,55.716,57.154769,7.283,90.305,1550.2,27336.83204571151,0.001,0
2026-08-20T11:14:19Z,0.035,26.2709,16.29,2.504,0.2982,1.0998000000000001,35.1453,-10.246,-10.482747,7.2845,90.313,1573.7,NA,0.001,0
2026-08-20T11:14:19Z,0.035,26.2713,16.29,2.4811,0.2982,1.0998000000000001,35.0848,-120.179,-123.208939,7.2857,90.314,1597.1,NA,0,0
2026-08-20T11:14:19Z,0.035,26.2717,16.29,2.4582,0.2982,1.0998000000000001,34.9791,-303.402,-311.088131,7.2868,90.312,1617.7,NA,0,0
2026-08-20T11:14:19Z,0.035,26.272,16.29,2.3095,0.2982,1.0998000000000001,50.584,-417.909,-428.503768,7.2877,90.305,1637.1,NA,-0.001,0
2026-08-20T11:14:19Z,0.035,26.2724,16.74,2.3285,0.3408,1.2267,50.6294,-303.378,-311.057027,7.2884,90.292,1711.7,NA,-0.001,0
2026-08-20T11:14:19Z,0.035,26.273,16.74,2.298,0.3408,1.2267,50.4783,-120.138,-123.152464,7.2886,90.271,1709.9,NA,-0.002,0
2026-08-20T11:14:19Z,0.034,26.2737,16.74,2.2942,0.3408,1.2267,50.584,-10.215,-10.425924,7.2885,90.245,1493.4,NA,-0.002,0
2026-08-20T11:14:19Z,0.033,26.2746,16.74,2.3667,0.3408,1.2267,52.563,55.708,57.181001,7.2879,90.221,1411,27362.947091983704,-0.002,0
2026-08-20T11:14:19Z,0.033,26.2758,16.65,2.3438,0.2982,1.0998000000000001,52.5932,95.254,97.738911,7.2866,90.204,1332.9,107240.42814532769,-0.001,0
2026-08-20T11:14:19Z,0.032,26.2778,16.65,2.3667,0.2982,1.0998000000000001,52.6234,118.991,122.083289,7.2844,90.194,1248.5,189779.07289839286,-0.001,0
2026-08-20T11:14:19Z,0.032,26.2805,16.65,2.3476,0.2982,1.0998000000000001,52.5479,133.241,136.693946,7.2819,90.191,1656.8,253715.21097194194,0,0
2026-08-20T11:14:19Z,0.032,26.2833,16.65,2.2866,0.2982,1.0998000000000001,47.6987,141.797,145.463048,7.2795,90.196,1925.7,297641.6480387128,0.001,0
2026-08-20T11:14:19Z,0.033,26.2854,16.56,2.3018,0.2982,0.9729,47.7591,146.939,150.729022,7.2778,90.206,1935.7,326096.97896304156,0.001,0
2026-08-20T11:14:19Z,0.033,26.2865,16.56,2.2942,0.2982,0.9729,47.88,150.024,153.884103,7.2768,90.22,1948.8,343913.6265325329,0.002,0
2026-08-20T11:14:19Z,0.034,26.2862,16.56,2.3018,0.2982,0.9729,47.744,151.865,155.765638,7.2766,90.236,1942.9,354832.8692864695,0.002,0
2026-08-20T11:14:19Z,0.034,26.2846,16.56,2.5383,0.2982,0.9729,31.0514,152.969,156.8914,7.2771,90.249,1928.6,361493.14338875125,0.001,0
2026-08-20T11:14:19Z,0.034,26.2824,16.56,2.5536,0.2982,0.9729,31.0363,153.635,157.569609,7.2782,90.258,1884.7,365566.18485457444,0.001,0
2026-08-20T11:14:19Z,0.034,26.28,16.65,2.5727,0.3408,1.0998000000000001,31.0514,154.027,157.969097,7.2797,90.262,1819.9,367999.9855458194,0.001,0
2026-08-20T11:14:19Z,0.035,26.2776,16.65,2.5612,0.3408,1.0998000000000001,30.991,154.243,158.188377,7.2813,90.266,1735.3,369361.2755329204,0.002,0
2026-08-20T11:14:19Z,0.035,26.2757,16.65,2.4849,0.3408,1.0998000000000001,29.3444,154.359,158.305965,7.2827,90.276,1718.1,370104.5383769478,0.002,0
2026-08-20T11:14:19Z,0.036,26.2743,16.65,2.5002,0.3408,1.0998000000000001,29.3293,154.439,158.385281,7.2835,90.29,1765.4,370608.7480710579,0.002,0
2026-08-20T11:14:19Z,0.036,26.2733,16.74,2.5002,0.2982,1.0575,29.3595,154.509,158.455493,7.284,90.301,1769.2,371050.7786479246,0.002,0
2026-08-20T11:14:19Z,0.037,26.2726,16.74,2.5002,0.2982,1.0575,29.3897,154.562,158.507267,7.2844,90.308,1780.4,371376.21550018096,0.002,0
2026-08-20T11:14:19Z,0.037,26.272,16.74,2.5002,0.2982,1.0575,27.6374,154.58,158.522344,7.2853,90.312,1724.8,371478.7758191483,0.002,0
2026-08-20T11:14:19Z,0.038,26.2714,16.74,2.4582,0.2982,1.0575,27.7582,154.581,158.520778,7.2865,90.313,1615.2,371481.08888120786,0.002,0
2026-08-20T11:14:19Z,0.038,26.2707,16.92,2.4849,0.3408,0.9729,27.7129,154.584,158.522191,7.2875,90.312,1442,371503.3065418046,0.002,0
2026-08-20T11:14:19Z,0.039,26.2698,16.92,2.4659,0.3408,0.9729,27.5467,154.578,158.514936,7.2881,90.31,1323.4,371477.22133045545,0.003,0
2026-08-20T11:14:19Z,0.039,26.2689,16.92,2.4926,0.3408,0.9729,25.0088,154.568,158.505094,7.2886,90.311,1253.2,371435.5524403088,0.003,0
2026-08-20T11:14:19Z,0.04,26.268,16.92,2.4697,0.3408,0.9729,24.9635,154.573,158.510082,7.2888,90.315,1199.6,371483.2212942012,0.003,0
2026-08-20T11:14:19Z,0.041,26.2674,16.92,2.5116,0.3408,0.9729,25.024,154.581,158.519205,7.2888,90.322,1140.6,371549.9347785,0.004,0
2026-08-20T11:14:19Z,0.042,26.2672,16.92,2.4735,0.3408,1.1844,24.9786,154.579,158.518863,7.2887,90.331,1027.9,371551.79047166766,0.005,0
2026-08-20T11:14:19Z,0.043,26.2672,16.92,2.5002,0.3408,1.1844,27.6223,154.58,158.520989,7.2888,90.342,908.33,371564.6000135365,0.006,0
2026-08-20T11:14:19Z,0.045,26.2673,16.92,2.4735,0.3408,1.1844,27.6374,154.596,158.538176,7.2891,90.353,852.3,371666.20794485614,0.008,0
2026-08-20T11:14:19Z,0.047,26.2675,16.92,2.4888,0.3408,1.1844,27.6676,154.619,158.562982,7.2896,90.363,843.09,371811.79719716514,0.01,0
2026-08-20T11:14:19Z,0.05,26.2678,16.83,2.5002,0.2556,1.0998000000000001,27.6374,154.639,158.58599,7.2903,90.377,850.08,371944.6191633145,0.012,0
2026-08-20T11:14:19Z,0.053,26.2682,16.83,2.4888,0.2556,1.0998000000000001,27.5769,154.663,158.613334,7.2911,90.4,854.34,372101.65477868594,0.015,0
2026-08-20T11:14:19Z,0.057,26.2687,16.83,2.546,0.2556,1.0998000000000001,27.592,154.688,158.64429,7.2919,90.441,854.34,372278.55481806956,0.019,0
2026-08-20T11:14:19Z,0.062,26.2692,16.83,2.5498,0.2556,1.0998000000000001,27.6676,154.699,158.663066,7.2927,90.509,872.35,372382.0123276527,0.024,0
2026-08-20T11:14:19Z,0.068,26.27,16.92,2.5383,0.2556,1.0152,27.6525,154.687,158.662642,7.2937,90.612,830,372363.75080475875,0.028,0
2026-08-20T11:14:19Z,0.076,26.271,16.92,2.5536,0.2556,1.0152,27.6525,154.672,158.662948,7.2954,90.747,962.8,372345.96933717205,0.033,0
2026-08-20T11:14:19Z,0.086,26.2726,16.92,2.7939,0.2556,1.0152,30.0695,154.676,158.684107,7.2985,90.907,987.59,372442.2163287106,0.036,0
2026-08-20T11:14:19Z,0.096,26.2751,16.92,2.8092,0.2556,1.0152,30.0544,154.679,158.703704,7.3037,91.078,944.56,372511.37723392446,0.037,0
2026-08-20T11:14:19Z,0.107,26.2789,17.55,2.8092,0.2982,1.1421,30.0393,154.673,158.710934,7.3115,91.246,1218.8,372480.398734669,0.037,0
2026-08-20T11:14:19Z,0.117,26.2839,17.55,2.7901,0.2982,1.1421,30.0997,154.684,158.731776,7.3217,91.396,1394,372507.98582743114,0.036,0
2026-08-20T11:14:19Z,0.126,26.2894,17.55,2.9313,0.2982,1.1421,31.837,154.717,158.771787,7.3339,91.518,1140.6,372641.3929257518,0.034,0
2026-08-20T11:14:19Z,0.134,26.2945,17.55,2.9465,0.2982,1.1421,31.7312,154.753,158.811576,7.347,91.604,1111,372781.31236587715,0.032,0
2026-08-20T11:14:19Z,0.142,26.2988,17.55,2.8893,0.2982,1.1421,31.7916,154.772,158.833696,7.3599,91.659,1104.3,372830.32552942546,0.03,0
2026-08-20T11:14:19Z,0.148,26.302,16.83,2.916,0.2982,0.9729,31.701,154.775,158.838035,7.3717,91.698,751.37,372793.6539273545,0.028,0
2026-08-20T11:14:19Z,0.155,26.304,16.83,3.2174,0.2982,0.9729,43.9523,154.776,158.839776,7.3812,91.734,891.32,372764.8796188797,0.028,0
2026-08-20T11:14:19Z,0.162,26.3051,16.83,3.2288,0.2982,0.9729,43.9523,154.795,158.859426,7.388,91.771,1168.2,372861.8244492906,0.027,0
2026-08-20T11:14:19Z,0.169,26.3057,16.83,3.2364,0.2982,0.9729,43.907,154.835,158.898216,7.3924,91.814,1199.6,373084.1144370439,0.027,0
2026-08-20T11:14:19Z,0.176,26.3062,17.19,3.225,0.2982,1.0575,44.0278,154.861,158.9224,7.3955,91.865,1061,373220.26477285696,0.027,0
2026-08-20T11:14:19Z,0.183,26.3064,17.19,5.8877,0.2982,1.0575,91.462,154.857,158.916382,7.3983,91.926,1033.3,373180.00163487956,0.026,0
2026-08-20T11:14:19Z,0.19,26.3063,17.19,5.8724,0.2982,1.0575,91.4469,154.853,158.908619,7.4013,91.993,1026.1,373135.105617169,0.025,0
2026-08-20T11:14:19Z,0.196,26.3058,17.19,5.9106,0.2982,1.0575,91.5829,154.855,158.907061,7.4048,92.065,966.57,373135.5271235163,0.024,0
2026-08-20T11:14:19Z,0.202,26.305,17.19,5.903,0.3408,1.2267,91.4318,154.849,158.897263,7.4091,92.138,904.19,373092.1084934547,0.022,0
2026-08-20T11:14:19Z,0.208,26.3042,17.19,7.2648,0.3408,1.2267,198.763,154.843,158.888636,7.4141,92.212,904.78,373055.7590098706,0.02,0
2026-08-20T11:14:19Z,0.213,26.3033,17.19,7.2572,0.3408,1.2267,198.8235,154.855,158.898922,7.4197,92.28,888.42,373135.5322585121,0.019,0
2026-08-20T11:14:19Z,0.217,26.3021,17.19,7.2572,0.3408,1.2267,198.763,154.881,158.922846,7.4256,92.34,864.42,373303.5615953796,0.017,0
2026-08-20T11:14:19Z,0.221,26.301,17.19,7.2496,0.3408,1.2267,198.7328,154.898,158.938732,7.4317,92.392,834.52,373421.13005640067,0.015,0
2026-08-20T11:14:19Z,0.225,26.3001,16.74,5.7237,0.3408,1.1844,184.9255,154.898,158.936785,7.4377,92.437,868.75,373427.07485332136,0.013,0
2026-08-20T11:14:19Z,0.228,26.2994,16.74,5.7199,0.3408,1.1844,184.9406,154.884,158.92049600000001,7.4433,92.472,956.13,373342.4684934122,0.012,0
2026-08-20T11:14:19Z,0.231,26.2986,16.74,5.7046,0.3408,1.1844,184.9255,154.874,158.907565,7.4482,92.498,864.05,373280.1149204067,0.01,0
2026-08-20T11:14:19Z,0.233,26.2978,16.74,5.7008,0.3408,1.1844,184.9255,154.877,158.908573,7.4525,92.517,865.17,373301.93381883256,0.009,0
2026-08-20T11:14:19Z,0.235,26.2972,16.74,4.5792,0.2982,1.3959,142.3858,154.886,158.915771,7.4563,92.532,864.05,373357.2035343454,0.007,0
2026-08-20T11:14:19Z,0.237,26.2966,16.74,4.5335,0.2982,1.3959,142.2348,154.899,158.927072,7.4592,92.544,868.19,373437.2626059574,0.006,0
2026-08-20T11:14:19Z,0.238,26.2961,16.74,4.5525,0.2982,1.3959,142.3858,154.926,158.953505,7.4614,92.546,835.07,373606.78648359096,0.004,0
2026-08-20T11:14:19Z,0.239,26.2953,16.74,4.5449,0.2982,1.3959,142.3103,154.982,159.010136,7.463,92.537,890.35,373964.80777053715,0.003,0
2026-08-20T11:14:19Z,0.24,26.2944,17.28,4.7356,0.3408,1.269,122.3094,155.044,159.073986,7.4643,92.521,889,374368.69432914775,0.001,0
