Reservoir,Site,DateTime,Depth_m,Rep,Chla_ugL,Pheo_ugL,Flag_DateTime,Flag_Chla_ugL,Flag_Pheo_ugL
FCR,50,2026-01-21T09:45:00Z,0.1,1,1.8902,2.5639,0,NA,NA
FCR,50,2026-01-21T09:55:00Z,1.6,1,2.7494,3.808,0,NA,NA
FCR,50,2026-02-06T12:00:00Z,1.6,1,5.1552,13.7747,1,NA,NA
CCR,51,2026-02-09T12:50:00Z,0.1,2,6.5299,0.8936,0,NA,NA
CCR,51,2026-02-09T12:50:00Z,0.1,1,5.8426,1.8284,0,NA,NA
BVR,50,2026-02-23T10:30:00Z,0.1,1,1.031,3.918,0,NA,NA
FCR,50,2026-02-23T11:40:00Z,0.1,1,7.4801,4.019,0,NA,NA
FCR,50,2026-02-23T11:50:00Z,1.6,1,3.222,24.9254,0,NA,NA
BVR,50,2026-03-02T10:38:00Z,1.6,2,2.4058,1.8009,0,NA,NA
BVR,50,2026-03-02T10:38:00Z,1.6,1,2.0621,2.8869,0,NA,NA
CCR,51,2026-03-03T09:30:00Z,0.1,1,5.4989,2.1721,0,NA,NA
CCR,51,2026-03-03T09:30:00Z,0.1,2,1.5466,8.97,0,NA,NA
FCR,50,2026-03-09T12:00:00Z,1.6,1,2.7494,4.1791,1,NA,NA
FCR,50,2026-03-09T12:00:00Z,0.1,1,1.7184,4.839,1,NA,NA
FCR,50,2026-03-16T09:44:00Z,0.1,1,8.0192,3.1985,0,NA,NA
FCR,50,2026-03-16T09:54:00Z,1.6,1,17.184,8.3033,0,NA,NA
FCR,50,2026-03-23T10:20:00Z,0.1,1,6.8736,1.7871,0,NA,NA
FCR,50,2026-03-23T10:23:00Z,1.6,1,7.16,3.3566,0,NA,NA
FCR,50,2026-03-30T09:35:00Z,0.1,2,4.7256,18.4728,0,NA,NA
FCR,50,2026-03-30T09:49:00Z,1.6,2,11.6851,7.121,0,NA,NA
BVR,50,2026-03-30T10:25:00Z,1.6,2,6.8736,1.5809,0,NA,NA
CCR,51,2026-03-31T14:43:00Z,0.1,1,3.0931,1.2372,0,NA,NA
FCR,50,2026-04-02T12:00:00Z,1.6,1,NA,NA,1,2,2
FCR,50,2026-04-06T11:40:00Z,0.1,1,4.0096,16.405,0,NA,NA
FCR,50,2026-04-06T11:40:00Z,0.1,2,9.7376,2.2225,0,NA,NA
FCR,50,2026-04-06T11:50:00Z,1.6,1,5.728,9.9438,0,NA,NA
FCR,50,2026-04-13T10:12:00Z,0.1,1,5.1552,2.2683,0,NA,NA
FCR,50,2026-04-13T10:16:00Z,1.6,1,0,13.1973,0,NA,NA
BVR,50,2026-04-13T11:20:00Z,1.6,1,1.432,5.3729,0,NA,NA
CCR,51,2026-04-14T12:37:00Z,0.1,1,1.3365,0.4506,0,NA,NA
FCR,50,2026-04-20T10:10:00Z,0.1,1,1.7184,13.376,0,NA,NA
FCR,50,2026-04-20T10:30:00Z,1.6,1,6.8736,3.7667,0,NA,NA
FCR,50,2026-04-27T13:00:00Z,0.1,1,2.0621,21.1982,0,NA,NA
BVR,50,2026-04-27T13:35:00Z,1.6,1,0,6.5397,0,NA,NA
CCR,50,2026-04-28T12:25:00Z,0.1,1,4.6397,1.2991,0,NA,NA
FCR,50,2026-05-04T10:15:00Z,0.1,1,8.592,10.7916,0,NA,NA
FCR,50,2026-05-04T10:31:00Z,1.6,1,12.6016,4.7199,0,NA,NA
FCR,50,2026-05-11T09:40:00Z,0.1,1,13.7472,20.8957,0,NA,NA
FCR,50,2026-05-11T09:50:00Z,1.6,1,19.4752,9.3939,0,NA,NA
BVR,50,2026-05-11T10:18:00Z,0.1,1,0.3437,12.2762,0,NA,NA
BVR,50,2026-05-11T10:25:00Z,1.6,1,6.5299,6.3375,0,NA,NA
BVR,50,2026-05-11T10:25:00Z,1.6,2,8.592,1.306,0,NA,NA
CCR,50,2026-05-14T10:10:00Z,0.1,1,0.3437,6.2137,0,NA,NA
FCR,50,2026-05-18T09:33:00Z,0.1,1,12.0288,17.6652,0,NA,NA
FCR,50,2026-05-18T09:53:00Z,1.6,1,12.6619,12.0831,0,NA,NA
BVR,50,2026-05-18T10:20:00Z,1.6,1,8.592,4.0898,0,NA,NA
BVR,50,2026-05-18T10:20:00Z,1.6,2,4.9404,0.1632,0,NA,NA
BVR,50,2026-05-18T12:00:00Z,0.1,1,10.0956,0,1,NA,NA
BVR,50,2026-05-18T12:00:00Z,0.1,2,8.1624,1.4263,1,NA,NA
CCR,50,2026-05-21T11:00:00Z,0.1,1,1.074,1.5552,0,NA,NA
CCR,88,2026-05-21T12:00:00Z,0.1,1,1.074,1.4005,1,NA,NA
CCR,88,2026-05-21T12:00:00Z,0.1,2,0,2.3198,1,NA,NA
CCR,20,2026-05-21T12:00:00Z,0.1,1,0,3.2478,1,NA,NA
CCR,10,2026-05-21T12:00:00Z,0.1,1,12.6016,5.1323,1,NA,NA
CCR,30,2026-05-21T12:00:00Z,0.1,1,1.5275,0.5346,1,NA,NA
FCR,50,2026-05-25T10:10:00Z,0.1,1,29.7856,13.1057,0,NA,NA
FCR,50,2026-05-25T10:10:00Z,0.1,2,37.8048,0,0,NA,NA
FCR,50,2026-05-25T10:20:00Z,1.6,1,36.6592,16.9549,0,NA,NA
BVR,50,2026-05-25T10:33:00Z,0.1,1,7.0884,14.7181,0,NA,NA
BVR,50,2026-05-25T10:42:00Z,1.6,1,9.8808,4.6569,0,NA,NA
CCR,50,2026-05-28T10:50:00Z,0.1,1,1.5036,0.1976,0,NA,NA
CCR,50,2026-05-28T10:50:00Z,0.1,2,1.7184,0.1375,0,NA,NA
CCR,10,2026-05-28T12:16:00Z,0.1,1,11.2651,3.032,0,NA,NA
CCR,20,2026-05-28T12:30:00Z,0.1,1,1.4729,0.2946,0,NA,NA
CCR,20,2026-05-28T12:30:00Z,0.1,1,1.7184,0.3437,0,NA,NA
CCR,30,2026-05-28T12:50:00Z,0.1,1,1.1456,0.1506,0,NA,NA
BVR,50,2026-06-01T10:23:00Z,0.1,2,10.5968,1.9819,0,NA,NA
BVR,50,2026-06-01T10:23:00Z,0.1,1,8.8784,1.432,0,NA,NA
BVR,50,2026-06-01T10:34:00Z,1.6,1,9.8194,1.4926,0,NA,NA
FCR,50,2026-06-01T10:50:00Z,0.1,1,20.6208,4.1242,0,NA,NA
FCR,50,2026-06-01T10:55:00Z,1.6,1,16.5044,3.0679,0,NA,NA
FCR,50,2026-06-01T10:55:00Z,1.6,2,17.7443,3.1006,0,NA,NA
CCR,50,2026-06-04T10:18:00Z,0.1,1,1.406,0.2812,0,NA,NA
CCR,50,2026-06-04T10:43:00Z,0.1,1,1.406,0.2812,0,NA,NA
CCR,50,2026-06-04T11:37:00Z,0.1,1,1.406,0.2812,0,NA,NA
CCR,50,2026-06-04T11:58:00Z,0.1,1,1.406,0.2812,0,NA,NA
CCR,10,2026-06-04T12:00:00Z,0.1,1,5.4416,0.5384,1,NA,NA
CCR,30,2026-06-04T12:00:00Z,0.1,1,1.3365,0.1757,1,NA,NA
CCR,20,2026-06-04T12:00:00Z,0.1,1,1.7184,0.2612,1,NA,NA
CCR,88,2026-06-04T12:00:00Z,0.1,1,1.2029,0.5293,1,NA,NA
CCR,10,2026-06-04T12:00:00Z,0.1,2,5.4416,0.9508,1,NA,NA
CCR,30,2026-06-04T12:00:00Z,0.1,2,1.5275,0.2597,1,NA,NA
CCR,88,2026-06-04T12:00:00Z,0.1,2,1.3747,0.3574,1,NA,NA
BVR,50,2026-06-08T10:55:00Z,1.6,1,NA,NA,0,2,2
FCR,50,2026-06-08T11:39:00Z,0.1,1,NA,NA,0,2,2
BVR,50,2026-06-08T12:00:00Z,0.1,1,NA,NA,1,2,2
FCR,50,2026-06-08T12:00:00Z,1.6,1,NA,NA,1,2,2
FCR,50,2026-06-08T12:00:00Z,1.6,2,NA,NA,1,2,2
BVR,50,2026-06-08T12:00:00Z,0.1,2,NA,NA,1,2,2
CCR,88,2026-06-11T10:52:00Z,0.1,1,1.2029,0.2818,0,NA,NA
CCR,88,2026-06-11T10:52:00Z,0.1,2,1.2029,0.1581,0,NA,NA
CCR,50,2026-06-11T11:18:00Z,0.1,1,1.2029,0.4055,0,NA,NA
CCR,30,2026-06-11T12:20:00Z,0.1,1,1.3747,0.2337,0,NA,NA
CCR,10,2026-06-11T12:45:00Z,0.1,1,5.1552,1.6497,0,NA,NA
CCR,20,2026-06-11T13:00:00Z,0.1,1,1.5466,0.0619,0,NA,NA
BVR,50,2026-06-15T10:23:00Z,0.1,1,NA,NA,0,2,2
BVR,50,2026-06-15T10:26:00Z,1.6,1,NA,NA,0,2,2
FCR,50,2026-06-15T10:43:00Z,0.1,1,NA,NA,0,2,2
FCR,50,2026-06-15T10:50:00Z,1.6,1,28.7832,0.6014,0,NA,NA
CCR,50,2026-06-18T10:20:00Z,0.1,1,2.0308,0,0,NA,NA
CCR,88,2026-06-18T11:00:00Z,0.1,1,1.7184,0.0137,0,NA,NA
CCR,30,2026-06-18T11:15:00Z,0.1,1,1.7184,0.0812,0,NA,NA
CCR,10,2026-06-18T12:00:00Z,0.1,1,6.5872,1.4549,1,NA,NA
CCR,20,2026-06-18T12:00:00Z,0.1,1,1.8002,0,1,NA,NA
CCR,10,2026-06-18T12:00:00Z,0.1,2,6.5872,1.0425,1,NA,NA
FCR,50,2026-06-22T10:21:00Z,0.1,1,45.3658,0,0,NA,NA
FCR,50,2026-06-22T10:32:00Z,1.6,1,55.6762,3.7117,0,NA,NA
BVR,50,2026-06-22T10:56:00Z,0.1,1,32.6496,0,0,NA,NA
BVR,50,2026-06-22T11:13:00Z,1.6,1,41.8144,1.0769,0,NA,NA
CCR,50,2026-06-25T10:30:00Z,0.1,1,1.2497,0.2125,0,NA,NA
CCR,88,2026-06-25T12:00:00Z,0.1,1,1.406,0.1687,1,NA,NA
CCR,10,2026-06-25T12:00:00Z,0.1,1,3.6277,1.1838,1,NA,NA
CCR,30,2026-06-25T12:00:00Z,0.1,1,1.2497,0,1,NA,NA
CCR,20,2026-06-25T12:00:00Z,0.1,1,1.2662,0.4269,1,NA,NA
BVR,50,2026-06-29T10:43:00Z,0.1,1,28.7832,0,0,NA,NA
BVR,50,2026-06-29T11:10:00Z,1.6,1,180.0024,1.5637,0,NA,NA
FCR,50,2026-06-29T11:25:00Z,0.1,1,36.6592,0,0,NA,NA
FCR,50,2026-06-29T11:40:00Z,1.6,1,30.9312,3.4024,0,NA,NA
CCR,88,2026-07-02T10:50:00Z,0.1,1,1.1456,0,0,NA,NA
CCR,50,2026-07-02T11:10:00Z,0.1,1,1.406,0,0,NA,NA
CCR,50,2026-07-02T11:57:00Z,0.1,1,1.406,0,0,NA,NA
CCR,30,2026-07-02T12:00:00Z,0.1,1,1.0024,0,1,NA,NA
CCR,20,2026-07-02T12:00:00Z,0.1,1,0.8592,0,1,NA,NA
BVR,50,2026-07-06T10:30:00Z,0.1,1,24.0576,0.2749,0,NA,NA
FCR,50,2026-07-06T11:20:00Z,0.1,1,13.7472,0.11,0,NA,NA
FCR,50,2026-07-06T11:20:00Z,0.1,2,14.7782,0,0,NA,NA
FCR,50,2026-07-06T11:25:00Z,1.6,1,14.7782,0.0687,0,NA,NA
BVR,50,2026-07-06T12:00:00Z,1.6,1,53.8432,0,1,NA,NA
