<metadata xml:lang="en"><Esri><CreaDate>20240523</CreaDate><CreaTime>10314900</CreaTime><ArcGISFormat>1.0</ArcGISFormat><SyncOnce>FALSE</SyncOnce><DataProperties><lineage><Process ToolSource="c:\program files\arcgis\pro\Resources\ArcToolbox\toolboxes\3D Analyst Tools.tbx\SurfaceContour" Date="20240523" Time="103149">SurfaceContour "High Def\BVR_TIN_smooth_50" "C:\Users\jrkri\Desktop\Carey Lab\Bathymetry\BVR_FCR_Bathymetry_04-2023\BVR_FCR_Bathymetry_04-2023.gdb\BVR_Contours_2m_intervals" 2 585.69 Contour 0 # Index_Cont 1 0</Process><Process ToolSource="c:\program files\arcgis\pro\Resources\ArcToolbox\toolboxes\Cartography Tools.tbx\SmoothLine" Date="20240523" Time="103531">SmoothLine "Contour Lines\BVR_Contours_2m_intervals" "C:\Users\jrkri\Desktop\Carey Lab\Bathymetry\BVR_FCR_Bathymetry_04-2023\BVR_FCR_Bathymetry_04-2023.gdb\BVR_Contours_2m_intervals_20m_smooth" "Polynomial Approximation with Exponential Kernel (PAEK)" "20 Meters" FIXED_CLOSED_ENDPOINT "Do not check for topological errors" #</Process><Process ToolSource="c:\program files\arcgis\pro\Resources\ArcToolbox\toolboxes\Data Management Tools.tbx\Merge" Date="20240523" Time="103923">Merge BVR_Contours_2m_intervals_20m_smooth;BVR_outline_20m_smooth "C:\Users\jrkri\Desktop\Carey Lab\Bathymetry\BVR_FCR_Bathymetry_04-2023\Products\BVR_contours_2m_intervals_20m_smoothing.shp" "Contour "Contour" true false false 4 Long 0 0,First,#,BVR_Contours_2m_intervals_20m_smooth,Contour,-1,-1;Shape_Length "Shape_Length" false true true 8 Double 0 0,First,#,BVR_Contours_2m_intervals_20m_smooth,Shape_Length,-1,-1,BVR_outline_20m_smooth,Shape_Length,-1,-1;InLine_FID "InLine_FID" true true false 4 Long 0 0,First,#,BVR_Contours_2m_intervals_20m_smooth,InLine_FID,-1,-1,BVR_outline_20m_smooth,InLine_FID,-1,-1;Name "Name" true true false 255 Text 0 0,First,#,BVR_outline_20m_smooth,Name,0,254;Descript "Descript" true true false 255 Text 0 0,First,#,BVR_outline_20m_smooth,Descript,0,254;Type "Type" true true false 255 Text 0 0,First,#,BVR_outline_20m_smooth,Type,0,254;elev_m "elev_m" true true false 8 Double 0 0,First,#,BVR_outline_20m_smooth,elev_m,-1,-1;Z_Mean "Z_Mean" true true false 8 Double 0 0,First,#,BVR_outline_20m_smooth,Z_Mean,-1,-1" ADD_SOURCE_INFO</Process><Process ToolSource="c:\program files\arcgis\pro\Resources\ArcToolbox\toolboxes\Cartography Tools.tbx\SmoothLine" Date="20250320" Time="145007">SmoothLine "Reservoir Contours\BVR_contours_2m" "E:\Carey Lab\Bathymetry\BVR_FCR_Bathymetry_04-2023\BVR_FCR_Bathymetry_04-2023.gdb\BVR_contours_2m_SmoothLine" "Polynomial Approximation with Exponential Kernel (PAEK)" "20 Meters" FIXED_CLOSED_ENDPOINT "Do not check for topological errors" #</Process><Process ToolSource="c:\program files\arcgis\pro\Resources\ArcToolbox\toolboxes\Data Management Tools.tbx\UpdateSchema" Date="20250320" Time="145246">UpdateSchema "CIMDATA=&lt;CIMStandardDataConnection xsi:type='typens:CIMStandardDataConnection' xmlns:xsi='http://www.w3.org/2001/XMLSchema-instance' xmlns:xs='http://www.w3.org/2001/XMLSchema' xmlns:typens='http://www.esri.com/schemas/ArcGIS/3.0.0'&gt;&lt;WorkspaceConnectionString&gt;DATABASE=E:\Carey Lab\Bathymetry\BVR_FCR_Bathymetry_04-2023\BVR_FCR_Bathymetry_04-2023.gdb&lt;/WorkspaceConnectionString&gt;&lt;WorkspaceFactory&gt;FileGDB&lt;/WorkspaceFactory&gt;&lt;Dataset&gt;BVR_contours_2m_SmoothLine&lt;/Dataset&gt;&lt;DatasetType&gt;esriDTFeatureClass&lt;/DatasetType&gt;&lt;/CIMStandardDataConnection&gt;" &lt;operationSequence&gt;&lt;workflow&gt;&lt;AddField&gt;&lt;field_name&gt;Depth_label&lt;/field_name&gt;&lt;field_type&gt;LONG&lt;/field_type&gt;&lt;field_is_nullable&gt;True&lt;/field_is_nullable&gt;&lt;field_is_required&gt;False&lt;/field_is_required&gt;&lt;/AddField&gt;&lt;/workflow&gt;&lt;/operationSequence&gt;</Process><Process ToolSource="c:\program files\arcgis\pro\Resources\ArcToolbox\toolboxes\Data Management Tools.tbx\CalculateField" Date="20250320" Time="153044">CalculateField "Reservoir Contours\BVR_contours_2m_smoothing_20m" Depth_label "(!Contour! - 587) * -1" "Python 3" # Text NO_ENFORCE_DOMAINS</Process><Process ToolSource="c:\program files\arcgis\pro\Resources\ArcToolbox\toolboxes\Conversion Tools.tbx\ExportFeatures" Date="20250325" Time="144740">ExportFeatures "Reservoir Contours\BVR_contours_2m_smoothing_20m" "E:\Carey Lab\Bathymetry\Data Package Resources\BVR_contours_2m_smoothing_20m.shp" # NOT_USE_ALIAS "Contour "Contour" true true false 4 Long 0 0,First,#,Reservoir Contours\BVR_contours_2m_smoothing_20m,Contour,-1,-1;Shape_Leng "Shape_Leng" true true false 8 Double 0 0,First,#,Reservoir Contours\BVR_contours_2m_smoothing_20m,Shape_Leng,-1,-1;InLine_FID "InLine_FID" true true false 4 Long 0 0,First,#,Reservoir Contours\BVR_contours_2m_smoothing_20m,InLine_FID,-1,-1;Name "Name" true true false 254 Text 0 0,First,#,Reservoir Contours\BVR_contours_2m_smoothing_20m,Name,0,254;Descript "Descript" true true false 254 Text 0 0,First,#,Reservoir Contours\BVR_contours_2m_smoothing_20m,Descript,0,254;Type "Type" true true false 254 Text 0 0,First,#,Reservoir Contours\BVR_contours_2m_smoothing_20m,Type,0,254;elev_m "elev_m" true true false 8 Double 0 0,First,#,Reservoir Contours\BVR_contours_2m_smoothing_20m,elev_m,-1,-1;Z_Mean "Z_Mean" true true false 8 Double 0 0,First,#,Reservoir Contours\BVR_contours_2m_smoothing_20m,Z_Mean,-1,-1;MERGE_SRC "MERGE_SRC" true true false 254 Text 0 0,First,#,Reservoir Contours\BVR_contours_2m_smoothing_20m,MERGE_SRC,0,254;Shape_Length "Shape_Length" false true true 8 Double 0 0,First,#,Reservoir Contours\BVR_contours_2m_smoothing_20m,Shape_Length,-1,-1;Depth_label "Depth_label" true true false 4 Long 0 0,First,#,Reservoir Contours\BVR_contours_2m_smoothing_20m,Depth_label,-1,-1" #</Process></lineage><itemProps><itemName Sync="TRUE">BVR_contours_2m_smoothing_20m</itemName><imsContentType Sync="TRUE">002</imsContentType><itemLocation><linkage Sync="TRUE">file://\\CAREY-FWX3GZ1\E$\Carey Lab\Bathymetry\Data Package Resources\BVR_contours_2m_smoothing_20m.shp</linkage><protocol Sync="TRUE">Local Area Network</protocol></itemLocation><itemSize Sync="TRUE">0.000</itemSize></itemProps><coordRef><type Sync="TRUE">Projected</type><geogcsn Sync="TRUE">GCS_WGS_1984</geogcsn><csUnits Sync="TRUE">Linear Unit: Meter (1.000000)</csUnits><projcsn Sync="TRUE">WGS_1984_UTM_Zone_17N</projcsn><peXml Sync="TRUE">&lt;ProjectedCoordinateSystem xsi:type='typens:ProjectedCoordinateSystem' xmlns:xsi='http://www.w3.org/2001/XMLSchema-instance' xmlns:xs='http://www.w3.org/2001/XMLSchema' xmlns:typens='http://www.esri.com/schemas/ArcGIS/3.0.0'&gt;&lt;WKT&gt;PROJCS[&amp;quot;WGS_1984_UTM_Zone_17N&amp;quot;,GEOGCS[&amp;quot;GCS_WGS_1984&amp;quot;,DATUM[&amp;quot;D_WGS_1984&amp;quot;,SPHEROID[&amp;quot;WGS_1984&amp;quot;,6378137.0,298.257223563]],PRIMEM[&amp;quot;Greenwich&amp;quot;,0.0],UNIT[&amp;quot;Degree&amp;quot;,0.0174532925199433]],PROJECTION[&amp;quot;Transverse_Mercator&amp;quot;],PARAMETER[&amp;quot;False_Easting&amp;quot;,500000.0],PARAMETER[&amp;quot;False_Northing&amp;quot;,0.0],PARAMETER[&amp;quot;Central_Meridian&amp;quot;,-81.0],PARAMETER[&amp;quot;Scale_Factor&amp;quot;,0.9996],PARAMETER[&amp;quot;Latitude_Of_Origin&amp;quot;,0.0],UNIT[&amp;quot;Meter&amp;quot;,1.0],AUTHORITY[&amp;quot;EPSG&amp;quot;,32617]],VERTCS[&amp;quot;WGS_1984&amp;quot;,DATUM[&amp;quot;D_WGS_1984&amp;quot;,SPHEROID[&amp;quot;WGS_1984&amp;quot;,6378137.0,298.257223563]],PARAMETER[&amp;quot;Vertical_Shift&amp;quot;,0.0],PARAMETER[&amp;quot;Direction&amp;quot;,1.0],UNIT[&amp;quot;Meter&amp;quot;,1.0],AUTHORITY[&amp;quot;Esri&amp;quot;,115700]]&lt;/WKT&gt;&lt;XOrigin&gt;-5120900&lt;/XOrigin&gt;&lt;YOrigin&gt;-9998100&lt;/YOrigin&gt;&lt;XYScale&gt;450445547.3910538&lt;/XYScale&gt;&lt;ZOrigin&gt;-100000&lt;/ZOrigin&gt;&lt;ZScale&gt;10000&lt;/ZScale&gt;&lt;MOrigin&gt;-100000&lt;/MOrigin&gt;&lt;MScale&gt;10000&lt;/MScale&gt;&lt;XYTolerance&gt;0.001&lt;/XYTolerance&gt;&lt;ZTolerance&gt;0.001&lt;/ZTolerance&gt;&lt;MTolerance&gt;0.001&lt;/MTolerance&gt;&lt;HighPrecision&gt;true&lt;/HighPrecision&gt;&lt;WKID&gt;32617&lt;/WKID&gt;&lt;LatestWKID&gt;32617&lt;/LatestWKID&gt;&lt;VCSWKID&gt;115700&lt;/VCSWKID&gt;&lt;LatestVCSWKID&gt;115700&lt;/LatestVCSWKID&gt;&lt;/ProjectedCoordinateSystem&gt;</peXml></coordRef></DataProperties><SyncDate>20250325</SyncDate><SyncTime>14474000</SyncTime><ModDate>20250325</ModDate><ModTime>14474000</ModTime></Esri><dataIdInfo><envirDesc Sync="TRUE">Microsoft Windows 10 Version 10.0 (Build 19045) ; Esri ArcGIS 13.0.0.36056</envirDesc><dataLang><languageCode value="eng" Sync="TRUE"></languageCode><countryCode value="USA" Sync="TRUE"></countryCode></dataLang><idCitation><resTitle Sync="TRUE">BVR_contours_2m_smoothing_20m</resTitle><presForm><PresFormCd value="005" Sync="TRUE"></PresFormCd></presForm></idCitation><spatRpType><SpatRepTypCd value="001" Sync="TRUE"></SpatRepTypCd></spatRpType></dataIdInfo><mdLang><languageCode value="eng" Sync="TRUE"></languageCode><countryCode value="USA" Sync="TRUE"></countryCode></mdLang><distInfo><distFormat><formatName Sync="TRUE">Shapefile</formatName></distFormat><distTranOps><transSize Sync="TRUE">0.000</transSize></distTranOps></distInfo><mdHrLv><ScopeCd value="005" Sync="TRUE"></ScopeCd></mdHrLv><mdHrLvName Sync="TRUE">dataset</mdHrLvName><refSysInfo><RefSystem><refSysID><identCode code="32617" Sync="TRUE"></identCode><idCodeSpace Sync="TRUE">EPSG</idCodeSpace><idVersion Sync="TRUE">9.8.8(3.0.1)</idVersion></refSysID></RefSystem></refSysInfo><spatRepInfo><VectSpatRep><geometObjs Name="BVR_contours_2m_smoothing_20m"><geoObjTyp><GeoObjTypCd value="002" Sync="TRUE"></GeoObjTypCd></geoObjTyp><geoObjCnt Sync="TRUE">0</geoObjCnt></geometObjs><topLvl><TopoLevCd value="001" Sync="TRUE"></TopoLevCd></topLvl></VectSpatRep></spatRepInfo><spdoinfo><ptvctinf><esriterm Name="BVR_contours_2m_smoothing_20m"><efeatyp Sync="TRUE">Simple</efeatyp><efeageom code="3" Sync="TRUE"></efeageom><esritopo Sync="TRUE">FALSE</esritopo><efeacnt Sync="TRUE">0</efeacnt><spindex Sync="TRUE">FALSE</spindex><linrefer Sync="TRUE">TRUE</linrefer></esriterm></ptvctinf></spdoinfo><eainfo><detailed Name="BVR_contours_2m_smoothing_20m"><enttyp><enttypl Sync="TRUE">BVR_contours_2m_smoothing_20m</enttypl><enttypt Sync="TRUE">Feature Class</enttypt><enttypc Sync="TRUE">0</enttypc></enttyp><attr><attrlabl Sync="TRUE">FID</attrlabl><attalias Sync="TRUE">FID</attalias><attrtype Sync="TRUE">OID</attrtype><attwidth Sync="TRUE">4</attwidth><atprecis Sync="TRUE">0</atprecis><attscale Sync="TRUE">0</attscale><attrdef Sync="TRUE">Internal feature number.</attrdef><attrdefs Sync="TRUE">Esri</attrdefs><attrdomv><udom Sync="TRUE">Sequential unique whole numbers that are automatically generated.</udom></attrdomv></attr><attr><attrlabl Sync="TRUE">Shape</attrlabl><attalias Sync="TRUE">Shape</attalias><attrtype Sync="TRUE">Geometry</attrtype><attwidth Sync="TRUE">0</attwidth><atprecis Sync="TRUE">0</atprecis><attscale Sync="TRUE">0</attscale><attrdef Sync="TRUE">Feature geometry.</attrdef><attrdefs Sync="TRUE">Esri</attrdefs><attrdomv><udom Sync="TRUE">Coordinates defining the features.</udom></attrdomv></attr><attr><attrlabl Sync="TRUE">Contour</attrlabl><attalias Sync="TRUE">Contour</attalias><attrtype Sync="TRUE">Integer</attrtype><attwidth Sync="TRUE">10</attwidth><atprecis Sync="TRUE">10</atprecis><attscale Sync="TRUE">0</attscale></attr><attr><attrlabl Sync="TRUE">Shape_Leng</attrlabl><attalias Sync="TRUE">Shape_Leng</attalias><attrtype Sync="TRUE">Double</attrtype><attwidth Sync="TRUE">19</attwidth><atprecis Sync="TRUE">0</atprecis><attscale Sync="TRUE">0</attscale></attr><attr><attrlabl Sync="TRUE">InLine_FID</attrlabl><attalias Sync="TRUE">InLine_FID</attalias><attrtype Sync="TRUE">Integer</attrtype><attwidth Sync="TRUE">10</attwidth><atprecis Sync="TRUE">10</atprecis><attscale Sync="TRUE">0</attscale></attr><attr><attrlabl Sync="TRUE">Name</attrlabl><attalias Sync="TRUE">Name</attalias><attrtype Sync="TRUE">String</attrtype><attwidth Sync="TRUE">254</attwidth><atprecis Sync="TRUE">0</atprecis><attscale Sync="TRUE">0</attscale></attr><attr><attrlabl Sync="TRUE">Descript</attrlabl><attalias Sync="TRUE">Descript</attalias><attrtype Sync="TRUE">String</attrtype><attwidth Sync="TRUE">254</attwidth><atprecis Sync="TRUE">0</atprecis><attscale Sync="TRUE">0</attscale></attr><attr><attrlabl Sync="TRUE">Type</attrlabl><attalias Sync="TRUE">Type</attalias><attrtype Sync="TRUE">String</attrtype><attwidth Sync="TRUE">254</attwidth><atprecis Sync="TRUE">0</atprecis><attscale Sync="TRUE">0</attscale></attr><attr><attrlabl Sync="TRUE">elev_m</attrlabl><attalias Sync="TRUE">elev_m</attalias><attrtype Sync="TRUE">Double</attrtype><attwidth Sync="TRUE">19</attwidth><atprecis Sync="TRUE">0</atprecis><attscale Sync="TRUE">0</attscale></attr><attr><attrlabl Sync="TRUE">Z_Mean</attrlabl><attalias Sync="TRUE">Z_Mean</attalias><attrtype Sync="TRUE">Double</attrtype><attwidth Sync="TRUE">19</attwidth><atprecis Sync="TRUE">0</atprecis><attscale Sync="TRUE">0</attscale></attr><attr><attrlabl Sync="TRUE">MERGE_SRC</attrlabl><attalias Sync="TRUE">MERGE_SRC</attalias><attrtype Sync="TRUE">String</attrtype><attwidth Sync="TRUE">254</attwidth><atprecis Sync="TRUE">0</atprecis><attscale Sync="TRUE">0</attscale></attr><attr><attrlabl Sync="TRUE">Shape_Le_1</attrlabl><attalias Sync="TRUE">Shape_Le_1</attalias><attrtype Sync="TRUE">Double</attrtype><attwidth Sync="TRUE">19</attwidth><atprecis Sync="TRUE">0</atprecis><attscale Sync="TRUE">0</attscale></attr><attr><attrlabl Sync="TRUE">Depth_labe</attrlabl><attalias Sync="TRUE">Depth_labe</attalias><attrtype Sync="TRUE">Integer</attrtype><attwidth Sync="TRUE">10</attwidth><atprecis Sync="TRUE">10</atprecis><attscale Sync="TRUE">0</attscale></attr></detailed></eainfo><mdDateSt Sync="TRUE">20250325</mdDateSt></metadata>
