Date,Depth_m,Temp_C,CDOM_ugL,Chla_ugL,Phycoerythrin,Phycocyanin,Turb_NTU,Cond_uScm,Spec_Cond_uScm,DO_mgL,DO_pSat,PAR,Salinity,Descent Rate (m/s),Flag
2023-06-27T15:09:33Z,-0.148,23.679,6.3,3.0012,0.3834,15.6933,17.7931,45.572432,46.755,12.6452,148.82,462.91,2.5679129207709845,0.011,0
2023-06-27T15:09:33Z,-0.145,23.6767,6.39,2.8715,0.3834,16.4124,19.8222,45.908494,47.046,12.6561,148.337,455.43,2.5850507626835753,0.011,0
2023-06-27T15:09:33Z,-0.142,23.6792,6.39,2.8791,0.3834,16.4124,19.9725,46.261961,47.339,12.6525,147.81,443.61,2.6020402695622087,0.011,0
2023-06-27T15:09:33Z,-0.14,23.6938,6.39,2.8638,0.3834,16.4124,19.8523,46.578482,47.586,12.6301,147.338,437.2,2.615647190484892,0.011,0
2023-06-27T15:09:33Z,-0.137,23.7279,6.39,2.8715,0.3834,16.4124,19.9124,46.807719,47.745,12.59,147.059,432.66,2.622976766924544,0.012,0
2023-06-27T15:09:33Z,-0.135,23.7826,6.48,2.7532,0.426,16.7085,19.8974,46.961267,47.838,12.5363,147.084,438.15,2.6252500740365523,0.013,0
2023-06-27T15:09:33Z,-0.132,23.8538,6.48,2.7494,0.426,16.7085,19.9575,47.091967,47.922,12.4751,147.453,445.25,2.6260394124825432,0.016,0
2023-06-27T15:09:33Z,-0.128,23.9338,6.48,2.7685,0.426,16.7085,19.8523,47.220801,48.018,12.4167,148.13,461.81,2.6270158409373603,0.019,0
2023-06-27T15:09:33Z,-0.122,24.0112,6.48,2.7723,0.426,16.7085,19.8974,47.314751,48.091,12.3751,149.037,469.5,2.6267999048320627,0.024,0
2023-06-27T15:09:33Z,-0.116,24.0767,6.48,2.5586,0.426,16.8777,20.5887,47.323569,48.093,12.362,150.09,384.76,2.6231462993458705,0.028,0
2023-06-27T15:09:33Z,-0.108,24.127,6.48,2.551,0.426,16.8777,20.6188,47.223845,48.004,12.3813,151.194,382.68,2.6150974893863608,0.034,0
2023-06-27T15:09:33Z,-0.099,24.1633,6.48,2.551,0.426,16.8777,20.6489,47.034565,47.846,12.4296,152.263,345,2.603868955471472,0.039,0
2023-06-27T15:09:33Z,-0.088,24.1865,6.48,2.551,0.426,16.8777,20.694,46.788481,47.649,12.5004,153.249,272.83,2.591146527525058,0.043,0
2023-06-27T15:09:33Z,-0.076,24.1936,6.48,2.902,0.426,16.8777,20.4986,46.517066,47.439,12.5872,154.126,261.63,2.578596754719688,0.048,0
2023-06-27T15:09:33Z,-0.063,24.1803,6.66,2.8676,0.3834,17.1315,20.4384,46.239093,47.231,12.6831,154.871,228.55,2.5673159945151496,0.051,0
2023-06-27T15:09:33Z,-0.049,24.1448,6.66,2.8943,0.3834,17.1315,20.4084,45.969601,47.037,12.7813,155.469,218.92,2.5580847230925383,0.054,0
2023-06-27T15:09:33Z,-0.035,24.09,6.66,2.8638,0.3834,17.1315,20.3633,45.735797,46.88,12.8774,155.914,199.53,2.5520623915447773,0.056,0
2023-06-27T15:09:33Z,-0.02,24.0207,6.66,3.127,0.3834,17.1315,19.0406,45.550626,46.766,12.9679,156.174,175.1,2.549329639222733,0.056,0
2023-06-27T15:09:33Z,-0.004,23.9419,6.57,3.1232,0.3834,16.1586,18.8753,45.402352,46.678,13.0498,156.208,151.7,2.548629035364678,0.055,0
2023-06-27T15:09:33Z,0.01,23.8574,6.57,3.1194,0.3834,16.1586,19.0106,45.293044,46.616,13.1208,155.99,139.41,2.5497562543968404,0.053,0
2023-06-27T15:09:33Z,0.024,23.7719,6.57,3.1156,0.3834,16.1586,19.0256,45.229216,46.587,13.1794,155.532,132.44,2.5528649808254786,0.051,0
2023-06-27T15:09:33Z,0.036,23.6924,6.57,3.108,0.3834,16.1586,16.6659,45.154218,46.537,13.221,154.912,130.55,2.5544185421640218,0.05,0
2023-06-27T15:09:33Z,0.047,23.6255,6.66,3.0927,0.426,16.1586,16.6058,44.96681,46.37,13.2403,154.256,137.33,2.5484244581773545,0.051,0
2023-06-27T15:09:33Z,0.058,23.5729,6.66,3.108,0.426,16.1586,16.6208,44.573428,46.006,13.2348,153.68,146.14,2.530086042373994,0.054,0
2023-06-27T15:09:33Z,0.071,23.5335,6.66,3.108,0.426,16.1586,16.6659,43.930593,45.42,13.2057,153.258,148.47,2.4979983905340135,0.061,0
2023-06-27T15:09:33Z,0.085,23.504,6.66,3.2567,0.426,16.1586,18.6799,43.068987,44.653,13.1603,153.012,146.14,2.454768666809615,0.071,0
2023-06-27T15:09:33Z,0.104,23.4742,6.39,3.2453,0.3834,15.651,18.7551,42.079816,43.802,13.1119,152.889,138.8,2.40665190913795,0.084,0
2023-06-27T15:09:33Z,0.127,23.4257,6.39,3.2224,0.3834,15.651,18.8152,41.111378,43.007,13.0749,152.734,128.05,2.362789906099805,0.097,0
2023-06-27T15:09:33Z,0.154,23.3388,6.39,3.2224,0.3834,15.651,18.6649,40.256067,42.349,13.0605,152.31,96.728,2.3288725039486473,0.109,0
2023-06-27T15:09:33Z,0.186,23.199,6.39,4.0502,0.3834,15.651,17.6428,39.475964,41.776,13.0741,151.318,68.559,2.302535553733029,0.119,0
2023-06-27T15:09:33Z,0.22,23.0035,6.39,4.0273,0.3834,15.651,17.5827,38.761117,41.27,13.1118,149.469,54.43,2.2828180275912135,0.125,0
2023-06-27T15:09:33Z,0.254,22.7636,6.66,4.0197,0.3408,16.0317,17.6128,38.168494,40.88,13.1578,146.599,42.728,2.2720297112352013,0.127,0
2023-06-27T15:09:33Z,0.288,22.497,6.66,4.035,0.3408,16.0317,17.5827,37.678705,40.579,13.1869,142.714,39.763,2.267754052164411,0.127,0
2023-06-27T15:09:33Z,0.32,22.2165,6.66,3.5543,0.3408,16.0317,14.5767,37.24234,40.318,13.1698,137.941,36.81,2.266505688995049,0.126,0
2023-06-27T15:09:33Z,0.35,21.9322,6.66,3.5581,0.3408,16.0317,14.5316,36.848006,40.088,13.078,132.473,33.731,2.267275166115414,0.124,0
2023-06-27T15:09:33Z,0.381,21.6591,5.85,3.5734,0.2982,11.8863,14.5015,36.465803,39.853,12.8924,126.584,30.016,2.267150705206356,0.122,0
2023-06-27T15:09:33Z,0.412,21.405,5.85,3.5886,0.2982,11.8863,14.5316,36.061145,39.576,12.6105,120.623,25.238,2.2634698006636063,0.121,0
2023-06-27T15:09:33Z,0.443,21.1664,5.85,2.8257,0.2982,11.8863,9.737,35.64297,39.268,12.2436,114.909,21.947,2.2570362916097837,0.118,0
2023-06-27T15:09:33Z,0.474,20.9419,5.85,2.8142,0.2982,11.8863,9.722,35.278008,39.002,11.8088,109.68,19.572,2.2523664887643933,0.115,0
2023-06-27T15:09:33Z,0.504,20.7341,5.76,2.7952,0.2556,11.421,9.8272,35.031331,38.848,11.3293,105.117,16.843,2.2536681590703864,0.11,0
2023-06-27T15:09:33Z,0.532,20.5444,5.76,2.8142,0.2556,11.421,9.7971,34.904489,38.803,10.8362,101.32,14.858,2.260765840370256,0.104,0
2023-06-27T15:09:33Z,0.558,20.3713,5.76,2.3755,0.2556,11.421,7.4524,34.85375,38.817,10.3589,98.221,13.945,2.2707038234301073,0.098,0
2023-06-27T15:09:33Z,0.582,20.2144,5.76,2.3641,0.2556,11.421,7.3923,34.833897,38.842,9.9193,95.525,13.317,2.2805379063489974,0.092,0
2023-06-27T15:09:33Z,0.603,20.0779,5.31,2.3717,0.213,6.8949,7.4073,34.82577,38.865,9.5338,92.81,12.988,2.289222148224695,0.086,0
2023-06-27T15:09:33Z,0.623,19.9686,5.31,2.3984,0.213,6.8949,7.4223,34.823243,38.888,9.2109,89.7,12.684,2.2964977040759442,0.083,0
2023-06-27T15:09:33Z,0.643,19.8892,5.31,2.3641,0.213,6.8949,6.6558,34.817719,38.91,8.9446,86.043,12.32,2.302135570287038,0.081,0
2023-06-27T15:09:33Z,0.662,19.8355,5.31,2.3221,0.213,6.8949,6.7009,34.817629,38.951,8.7094,81.974,11.866,2.3076018287007165,0.081,0
2023-06-27T15:09:33Z,0.683,19.7991,5.31,2.3183,0.213,6.8949,6.6558,34.828887,39.017,8.4684,77.823,11.349,2.3137197477402247,0.082,0
2023-06-27T15:09:33Z,0.704,19.7698,5.04,2.3145,0.213,5.1183,6.6558,34.828749,39.077,8.1896,73.979,10.354,2.3190849199180565,0.083,0
2023-06-27T15:09:33Z,0.726,19.7366,5.04,2.4328,0.213,5.1183,5.6488,34.815192,39.119,7.8607,70.754,8.6118,2.323534391265169,0.083,0
2023-06-27T15:09:33Z,0.749,19.6905,5.04,2.4289,0.213,5.1183,5.6638,34.808364,39.158,7.4955,68.265,7.9569,2.3285042254990325,0.081,0
2023-06-27T15:09:33Z,0.77,19.6289,5.04,2.4709,0.213,5.1183,5.7841,34.810404,39.194,7.1245,66.356,7.2802,2.334142069115938,0.078,0
2023-06-27T15:09:33Z,0.79,19.5597,4.95,2.4671,0.1278,4.1031,5.6789,34.813932,39.22,6.782,64.648,7.1083,2.3395786150060838,0.075,0
2023-06-27T15:09:33Z,0.808,19.4947,4.95,2.4366,0.1278,4.1031,5.258,34.811968,39.232,6.4951,62.738,7.1797,2.343911475530293,0.071,0
2023-06-27T15:09:33Z,0.824,19.4417,4.95,2.4556,0.1278,4.1031,5.258,34.800027,39.228,6.2737,60.41,7.285,2.346577258866862,0.068,0
2023-06-27T15:09:33Z,0.84,19.4034,4.95,2.4556,0.1278,4.1031,5.273,34.784826,39.22,6.1035,57.695,7.2031,2.348182111772386,0.067,0
2023-06-27T15:09:33Z,0.856,19.3784,4.86,2.4366,0.1278,3.5109,5.3782,34.782118,39.231,5.9496,54.828,7.004,2.350262689979084,0.068,0
2023-06-27T15:09:33Z,0.873,19.3627,4.86,2.2649,0.1278,3.5109,4.8071,34.799101,39.268,5.7759,52.176,6.6524,2.3534853793718415,0.069,0
2023-06-27T15:09:33Z,0.892,19.3521,4.86,2.2573,0.1278,3.5109,4.8221,34.838322,39.332,5.5628,50.099,6.184,2.358146630885545,0.071,0
2023-06-27T15:09:33Z,0.911,19.3411,4.86,2.2573,0.1278,3.5109,4.8823,34.91222,39.437,5.314,48.83,5.7837,2.3654444666708825,0.073,0
2023-06-27T15:09:33Z,0.93,19.3257,4.86,2.2802,0.1278,3.5109,4.8071,35.020697,39.589,5.0515,48.418,5.4375,2.37598889643966,0.075,0
2023-06-27T15:09:33Z,0.949,19.306,4.86,2.0551,0.0852,3.2994,4.3261,35.135246,39.757,4.8092,48.711,5.2222,2.3878061381167663,0.076,0
2023-06-27T15:09:33Z,0.968,19.2841,4.86,2.0665,0.0852,3.2994,4.3863,35.232939,39.914,4.6199,49.422,4.8618,2.399059833055236,0.077,0
2023-06-27T15:09:33Z,0.988,19.2595,4.86,2.0589,0.0852,3.2994,4.3562,35.298235,40.037,4.5053,50.232,4.7182,2.408308924862968,0.077,0
2023-06-27T15:09:33Z,1.008,19.2275,4.86,2.078,0.0852,3.2994,4.266,35.316856,40.106,4.4703,50.831,4.3717,2.4145387537966876,0.077,0
2023-06-27T15:09:33Z,1.028,19.1845,4.68,1.7156,0.1278,2.538,3.8301,35.305649,40.139,4.5014,50.955,4.0958,2.41910180481474,0.076,0
2023-06-27T15:09:33Z,1.047,19.1328,4.68,1.7003,0.1278,2.538,3.9053,35.285389,40.158,4.572,50.431,3.943,2.423274154562581,0.076,0
2023-06-27T15:09:33Z,1.066,19.0783,4.68,1.6965,0.1278,2.538,3.7249,35.258594,40.167,4.6519,49.211,3.9216,2.426974394742249,0.075,0
2023-06-27T15:09:33Z,1.085,19.0253,4.68,1.6965,0.1278,2.538,3.8903,35.226041,40.167,4.7123,47.373,3.9004,2.4300182027661505,0.074,0
2023-06-27T15:09:33Z,1.104,18.9756,4.68,1.193,0.0852,2.1573,3.4694,35.183008,40.152,4.7283,45.112,3.8116,2.4319130665915973,0.074,0
2023-06-27T15:09:33Z,1.123,18.929,4.68,1.2044,0.0852,2.1573,3.4093,35.131882,40.128,4.6838,42.678,3.5889,2.4330528131700087,0.073,0
2023-06-27T15:09:33Z,1.141,18.8851,4.68,1.2082,0.0852,2.1573,3.3492,35.086756,40.116,4.5742,40.33,3.5347,2.434811975336129,0.073,0
2023-06-27T15:09:33Z,1.16,18.8446,4.68,1.2159,0.0852,2.1573,3.3792,35.053418,40.122,4.4068,38.296,3.4981,2.437539090605079,0.072,0
2023-06-27T15:09:33Z,1.178,18.8079,4.68,1.1586,0.1278,1.6074,2.763,35.026938,40.135,4.1994,36.728,3.408,2.440502728525953,0.071,0
2023-06-27T15:09:33Z,1.196,18.7705,4.68,1.1663,0.1278,1.6074,2.7029,35.000254,40.147,3.9757,35.677,3.4655,2.443446958867826,0.071,0
2023-06-27T15:09:33Z,1.214,18.727,4.68,1.1586,0.1278,1.6074,2.7329,34.970208,40.157,3.7603,35.099,3.4867,2.446621156087252,0.071,0
2023-06-27T15:09:33Z,1.231,18.679,4.68,1.1663,0.1278,1.6074,2.748,34.940671,40.173,3.5741,34.88,3.4912,2.4504521634452696,0.072,0
2023-06-27T15:09:33Z,1.25,18.6316,4.68,0.8992,0.1278,1.6074,1.9814,34.915648,40.2,3.4313,34.875,3.4685,2.4549695564713265,0.073,0
2023-06-27T15:09:33Z,1.269,18.586,4.59,0.9145,0.0852,1.3536,2.0115,34.896384,40.235,3.3364,34.946,3.3595,2.4599103257107013,0.075,0
2023-06-27T15:09:33Z,1.289,18.5379,4.59,0.8916,0.0852,1.3536,1.9363,34.877741,40.266,3.2857,34.988,3.2801,2.464747841142391,0.076,0
2023-06-27T15:09:33Z,1.309,18.4834,4.59,0.9183,0.0852,1.3536,1.9814,34.842861,40.27,3.269,34.917,3.2069,2.4682145228673913,0.076,0
2023-06-27T15:09:33Z,1.328,18.4228,4.59,0.6818,0.0852,1.3536,1.5005,34.790365,40.249,3.2726,34.677,3.2419,2.4704186796596153,0.077,0
2023-06-27T15:09:33Z,1.347,18.3612,4.5,0.6436,0.0852,0.846,1.5456,34.733979,40.221,3.2835,34.248,3.2652,2.472229572063783,0.077,0
2023-06-27T15:09:33Z,1.366,18.3054,4.5,0.6513,0.0852,0.846,1.4704,34.666588,40.181,3.2911,33.653,3.3167,2.472915929311125,0.078,0
2023-06-27T15:09:33Z,1.386,18.2577,4.5,0.6818,0.0852,0.846,1.5005,34.572199,40.115,3.2876,32.951,3.2851,2.471421005908363,0.08,0
2023-06-27T15:09:33Z,1.406,18.2148,4.5,0.5445,0.0852,0.846,1.275,34.45337,40.034,3.2678,32.225,3.177,2.468655160524621,0.082,0
2023-06-27T15:09:33Z,1.428,18.174,4.32,0.5597,0.0852,0.7191,1.3201,34.341784,39.975,3.23,31.553,3.0738,2.467201756043271,0.083,0
2023-06-27T15:09:33Z,1.451,18.1331,4.32,0.5597,0.0852,0.7191,1.3051,34.265113,39.962,3.1764,30.987,3.0038,2.4687700218220163,0.084,0
2023-06-27T15:09:33Z,1.473,18.0862,4.32,0.5368,0.0852,0.7191,1.26,34.204888,39.964,3.1131,30.552,2.9798,2.471682217397404,0.085,0
2023-06-27T15:09:33Z,1.494,18.0254,4.32,0.4872,0.0852,0.7191,1.2901,34.133165,39.948,3.0482,30.241,2.8942,2.4742424421956453,0.085,0
2023-06-27T15:09:33Z,1.516,17.9492,4.23,0.4987,0.0426,0.3384,1.26,34.046659,39.917,2.9893,30.011,2.8817,2.4767377378753626,0.087,0
2023-06-27T15:09:33Z,1.537,17.8675,4.23,0.4911,0.0426,0.3384,1.3051,33.948046,39.877,2.9407,29.791,2.8823,2.478973702221829,0.089,0
2023-06-27T15:09:33Z,1.559,17.7904,4.23,0.4796,0.0426,0.3384,1.26,33.838751,39.828,2.904,29.515,2.8419,2.4803444922002402,0.093,0
2023-06-27T15:09:33Z,1.582,17.7173,4.23,0.4376,0.0426,0.3384,1.275,33.727253,39.78,2.8788,29.146,2.7645,2.481544117746152,0.097,0
2023-06-27T15:09:33Z,1.608,17.6421,4.23,0.472,0.0426,0.3384,1.26,33.615503,39.733,2.8614,28.663,2.6104,2.48293803608555,0.101,0
2023-06-27T15:09:33Z,1.635,17.5616,4.14,0.43,0.0852,0.2961,1.2901,33.499443,39.681,2.8451,28.06,2.4409,2.484320730417686,0.106,0
2023-06-27T15:09:33Z,1.663,17.4762,4.14,0.4376,0.0852,0.2961,1.26,33.387727,39.633,2.8237,27.343,2.3941,2.4862678402131664,0.109,0
2023-06-27T15:09:33Z,1.692,17.3874,4.14,0.3652,0.0852,0.2961,1.3051,33.290169,39.6,2.7934,26.531,2.3028,2.489426889099745,0.112,0
2023-06-27T15:09:33Z,1.721,17.297,4.14,0.3804,0.0852,0.2961,1.275,33.204512,39.577,2.7522,25.659,2.2222,2.493362060260622,0.114,0
2023-06-27T15:09:33Z,1.75,17.2062,4.05,0.3499,0.0426,0.1692,1.2299,33.125736,39.555,2.6992,24.762,2.1244,2.4974018847792743,0.114,0
2023-06-27T15:09:33Z,1.78,17.1163,4.05,0.3652,0.0426,0.1692,1.3051,33.060556,39.543,2.635,23.861,1.9654,2.50207278356509,0.112,0
2023-06-27T15:09:33Z,1.81,17.0282,4.05,0.3537,0.0426,0.1692,1.2901,33.013371,39.546,2.5614,22.968,1.9107,2.50766047837279,0.109,0
2023-06-27T15:09:33Z,1.838,16.9447,4.05,0.3499,0.0426,0.1692,1.26,32.971598,39.552,2.4815,22.1,1.8534,2.513188141570412,0.104,0
2023-06-27T15:09:33Z,1.864,16.8685,3.96,0.3613,0.0852,0.2538,1.245,32.924095,39.548,2.3985,21.278,1.8089,2.5176082481170092,0.099,0
2023-06-27T15:09:33Z,1.888,16.7993,3.96,0.3346,0.0852,0.2538,1.2901,32.874035,39.54,2.3146,20.517,1.7512,2.5213381168524682,0.093,0
2023-06-27T15:09:33Z,1.911,16.7361,3.96,0.3537,0.0852,0.2538,1.3051,32.827872,39.538,2.231,19.82,1.7331,2.525113560882862,0.088,0
2023-06-27T15:09:33Z,1.932,16.6777,3.96,0.3957,0.0852,0.2538,1.3201,32.787156,39.544,2.1493,19.181,1.6771,2.5291441375554276,0.085,0
2023-06-27T15:09:33Z,1.952,16.622,3.87,0.3575,0.0426,0.0846,1.1999,32.750927,39.557,2.0718,18.599,1.6382,2.53349274287959,0.082,0
2023-06-27T15:09:33Z,1.973,16.5668,3.87,0.3881,0.0426,0.0846,1.245,32.717445,39.573,2.0002,18.08,1.645,2.5380248967925256,0.081,0
2023-06-27T15:09:33Z,1.993,16.5106,3.87,0.3118,0.0426,0.0846,1.5155,32.69164,39.597,1.9345,17.62,1.6058,2.543176409614845,0.081,0
2023-06-27T15:09:33Z,2.014,16.4528,3.87,0.3118,0.0426,0.0846,1.5606,32.676532,39.63,1.8744,17.2,1.5992,2.5490562840726927,0.082,0
2023-06-27T15:09:33Z,2.035,16.3937,3.87,0.3041,0.0426,0.0846,1.5005,32.672049,39.67,1.8198,16.798,1.5275,2.5555124851414663,0.083,0
2023-06-27T15:09:33Z,2.056,16.3343,3.87,0.3156,0.0852,0.1692,1.4554,32.680957,39.722,1.7713,16.397,1.4872,2.56282761079732,0.084,0
2023-06-27T15:09:33Z,2.077,16.2765,3.87,0.2927,0.0852,0.1692,1.741,32.693747,39.782,1.7284,15.985,1.4795,2.5706104119372477,0.086,0
2023-06-27T15:09:33Z,2.099,16.223,3.87,0.3232,0.0852,0.1692,1.7259,32.701949,39.847,1.6891,15.56,1.4712,2.5784836810023313,0.089,0
2023-06-27T15:09:33Z,2.121,16.176,3.87,0.3003,0.0852,0.1692,1.6959,32.705769,39.919,1.6513,15.129,1.4616,2.5864424934173402,0.092,0
2023-06-27T15:09:33Z,2.145,16.1334,3.87,0.3079,0.0426,0.1269,1.6508,32.704242,39.994,1.6134,14.694,1.416,2.5943432633849666,0.096,0
2023-06-27T15:09:33Z,2.17,16.0877,3.87,0.2507,0.0426,0.1269,2.1919,32.7029,40.075,1.5743,14.243,1.3484,2.6028747599791604,0.099,0
2023-06-27T15:09:33Z,2.196,16.0315,3.87,0.266,0.0426,0.1269,2.237,32.703362,40.161,1.5341,13.741,1.3106,2.6124518677341597,0.101,0
2023-06-27T15:09:33Z,2.224,15.9629,3.87,0.2584,0.0426,0.1269,2.252,32.697826,40.237,1.4937,13.14,1.3117,2.6221705447238257,0.102,0
2023-06-27T15:09:33Z,2.251,15.8842,3.78,0.2316,0.0852,0.2115,2.267,32.688776,40.305,1.4531,12.394,1.2469,2.632027001622253,0.102,0
2023-06-27T15:09:33Z,2.277,15.7994,3.78,0.2584,0.0852,0.2115,2.4925,32.685678,40.379,1.4109,11.479,1.1978,2.6427384505490163,0.1,0
2023-06-27T15:09:33Z,2.303,15.7132,3.78,0.3003,0.0852,0.2115,2.4925,32.683741,40.458,1.3636,10.4,1.1797,2.6539334496875275,0.098,0
2023-06-27T15:09:33Z,2.327,15.6294,3.78,0.3003,0.0852,0.2115,2.5376,32.668587,40.525,1.3061,9.195,1.1496,2.6641749637738523,0.095,0
2023-06-27T15:09:33Z,2.351,15.5496,3.69,0.2965,0.0426,0.2115,2.4624,32.642112,40.581,1.2338,7.922,1.1394,2.6734180631348177,0.092,0
2023-06-27T15:09:33Z,2.374,15.4712,3.69,0.3079,0.0426,0.2115,2.4624,32.622998,40.648,1.1444,6.652,1.1436,2.683372848934149,0.09,0
2023-06-27T15:09:33Z,2.396,15.3902,3.69,0.3232,0.0426,0.2115,2.8832,32.631887,40.748,1.0384,5.451,1.1033,2.6958607952849514,0.089,0
2023-06-27T15:09:33Z,2.419,15.3048,3.69,0.2927,0.0426,0.2115,2.9133,32.679068,40.894,0.9195,4.363,1.0578,2.711940020487565,0.088,0
2023-06-27T15:09:33Z,2.441,15.2163,3.69,0.3079,0.0426,0.2115,2.9283,32.735534,41.05,0.7934,3.406,1.0673,2.729006867934079,0.088,0
2023-06-27T15:09:33Z,2.463,15.1273,3.78,0.3041,0.0852,0.0846,2.8532,32.764855,41.167,0.6672,2.587,1.0295,2.743419508303686,0.088,0
2023-06-27T15:09:33Z,2.486,15.0398,3.78,0.43,0.0852,0.0846,3.6047,32.774845,41.252,0.5476,1.9,1.0266,2.7555166320842934,0.087,0
2023-06-27T15:09:33Z,2.508,14.9542,3.78,0.43,0.0852,0.0846,3.6047,32.78599,41.333,0.4389,1.325,0.98247,2.7672460255693694,0.087,0
2023-06-27T15:09:33Z,2.531,14.8714,3.78,0.4338,0.0852,0.0846,3.5446,32.799281,41.416,0.3431,0.84,0.99147,2.7789685591076565,0.087,0
2023-06-27T15:09:33Z,2.553,14.7936,3.78,0.43,0.1278,0.1692,3.5596,32.808358,41.498,0.2609,0.432,0.97143,2.7903120440502,0.087,0
2023-06-27T15:09:33Z,2.575,14.7228,3.78,0.3881,0.1278,0.1692,3.8602,32.80772,41.571,0.1918,0.091,0.98524,2.800555107012554,0.087,0
2023-06-27T15:09:33Z,2.597,14.6583,3.78,0.3652,0.1278,0.1692,3.8001,32.789273,41.621,0.1338,-0.182,0.9289,2.8087320401647493,0.086,0
2023-06-27T15:09:33Z,2.62,14.5946,3.78,0.3575,0.1278,0.1692,3.8452,32.754036,41.648,0.0849,-0.392,0.9283,2.8152225929867036,0.084,0
2023-06-27T15:09:33Z,2.642,14.5271,3.87,0.3499,0.0852,0.1692,3.755,32.706472,41.655,0.0435,-0.546,0.88246,2.820564231188182,0.082,0
2023-06-27T15:09:33Z,2.662,14.4568,3.87,0.3156,0.0852,0.1692,3.8452,32.641817,41.638,0.0089,-0.651,0.8794,2.8243913378689838,0.079,0
2023-06-27T15:09:33Z,2.682,14.3872,3.87,0.2851,0.0852,0.1692,3.77,32.564611,41.605,-0.0189,-0.705,0.87331,2.8270221574408145,0.076,0
2023-06-27T15:09:33Z,2.7,14.3198,3.87,0.3232,0.0852,0.1692,3.8602,32.48793,41.576,-0.0403,-0.704,0.88246,2.829789912928926,0.072,0
2023-06-27T15:09:33Z,2.718,14.2556,3.87,0.2851,0.0852,0.1692,3.8903,32.419047,41.556,-0.0562,-0.65,0.78801,2.8329851845493814,0.069,0
2023-06-27T15:09:33Z,2.735,14.1938,3.87,0.3156,0.1278,0.0846,3.77,32.359392,41.545,-0.0669,-0.549,0.8358,2.836667790342892,0.067,0
2023-06-27T15:09:33Z,2.752,14.1314,3.87,0.2927,0.1278,0.0846,3.8151,32.308898,41.542,-0.0725,-0.407,0.77695,2.84098511503508,0.065,0
2023-06-27T15:09:33Z,2.768,14.0672,3.87,0.3156,0.1278,0.0846,3.77,32.267961,41.547,-0.0725,-0.227,0.77123,2.84602803104745,0.063,0
2023-06-27T15:09:33Z,2.784,14.0028,3.87,0.3041,0.1278,0.0846,3.7851,32.233583,41.559,-0.0669,-0.017,0.75597,2.851610361784692,0.062,0
2023-06-27T15:09:33Z,2.799,13.9413,3.87,0.3194,0.0852,0.2115,3.9354,32.206496,41.577,-0.0566,0.216,0.73459,2.8574341701968353,0.061,0
2023-06-27T15:09:33Z,2.814,13.8839,3.87,0.2736,0.0852,0.2115,3.8903,32.195318,41.613,-0.0419,0.46,0.73443,2.8642898726565593,0.06,0
2023-06-27T15:09:33Z,2.83,13.8296,3.87,0.3118,0.0852,0.2115,3.8602,32.204986,41.669,-0.0234,0.703,0.70473,2.872401240779723,0.059,0
2023-06-27T15:09:33Z,2.845,13.7775,3.87,0.2889,0.0852,0.2115,3.77,32.234118,41.744,-0.0016,0.942,0.68973,2.881765818497258,0.059,0
2023-06-27T15:09:33Z,2.86,13.7277,3.96,0.4224,0.1278,0.1269,4.3562,32.2786,41.836,0.0225,1.17,0.65882,2.8922333385053567,0.058,0
2023-06-27T15:09:33Z,2.874,13.6817,3.96,0.4148,0.1278,0.1269,4.3111,32.346334,41.961,0.0478,1.377,0.65825,2.9048730767566022,0.058,0
2023-06-27T15:09:33Z,2.889,13.6413,3.96,0.4415,0.1278,0.1269,4.4013,32.453399,42.142,0.0731,1.558,0.66718,2.9212516181632755,0.058,0
2023-06-27T15:09:33Z,2.903,13.6069,3.96,0.4376,0.1278,0.1269,4.2961,32.57884,42.351,0.098,1.712,0.66834,2.939279997396902,0.058,0
2023-06-27T15:09:33Z,2.918,13.5749,3.96,0.43,0.1278,0.2538,4.5366,32.682837,42.534,0.1218,1.84,0.61738,2.955239810664623,0.058,0
2023-06-27T15:09:33Z,2.933,13.5409,3.96,0.4415,0.1278,0.2538,4.4915,32.769357,42.693,0.1434,1.938,0.61657,2.9696072827938735,0.058,0
2023-06-27T15:09:33Z,2.948,13.5031,3.96,0.4567,0.1278,0.2538,4.5817,32.869393,42.868,0.1624,2.004,0.63839,2.985482226412559,0.059,0
2023-06-27T15:09:33Z,2.963,13.4614,3.96,0.4376,0.1278,0.2538,4.6418,33.001698,43.088,0.1787,2.043,0.60872,3.005034988653323,0.06,0
2023-06-27T15:09:33Z,2.978,13.418,3.96,0.3842,0.1278,0.2538,4.8823,33.161948,43.352,0.1921,2.058,0.60266,3.0280400395937725,0.061,0
2023-06-27T15:09:33Z,2.993,13.3762,4.05,0.3652,0.1278,0.3384,4.8372,33.329504,43.635,0.2025,2.055,0.61724,3.052393348117981,0.063,0
2023-06-27T15:09:33Z,3.009,13.3363,4.05,0.3919,0.1278,0.3384,4.8372,33.501519,43.932,0.2097,2.039,0.56721,3.077701612881269,0.065,0
2023-06-27T15:09:33Z,3.026,13.2944,4.05,0.3919,0.1278,0.3384,4.762,33.680292,44.242,0.2139,2.014,0.59745,3.1042056270481524,0.067,0
2023-06-27T15:09:33Z,3.043,13.2464,4.05,0.3499,0.1278,0.3384,5.2279,33.83428,44.521,0.2157,1.983,0.5549,3.1289558946330556,0.069,0
2023-06-27T15:09:33Z,3.061,13.1907,3.96,0.3766,0.1278,0.2961,5.2129,33.943151,44.734,0.21560000000000001,1.947,0.55045,3.1494605164195493,0.072,0
2023-06-27T15:09:33Z,3.08,13.1286,3.96,0.3613,0.1278,0.2961,5.1829,34.031974,44.913,0.2142,1.913,0.53991,3.1680030841985025,0.075,0
2023-06-27T15:09:33Z,3.1,13.0629,3.96,0.3919,0.1278,0.2961,5.243,34.120475,45.09,0.2119,1.887,0.53442,3.186756044832403,0.077,0
2023-06-27T15:09:33Z,3.12,12.9976,3.96,0.2088,0.1278,0.2961,5.9043,34.202546,45.263,0.2089,1.87,0.50081,3.205239181507245,0.08,0
2023-06-27T15:09:33Z,3.14,12.938,4.05,0.2393,0.1704,0.2538,5.9795,34.276306,45.436,0.2054,1.864,0.48633,3.223305835193761,0.084,0
2023-06-27T15:09:33Z,3.161,12.8854,4.05,0.2355,0.1704,0.2538,5.9494,34.347561,45.617,0.2021,1.866,0.47402,3.241441971138347,0.087,0
2023-06-27T15:09:33Z,3.184,12.8351,4.05,0.2393,0.1704,0.2538,5.9945,34.40362,45.783,0.1995,1.873,0.46484,3.258296605017076,0.09,0
2023-06-27T15:09:33Z,3.208,12.7808,4.05,0.1782,0.1704,0.2538,7.4975,34.423783,45.898,0.198,1.882,0.46575,3.2716677770479334,0.092,0
2023-06-27T15:09:33Z,3.233,12.7183,4.14,0.1897,0.1704,0.1692,7.4674,34.405501,45.95,0.1976,1.891,0.43968,3.2809906055716964,0.094,0
2023-06-27T15:09:33Z,3.258,12.6467,4.14,0.1706,0.1704,0.1692,7.3923,34.359741,45.954,0.1982,1.898,0.41789,3.287469581057468,0.094,0
2023-06-27T15:09:33Z,3.283,12.5706,4.14,0.1706,0.1704,0.1692,7.4223,34.298065,45.93,0.1993,1.904,0.40528,3.2922204287793697,0.092,0
2023-06-27T15:09:33Z,3.306,12.4983,4.14,0.1744,0.1704,0.1692,6.6258,34.229771,45.899,0.2005,1.916,0.40616,3.296120025966104,0.09,0
2023-06-27T15:09:33Z,3.328,12.4358,4.14,0.163,0.1704,0.1692,6.746,34.168332,45.881,0.2018,1.942,0.3851,3.300173737050974,0.087,0
2023-06-27T15:09:33Z,3.35,12.3826,4.14,0.2011,0.1704,0.1269,6.6408,34.127069,45.891,0.2028,1.99,0.38168,3.3055753843559263,0.084,0
2023-06-27T15:09:33Z,3.371,12.3342,4.14,0.1859,0.1704,0.1269,6.7761,34.1029,45.922,0.2036,2.063,0.39399,3.3121838704312507,0.082,0
2023-06-27T15:09:33Z,3.391,12.2852,4.14,0.1935,0.1704,0.1269,6.7009,34.077494,45.945,0.2052,2.171,0.37033,3.318244505754232,0.08,0
2023-06-27T15:09:33Z,3.411,12.2331,4.14,0.1706,0.1704,0.1269,6.761,34.040115,45.948,0.2083,2.335,0.37194,3.3230504568691934,0.078,0
2023-06-27T15:09:33Z,3.431,12.1797,4.05,0.1515,0.1704,0.1269,6.731,33.996637,45.946,0.2137,2.579,0.34261,3.327596175934852,0.077,0
2023-06-27T15:09:33Z,3.45,12.1286,4.05,0.1935,0.1704,0.1269,6.731,33.95527,45.95,0.2218,2.93,0.36371,3.3324128224726475,0.077,0
2023-06-27T15:09:33Z,3.469,12.0824,4.05,0.2088,0.1704,0.1269,6.4454,33.908942,45.951,0.2337,3.422,0.34306,3.3365744155880335,0.077,0
2023-06-27T15:09:33Z,3.489,12.0389,4.05,0.1897,0.1704,0.1269,6.4905,33.837375,45.922,0.2517,4.101,0.33379,3.338181277812075,0.078,0
2023-06-27T15:09:33Z,3.508,11.9937,3.96,0.1744,0.1704,0.1692,6.4304,33.733366,45.858,0.2784,5.029,0.33083,3.3372272441396436,0.079,0
2023-06-27T15:09:33Z,3.528,11.9449,3.96,0.2011,0.1704,0.1692,6.4754,33.622649,45.801,0.3168,6.263,0.33598,3.337132380935558,0.082,0
2023-06-27T15:09:33Z,3.549,11.8937,3.96,0.0981,0.1704,0.1692,6.6258,33.535108,45.787,0.3705,7.838,0.32761,3.3405912624350314,0.085,0
2023-06-27T15:09:33Z,3.571,11.8395,3.96,0.1172,0.1704,0.1692,6.6859,33.46522,45.8,0.4448,9.785,0.31402,3.3464263749748033,0.089,0
2023-06-27T15:09:33Z,3.595,11.7771,3.96,0.1058,0.1704,0.2115,6.6859,33.394345,45.807,0.5465,12.157,0.28576,3.3525409187761603,0.092,0
2023-06-27T15:09:33Z,3.619,11.7024,3.96,0.1172,0.1704,0.2115,6.7761,33.319421,45.797,0.6818,15.037,0.27408,3.3584471047105287,0.094,0
2023-06-27T15:09:33Z,3.644,11.6182,3.96,0.1019,0.1704,0.2115,6.3853,33.244233,45.772,0.8549,18.5,0.30421,3.3640518681967944,0.095,0
2023-06-27T15:09:33Z,3.669,11.5312,3.96,0.0943,0.1704,0.2115,6.4304,33.174471,45.743,1.069,22.563,0.25362,3.3696144360584985,0.096,0
2023-06-27T15:09:33Z,3.693,11.4483,3.96,0.121,0.1704,0.2115,6.5356,33.107374,45.708,1.3302,27.15,0.23819,3.3743533104472805,0.095,0
2023-06-27T15:09:33Z,3.717,11.3745,3.96,0.1134,0.1704,0.0846,6.5656,33.034951,45.663,1.6474,32.109,0.25999,3.377493647992327,0.095,0
2023-06-27T15:09:33Z,3.741,11.3118,3.96,0.1363,0.1704,0.0846,5.9193,32.965612,45.62,2.0291,37.239,0.21969,3.379791251573749,0.094,0
2023-06-27T15:09:33Z,3.765,11.2591,3.96,0.121,0.1704,0.0846,6.0245,32.916511,45.601,2.4769,42.323,0.20771,3.3830806652430225,0.093,0
2023-06-27T15:09:33Z,3.789,11.213,3.96,0.121,0.1704,0.0846,5.9494,32.890396,45.604,2.9828,47.154,0.24121,3.3875164835483735,0.092,0
2023-06-27T15:09:33Z,3.812,11.1697,3.87,0.1286,0.1704,0.1692,5.8592,32.86842,45.603,3.5303,51.599,0.23798,3.391388579843174,0.091,0
2023-06-27T15:09:33Z,3.835,11.1278,3.87,0.1019,0.1704,0.1692,5.4985,32.83284,45.576,4.0975,55.634,0.18488,3.3930773451761294,0.09,0
2023-06-27T15:09:33Z,3.857,11.0892,3.87,0.1172,0.1704,0.1692,5.5286,32.778129,45.526,4.6602,59.312,0.21099,3.3926399605510476,0.091,0
2023-06-27T15:09:33Z,3.879,11.0578,3.87,0.1325,0.1704,0.1692,5.5286,32.707521,45.466,5.195,62.7,0.22549,3.390746827011579,0.092,0
2023-06-27T15:09:33Z,3.902,11.035,3.87,0.1286,0.1278,0.0846,5.4083,32.637832,45.419,5.687,65.817,0.22613,3.3890965686565155,0.094,0
2023-06-27T15:09:33Z,3.926,11.017,3.87,0.1134,0.1278,0.0846,5.1979,32.588101,45.403,6.1338,68.656,0.19313,3.3894706119316167,0.096,0
2023-06-27T15:09:33Z,3.952,10.9962,3.87,0.1363,0.1278,0.0846,5.243,32.560906,45.413,6.5423,71.26,0.19363,3.3921703254642654,0.097,0
2023-06-27T15:09:33Z,3.978,10.9661,3.87,0.1325,0.1278,0.0846,5.3031,32.545035,45.427,6.9208,73.746,0.20027,3.3960448173902233,0.098,0
2023-06-27T15:09:33Z,4.004,10.9267,3.78,0.1248,0.1278,0.2538,5.273,32.532293,45.436,7.2713,76.262,0.18694,3.4003815239628605,0.098,0
2023-06-27T15:09:33Z,4.029,10.8846,3.78,0.1286,0.1278,0.2538,5.0175,32.511361,45.428,7.5922,78.914,0.17283,3.40361790038154,0.097,0
2023-06-27T15:09:33Z,4.053,10.8473,3.78,0.1325,0.1278,0.2538,4.9574,32.476658,45.402,7.8866,81.709,0.16703,3.404978694035727,0.095,0
2023-06-27T15:09:33Z,4.077,10.8185,3.78,0.1172,0.1278,0.2538,5.0776,32.446651,45.386,8.1668,84.55,0.15276,3.406356087527353,0.093,0
2023-06-27T15:09:33Z,4.1,10.7974,3.78,0.1401,0.1278,0.2538,5.0626,32.437103,45.398,8.4494,87.276,0.16703,3.4092639171649406,0.091,0
2023-06-27T15:09:33Z,4.124,10.7803,3.78,0.1248,0.0852,0.0846,5.3332,32.437546,45.42,8.7465,89.697,0.13784,3.412605103522519,0.089,0
2023-06-27T15:09:33Z,4.147,10.7627,3.78,0.1286,0.0852,0.0846,5.273,32.432254,45.43,9.0599,91.646,0.17571,3.4150343619856383,0.086,0
2023-06-27T15:09:33Z,4.169,10.7428,3.78,0.1019,0.0852,0.0846,5.243,32.419816,45.425,9.3792,93.019,0.14431,3.4164769776360617,0.084,0
2023-06-27T15:09:33Z,4.19,10.7228,3.78,0.1286,0.0852,0.0846,5.2279,32.404837,45.414,9.6859,93.812,0.1267,3.4174489736400333,0.081,0
2023-06-27T15:09:33Z,4.209,10.7056,3.78,0.1325,0.1278,0.0846,5.4985,32.395203,45.41,9.9584,94.11,0.13215,3.418723386170296,0.078,0
2023-06-27T15:09:33Z,4.229,10.6924,3.78,0.1134,0.1278,0.0846,5.5286,32.392306,45.414,10.1777,94.043,0.12392,3.420269143704142,0.076,0
2023-06-27T15:09:33Z,4.248,10.6825,3.78,0.1286,0.1278,0.0846,5.4835,32.387451,45.415,10.3323,93.735,0.11607,3.4212683512694304,0.073,0
2023-06-27T15:09:33Z,4.266,10.6746,3.78,0.1363,0.1278,0.0846,5.4684,32.383304,45.415,10.4222,93.265,0.12985,3.4220017113648296,0.071,0
2023-06-27T15:09:33Z,4.284,10.6674,3.78,0.1744,0.0852,0.0423,7.6929,32.38668,45.424,10.457,92.662,0.12026,3.4233930050282093,0.067,0
2023-06-27T15:09:33Z,4.302,10.6606,3.78,0.1782,0.0852,0.0423,7.6328,32.390559,45.433,10.4511,91.945,0.11628,3.4247476308704794,0.064,0
2023-06-27T15:09:33Z,4.318,10.6547,3.78,0.1821,0.0852,0.0423,7.738,32.384094,45.426,10.4182,91.13,0.116,3.424733701252976,0.059,0
2023-06-27T15:09:33Z,4.332,10.65,3.78,0.1859,0.0852,0.0423,7.6177,32.373481,45.413,10.3671,90.234,0.11597,3.4241260483916074,0.055,0
2023-06-27T15:09:33Z,4.345,10.6464,3.78,0.3804,0.0852,0.0423,13.8703,32.371732,45.411,10.301,89.277,0.13204,3.4242997495722602,0.05,0
2023-06-27T15:09:33Z,4.357,10.6439,3.78,0.3423,0.1278,0.1692,13.8703,32.378382,45.421,10.2219,88.281,0.11693,3.4253353759527396,0.045,0
2023-06-27T15:09:33Z,4.368,10.6422,3.78,0.3652,0.1278,0.1692,13.8102,32.387281,45.433,10.1317,87.267,0.11615,3.426457462246031,0.04,0
2023-06-27T15:09:33Z,4.377,10.6412,3.78,0.3804,0.1278,0.1692,13.8252,32.392882,45.439,10.0324,86.264,0.11605,3.427032317464016,0.036,0
2023-06-27T15:09:33Z,4.386,10.6406,3.78,0.4949,0.1278,0.1692,18.6499,32.39668,45.442,9.9261,85.295,0.11623,3.4273288418104615,0.032,0
2023-06-27T15:09:33Z,4.393,10.6404,3.78,0.4834,0.1278,0.0846,18.6198,32.403646,45.447,9.8154,84.389,0.11633,3.427748940867005,0.029,0
2023-06-27T15:09:33Z,4.4,10.6408,3.78,0.5101,0.1278,0.0846,18.7551,32.411678,45.45,9.7026,83.579,0.11602,3.427952401101806,0.026,0
2023-06-27T15:09:33Z,4.406,10.6419,3.78,0.4643,0.1278,0.0846,18.7851,32.422918,45.454,9.5908,82.885,0.11602,3.4281710402538295,0.024,0
2023-06-27T15:09:33Z,4.412,10.644,3.78,0.3003,0.1278,0.0846,13.7801,32.444325,45.467,9.4826,82.311,0.11605,3.429019768202453,0.022,0
2023-06-27T15:09:33Z,4.417,10.6476,3.78,0.3118,0.1704,0.1692,13.8402,32.469724,45.481,9.3812,81.839,0.11605,3.429808879656155,0.021,0
2023-06-27T15:09:33Z,4.422,10.6536,3.78,0.3003,0.1704,0.1692,13.9154,32.486088,45.48,9.2898,81.428,0.11597,3.429168992444823,0.02,0
2023-06-27T15:09:33Z,4.427,10.663,3.78,0.3156,0.1704,0.1692,13.75,32.493821,45.47,9.2107,81.032,0.116,3.4274896868218576,0.02,0
2023-06-27T15:09:33Z,4.432,10.6766,3.78,0.1782,0.1704,0.1692,9.752,32.498946,45.461,9.144,80.618,0.116,3.4255005164774786,0.019,0
2023-06-27T15:09:33Z,4.437,10.6938,3.78,0.1897,0.1704,0.1269,9.8272,32.50283,45.455,9.088,80.152,0.1161,3.42341867802888,0.019,0
2023-06-27T15:09:33Z,4.442,10.7121,3.78,0.1859,0.1704,0.1269,9.737,32.510468,45.458,9.0384,79.618,0.11612,3.421958220030727,0.02,0
2023-06-27T15:09:33Z,4.447,10.7287,3.78,0.1935,0.1704,0.1269,9.767,32.515977,45.46,8.991,79.026,0.11625,3.4205765632719167,0.02,0
2023-06-27T15:09:33Z,4.452,10.7413,3.78,0.2049,0.1704,0.1269,6.0997,32.512906,45.454,8.9424,78.403,0.11617,3.418925886613536,0.02,0
2023-06-27T15:09:33Z,4.457,10.7502,3.78,0.1897,0.1704,0.1269,6.25,32.508355,45.447,8.8889,77.775,0.11607,3.417539152501634,0.02,0
2023-06-27T15:09:33Z,4.462,10.7565,3.78,0.2164,0.0852,0.0846,6.3402,32.501113,45.437,8.8283,77.169,0.116,3.416153667978233,0.02,0
2023-06-27T15:09:33Z,4.467,10.7605,3.78,0.1782,0.0852,0.0846,6.2199,32.489247,45.421,8.7618,76.605,0.11607,3.41450110736315,0.021,0
2023-06-27T15:09:33Z,4.473,10.7623,3.78,0.1935,0.0852,0.0846,6.1147,32.477514,45.405,8.6924,76.096,0.11607,3.41305261273038,0.021,0
2023-06-27T15:09:33Z,4.478,10.7628,3.78,0.1782,0.0852,0.0846,6.2199,32.470707,45.397,8.6227,75.665,0.11615,3.412365278184719,0.022,0
2023-06-27T15:09:33Z,4.484,10.7628,3.78,0.1935,0.0852,0.0846,6.2801,32.470971,45.397,8.5554,75.339,0.11617,3.4123650208046947,0.022,0
2023-06-27T15:09:33Z,4.49,10.7623,3.78,0.1706,0.0852,0.0846,6.2801,32.482336,45.412,8.493,75.126,0.11617,3.4136123927629045,0.022,0
2023-06-27T15:09:33Z,4.496,10.7614,3.78,0.1782,0.0852,0.0846,5.5586,32.503872,45.44,8.4368,75.018,0.11643,3.4159381734844243,0.022,0
2023-06-27T15:09:33Z,4.501,10.7606,3.78,0.1897,0.0852,0.0846,5.6338,32.517561,45.456,8.3892,74.987,0.116,3.4172936974905377,0.022,0
2023-06-27T15:09:33Z,4.507,10.7604,3.78,0.1973,0.1278,0.2961,5.5135,32.515169,45.449,8.3531,74.99,0.11597,3.4167512022611026,0.022,0
2023-06-27T15:09:33Z,4.512,10.761,3.78,0.1935,0.1278,0.2961,5.4684,32.511903,45.442,8.3293,74.971,0.1162,3.416134618665578,0.022,0
2023-06-27T15:09:33Z,4.518,10.763,3.78,0.1058,0.1278,0.2961,5.3332,32.518772,45.451,8.3169,74.868,0.11605,3.416669845083365,0.021,0
2023-06-27T15:09:33Z,4.523,10.7659,3.78,0.1286,0.1278,0.2961,5.2279,32.533648,45.47,8.313,74.629,0.1161,3.4179225824351516,0.02,0
2023-06-27T15:09:33Z,4.529,10.7686,3.78,0.1019,0.0852,2.7495,5.243,32.552576,45.493,8.3128,74.234,0.11597,3.4195140270508726,0.019,0
2023-06-27T15:09:33Z,4.534,10.77,3.78,0.1363,0.0852,2.7495,5.273,32.572682,45.516,8.3104,73.7,0.11612,3.421226042718364,0.018,0
2023-06-27T15:09:33Z,4.538,10.771,3.78,0.1134,0.0852,2.7495,5.5586,32.595369,45.538,8.2988,73.065,0.11612,3.4228949929845593,0.016,0
2023-06-27T15:09:33Z,4.542,10.7726,3.78,0.1058,0.0852,2.7495,5.4534,32.618765,45.557,8.272,72.363,0.11617,3.424267962814778,0.013,0
2023-06-27T15:09:33Z,4.546,10.775,3.78,0.121,0.0852,2.7495,5.5286,32.637226,45.568,8.2277,71.61,0.11612,3.424925873929413,0.01,0
2023-06-27T15:09:33Z,4.548,10.7793,4.23,0.1325,0.2556,3.9339,5.5286,32.655678,45.582,8.1678,70.81,0.1159,3.425647489188156,0.006,0
2023-06-27T15:09:33Z,4.549,10.7868,4.23,0.1859,0.2556,3.9339,5.9945,32.6731,45.598,8.0961,69.964,0.11615,3.426231813680658,0.003,0
