<?xml version="1.0" encoding="UTF-8"?>
<metadata xml:lang="en"><Esri><CreaDate>20240424</CreaDate><CreaTime>11582900</CreaTime><ArcGISFormat>1.0</ArcGISFormat><SyncOnce>TRUE</SyncOnce><DataProperties><lineage><Process ToolSource="c:\program files\arcgis\pro\Resources\ArcToolbox\toolboxes\3D Analyst Tools.tbx\CreateTin" Date="20240424" Time="114823">CreateTin "C:\Users\jrkri\Desktop\Carey Lab\Bathymetry\BVR_FCR_Bathymetry_04-2023\Products\FCR_TIN_14jun_6jul_13jul_2023_all_data" PROJCS["WGS_1984_UTM_Zone_17N",GEOGCS["GCS_WGS_1984",DATUM["D_WGS_1984",SPHEROID["WGS_1984",6378137.0,298.257223563]],PRIMEM["Greenwich",0.0],UNIT["Degree",0.0174532925199433]],PROJECTION["Transverse_Mercator"],PARAMETER["False_Easting",500000.0],PARAMETER["False_Northing",0.0],PARAMETER["Central_Meridian",-81.0],PARAMETER["Scale_Factor",0.9996],PARAMETER["Latitude_Of_Origin",0.0],UNIT["Meter",1.0]],VERTCS["WGS_1984",DATUM["D_WGS_1984",SPHEROID["WGS_1984",6378137.0,298.257223563]],PARAMETER["Vertical_Shift",0.0],PARAMETER["Direction",1.0],UNIT["Meter",1.0]] "FCR_combined_2023_points_reproj adjusted_elev_m Mass_Points &lt;None&gt;;FCR_outline_3nov19_elev Shape.Z Hard_Clip &lt;None&gt;" DELAUNAY</Process><Process ToolSource="c:\program files\arcgis\pro\Resources\ArcToolbox\toolboxes\Maritime Tools.tbx\SmoothBathymetricTIN" Date="20240424" Time="115532">SmoothBathymetricTIN FCR_TIN_14jun_6jul_13jul_2023_all_data "C:\Users\jrkri\Desktop\Carey Lab\Bathymetry\BVR_FCR_Bathymetry_04-2023\FCR_TIN_14jun_smooth15" "Positive Up" 15</Process><Process ToolSource="c:\program files\arcgis\pro\Resources\ArcToolbox\toolboxes\Data Management Tools.tbx\Copy" Date="20240424" Time="115830">Copy "C:\Users\jrkri\Desktop\Carey Lab\Bathymetry\BVR_FCR_Bathymetry_04-2023\FCR_TIN_14jun_smooth15" "C:\Users\jrkri\Desktop\Carey Lab\Bathymetry\BVR_FCR_Bathymetry_04-2023\Products\FCR_TIN_14jun_smooth15" "TIN Dataset" #</Process><Process ToolSource="c:\program files\arcgis\pro\Resources\ArcToolbox\toolboxes\Data Management Tools.tbx\Rename" Date="20240424" Time="115841">Rename "C:\Users\jrkri\Desktop\Carey Lab\Bathymetry\BVR_FCR_Bathymetry_04-2023\Products\FCR_TIN_14jun_smooth15" "C:\Users\jrkri\Desktop\Carey Lab\Bathymetry\BVR_FCR_Bathymetry_04-2023\Products\FCR_TIN_smooth15" Tin</Process><Process ToolSource="c:\program files\arcgis\pro\Resources\ArcToolbox\toolboxes\Bathymetry Tools.tbx\SmoothBathymetricTIN" Date="20250410" Time="222630">SmoothBathymetricTIN FCR_TIN_smooth15_copy "C:\Users\dwh18\Downloads\Data Package Resources_DWH\Data Package Resources\FCR\FCR_TIN_smooth15_smooth50v2" "Positive Down" 50</Process></lineage><itemProps><itemLocation><linkage Sync="TRUE">file://\\LAPTOP-6KIE8NM3\C$\Users\jrkri\Desktop\Carey Lab\Bathymetry\BVR_FCR_Bathymetry_04-2023\Products\FCR_TIN_14jun_smooth15</linkage><protocol Sync="TRUE">Local Area Network</protocol></itemLocation></itemProps><copyHistory><copy source="C:\Users\jrkri\Desktop\Carey Lab\Bathymetry\BVR_FCR_Bathymetry_04-2023\FCR_TIN_14jun_smooth15" dest="\\LAPTOP-6KIE8NM3\C$\Users\jrkri\Desktop\Carey Lab\Bathymetry\BVR_FCR_Bathymetry_04-2023\Products\FCR_TIN_14jun_smooth15" date="20240424" time="11582900"></copy></copyHistory></DataProperties></Esri></metadata>
