<?xml version="1.0" encoding="UTF-8"?>
<metadata xml:lang="en"><Esri><CreaDate>20250411</CreaDate><CreaTime>10201500</CreaTime><ArcGISFormat>1.0</ArcGISFormat><SyncOnce>TRUE</SyncOnce><DataProperties><lineage><Process ToolSource="c:\program files\arcgis\pro\Resources\ArcToolbox\toolboxes\3D Analyst Tools.tbx\SurfaceContour" Date="20250411" Time="102015">SurfaceContour FCR_TIN_smooth15_smooth50v2 "C:\Users\dwh18\Downloads\Data Package Resources_DWH\Data Package Resources\FCR\FCR_contours_2m_nobumps\FCR_contour_2m_nobumps.shp" 2 0 Contour 0 # Index_Cont 1 0</Process></lineage></DataProperties></Esri></metadata>
