"Reservoir","Depth_m","SA_m2","Volume_layer_L","Volume_below_L","Flag_SA_m2","Flag_Volume_L"
"BVR",0,271000,198331029.411913,1397592017.16565,0,1
"BVR",0.5,247048.113553882,136986511.083611,1199260987.75374,1,1
"BVR",1,229404.611826956,124612612.243772,1062274476.67013,1,1
"BVR",1.5,212414.168438375,113064999.224241,937661864.426356,1,1
"BVR",2,196076.783388495,123867899.702114,824596865.202114,1,1
"BVR",2.5,180562.8383,83810870.7,700728965.5,0,0
"BVR",3,161138.2961,77432329.1999999,616918094.8,0,0
"BVR",3.5,148635.6414,71169274.8,539485765.6,0,0
"BVR",4,136223.8923,64841097.7,468316490.8,0,0
"BVR",4.5,123068.0371,58236620.8,403475393.1,0,0
"BVR",5,109925.8049,51653071,345238772.3,0,0
"BVR",5.5,96791.51796,45729672.7,293585701.3,0,0
"BVR",6,86577.22006,40510287.7,247856028.6,0,0
"BVR",6.5,75692.6595,35559772.3,207345740.9,0,0
"BVR",7,67173.37841,32029338.8,171785968.6,0,0
"BVR",7.5,61064.24538,28964576.3,139756629.8,0,0
"BVR",8,54657.64729,25519721.05,110792053.5,0,0
"BVR",8.5,47133.12251,21998405.31,85272332.45,0,0
"BVR",9,41431.27242,19405793.16,63273927.14,0,0
"BVR",9.5,35938.12615,15920870.33,43868133.98,0,0
"BVR",10,26927.58978,11059723.62,27947263.65,0,0
"BVR",10.5,17748.09502,7260926.271,16887540.03,0,0
"BVR",11,11800.23117,4691088.279,9626613.759,0,0
"BVR",11.5,7635.905197,3020558.119,4935525.48,0,0
"BVR",12,4633.172592,1568994.3808,1914967.361,0,0
"BVR",12.5,1706.874172,345972.9802,345972.9802,0,0
"BVR",13,0,0,0,0,0
"CCR",0,2475798.959,1219051257,23011636613,0,0
"CCR",0.5,2401152.285,1182847247,21792585357,0,0
"CCR",1,2330982.922,1148881521,20609738109,0,0
"CCR",1.5,2204406.158,1088644458,19460856588,0,0
"CCR",2,2150528.012,1062239893,18372212130,0,0
"CCR",2.5,2098787.899,1036904146,17309972237,0,0
"CCR",3,2016578.522,994453484.9,16273068091,0,0
"CCR",3.5,1961582.456,967476009.2,15278614606,0,0
"CCR",4,1908668.618,941539647.2,14311138597,0,0
"CCR",4.5,1857837.008,901649742.9,13369598950,0,0
"CCR",5,1767988.509,869878832.4,12467949207,0,0
"CCR",5.5,1711758.218,842110782.9,11598070375,0,0
"CCR",6,1656916.311,797692708.2,10755959592,0,0
"CCR",6.5,1557831.527,764535174.2,9958266883,0,0
"CCR",7,1500665.838,736487332.4,9193731709,0,0
"CCR",7.5,1445640.159,693547336.1,8457244377,0,0
"CCR",8,1350596.859,660946937,7763697041,0,0
"CCR",8.5,1293360.596,632583366,7102750104,0,0
"CCR",9,1237142.575,592746257.8,6470166738,0,0
"CCR",9.5,1152014.742,562589646.5,5877420480,0,0
"CCR",10,1098682.68,536431870.2,5314830833,0,0
"CCR",10.5,1047383.637,495023915.7,4778398963,0,0
"CCR",11,942758.9529,458605733.3,4283375047,0,0
"CCR",11.5,892084.4307,433899147.7,3824769314,0,0
"CCR",12,843932.6105,388910601.2,3390870166,0,0
"CCR",12.5,722143.1048,347066261.8,3001959565,0,0
"CCR",13,667167.0712,321145938,2654893303,0,0
"CCR",13.5,618461.8094,288783398.7,2333747365,0,0
"CCR",14,544114.5027,262531455.9,2044963967,0,0
"CCR",14.5,506763.2479,244983718.9,1782432511,0,0
"CCR",15,473923.5547,225679843.6,1537448792,0,0
"CCR",15.5,430524.1367,207582460.8,1311768948,0,0
"CCR",16,400404.5127,193420857.9,1104186487,0,0
"CCR",16.5,373877.725,174163089.3,910765629.5,0,0
"CCR",17,326527.1736,156749186,736602540.2,0,0
"CCR",17.5,300657.5168,144096277.4,579853354.2,0,0
"CCR",18,275915.5393,126633759.9,435757076.8,0,0
"CCR",18.5,222612.9935,102415809.5,309123316.9,0,0
"CCR",19,187670.1631,85874272.41,206707507.5,0,0
"CCR",19.5,156446.8453,56596999.29,120833235.1,0,0
"CCR",20,58952.05843,26769623.84,64236235.78,0,0
"CCR",20.5,48254.56294,21613065.09,37466611.93,0,0
"CCR",21,38325.82343,11956965.01,15853546.84,0,0
"CCR",21.5,5932.079468,2310519.764,3896581.826,0,0
"CCR",22,3423.938818,1227358.282,1586062.062,0,0
"CCR",22.5,1599.433536,358703.7803,358703.7803,0,0
"CCR",23,0,0,0,0,0
"FCR",0,81845.42765,40655582.45,329526871.7,0,0
"FCR",0.5,80576.96882,39600027.64,288871289.2,0,0
"FCR",1,77359.41476,37182594.53,249271261.6,0,0
"FCR",1.5,71312.92048,33937237.71,212088667,0,0
"FCR",2,64246.13613,30434690.72,178151429.3,0,0
"FCR",2.5,57609.61333,27010447.63,147716738.6,0,0
"FCR",3,50026.04721,23108764.84,120706291,0,0
"FCR",3.5,42726.39513,19920542.89,97597526.16,0,0
"FCR",4,37038.63161,17008884.86,77676983.26,0,0
"FCR",4.5,30723.68324,13820814.13,60668098.4,0,0
"FCR",5,24543.38141,11037949.33,46847284.27,0,0
"FCR",5.5,19813.08201,9012972.383,35809334.94,0,0
"FCR",6,16251.74382,7165315.052,26796362.56,0,0
"FCR",6.5,12444.65021,5521275.855,19631047.51,0,0
"FCR",7,9603.173627,4247673.172,14109771.65,0,0
"FCR",7.5,7531.787445,3381926.085,9862098.48,0,0
"FCR",8,5996.189662,2660158.967,6480172.395,0,0
"FCR",8.5,4701.248871,2011258.898,3820013.429,0,0
"FCR",9,3291.083777,1230114.749,1808754.531,0,0
"FCR",9.5,1765.191959,534864.9337,578639.7818,0,0
"FCR",10,343.5144911,43774.8481,43774.8481,0,0
"FCR",10.5,0,0,0,0,0
