Reservoir,Site,Depth_m,Filter,DataStream,Sample_ID,Sample_Date,start_parameter,end_parameter,flag,notes
FCR,100,0.1,T,Metals,15,7/22/2019,Mn_mgL,Mn_mgL,6,observation seems abnormally high.
FCR,100.1,0.1,T,Metals,29,3/24/2020,Li_mgL,Ba_mgL,8,Sample was originally labelled; '03/24/2020 - 29 (decant)'; name was edited for ease of automation
FCR,100.1,0.1,T,Metals,30,3/24/2020,Li_mgL,Ba_mgL,8,Sample was originally labelled; '03/24/2020 - 30 (decant)'; name was edited for ease of automation
BVR,50,9,S,Metals,26,4/20/2020,Si_mgL,Si_mgL,6,observation seems abnormally high.
BVR,50,10,T,Metals,67,9/2/2020,Li_mgL,Ba_mgL,4,sample had particulates and was microwave digested. See digestion notebook
FCR,200,0.1,T,Metals,17,10/5/2020,Li_mgL,Ba_mgL,4,sample had particulates and was microwave digested. See digestion notebook
FCR,200,0.1,S,Metals,18,10/5/2020,Li_mgL,Ba_mgL,8,Filtered sample had particulates. Set to NA for improper procedure
FCR,100,0.1,T,Metals,15,11/2/2020,Li_mgL,Ba_mgL,4,sample had particulates and was microwave digested. See digestion notebook
FCR,100,0.1,T,Metals,15,2/26/2021,Li_mgL,Ba_mgL,4,sample had particulates and was microwave digested. See digestion notebook
FCR,100,0.1,S,Metals,16,2/26/2021,Li_mgL,Ba_mgL,8,Filtered sample had particulates. Set to NA for improper procedure
FCR,100,0.1,T,Metals,15,3/22/2021,Li_mgL,Ba_mgL,4,sample had particulates and was microwave digested. See digestion notebook
FCR,100,0.1,S,Metals,16,3/22/2021,Li_mgL,Ba_mgL,8,Filtered sample had particulates. Set to NA for improper procedure
FCR,200,0.1,T,Metals,17,3/22/2021,Li_mgL,Ba_mgL,4,sample had particulates and was microwave digested. See digestion notebook
FCR,200,0.1,S,Metals,18,3/22/2021,Li_mgL,Ba_mgL,8,Filtered sample had particulates. Set to NA for improper procedure
FCR,100,0.1,T,Metals,15,4/16/2021,Li_mgL,Ba_mgL,4,sample had particulates and was microwave digested. See digestion notebook
FCR,100,0.1,S,Metals,16,4/16/2021,Li_mgL,Ba_mgL,8,Filtered sample had particulates. Set to NA for improper procedure
FCR,200,0.1,T,Metals,17,4/26/2021,Li_mgL,Ba_mgL,4,sample had particulates and was microwave digested. See digestion notebook
FCR,100,0.1,T,Metals,15,5/6/2021,Li_mgL,Ba_mgL,4,sample had particulates and was microwave digested. See digestion notebook
FCR,100,0.1,T,Metals,15,5/24/2021,Li_mgL,Ba_mgL,4,sample had particulates and was microwave digested. See digestion notebook
FCR,200,0.1,T,Metals,17,5/24/2021,Li_mgL,Ba_mgL,4,sample had particulates and was microwave digested. See digestion notebook
FCR,100,0.1,T,Metals,15,6/21/2021,Li_mgL,Ba_mgL,4,sample had particulates and was microwave digested. See digestion notebook
FCR,100,0.1,S,Metals,16,6/21/2021,Li_mgL,Ba_mgL,4,sample had particulates and was microwave digested. See digestion notebook
FCR,200,0.1,T,Metals,17,6/21/2021,Li_mgL,Ba_mgL,4,sample had particulates and was microwave digested. See digestion notebook
FCR,200,0.1,S,Metals,18,6/21/2021,Li_mgL,Ba_mgL,4,sample had particulates and was microwave digested. See digestion notebook
FCR,200,0.1,T,Metals,17,7/12/2021,Li_mgL,Ba_mgL,4,sample had particulates and was microwave digested. See digestion notebook
FCR,100,0.1,T,Metals,15,7/21/2021,Li_mgL,Ba_mgL,4,sample had particulates and was microwave digested. See digestion notebook
FCR,100,0.1,T,Metals,15,11/22/2021,Li_mgL,Ba_mgL,4,sample had particulates and was microwave digested. See digestion notebook
FCR,200,0.1,T,Metals,17,12/6/2021,Li_mgL,Ba_mgL,4,sample had particulates and was microwave digested. See digestion notebook
BVR,50,9,S,Metals,26,2/6/2022,Mg_mgL,Mg_mgL,6,observation seems abnormally high.
FCR,100,0.1,T,Metals,15,3/17/2022,Li_mgL,Ba_mgL,4,sample had particulates and was microwave digested. See digestion notebook
FCR,200,0.1,T,Metals,17,3/17/2022,Li_mgL,Ba_mgL,4,sample had particulates and was microwave digested. See digestion notebook
FCR,100,0.1,T,Metals,15,4/19/2022,Li_mgL,Ba_mgL,4,sample had particulates and was microwave digested. See digestion notebook
FCR,200,0.1,T,Metals,17,4/19/2022,Li_mgL,Ba_mgL,4,sample had particulates and was microwave digested. See digestion notebook
FCR,100,0.1,T,Metals,15,5/2/2022,Li_mgL,Ba_mgL,4,sample had particulates and was microwave digested. See digestion notebook
FCR,200,0.1,T,Metals,17,5/2/2022,Li_mgL,Ba_mgL,4,sample had particulates and was microwave digested. See digestion notebook
FCR,100,0.1,T,Metals,15,5/9/2022,Li_mgL,Ba_mgL,4,sample had particulates and was microwave digested. See digestion notebook
FCR,200,0.1,T,Metals,17,5/9/2022,Li_mgL,Ba_mgL,4,sample had particulates and was microwave digested. See digestion notebook
FCR,100,0.1,T,Metals,15,5/17/2022,Li_mgL,Ba_mgL,4,sample had particulates and was microwave digested. See digestion notebook
FCR,200,0.1,T,Metals,17,5/17/2022,Li_mgL,Ba_mgL,4,sample had particulates and was microwave digested. See digestion notebook
FCR,100,0.1,T,Metals,15,5/23/2022,Li_mgL,Ba_mgL,4,sample had particulates and was microwave digested. See digestion notebook
FCR,200,0.1,T,Metals,17,5/23/2022,Li_mgL,Ba_mgL,4,sample had particulates and was microwave digested. See digestion notebook
FCR,100,0.1,T,Metals,15,5/31/2022,Li_mgL,Ba_mgL,4,sample had particulates and was microwave digested. See digestion notebook
FCR,200,0.1,T,Metals,17,5/31/2022,Li_mgL,Ba_mgL,4,sample had particulates and was microwave digested. See digestion notebook
FCR,100,0.1,T,Metals,15,6/7/2022,Li_mgL,Ba_mgL,4,sample had particulates and was microwave digested. See digestion notebook
FCR,100,0.1,T,Metals,15,6/13/2022,Li_mgL,Ba_mgL,4,sample had particulates and was microwave digested. See digestion notebook
FCR,200,0.1,T,Metals,17,6/13/2022,Li_mgL,Ba_mgL,4,sample had particulates and was microwave digested. See digestion notebook
FCR,100,0.1,T,Metals,15,6/20/2022,Li_mgL,Ba_mgL,4,sample had particulates and was microwave digested. See digestion notebook
FCR,200,0.1,T,Metals,17,6/20/2022,Li_mgL,Ba_mgL,4,sample had particulates and was microwave digested. See digestion notebook
BVR,50,3,T,Metals,21,6/20/2022,Li_mgL,Ba_mgL,4,sample had particulates and was microwave digested. See digestion notebook
BVR,50,8,T,Metals,69,6/20/2022,Li_mgL,Ba_mgL,4,sample had particulates and was microwave digested. See digestion notebook
CCR,50,21,T,Metals,15,6/27/2022,Li_mgL,Ba_mgL,4,sample had particulates and was microwave digested. See digestion notebook
FCR,200,0.1,T,Metals,17,6/27/2022,Li_mgL,Ba_mgL,4,sample had particulates and was microwave digested. See digestion notebook
CCR,50,21,T,Metals,57,6/30/2022,Li_mgL,Ba_mgL,4,sample had particulates and was microwave digested. See digestion notebook
FCR,200,0.1,T,Metals,17,7/18/2022,Li_mgL,Ba_mgL,4,sample had particulates and was microwave digested. See digestion notebook
FCR,100,0.1,T,Metals,15,8/1/2022,Li_mgL,Ba_mgL,4,sample had particulates and was microwave digested. See digestion notebook
FCR,100,0.1,T,Metals,15,8/18/2022,Li_mgL,Ba_mgL,4,sample had particulates and was microwave digested. See digestion notebook
FCR,200,0.1,T,Metals,17,8/18/2022,Li_mgL,Ba_mgL,4,sample had particulates and was microwave digested. See digestion notebook
FCR,50,9,T,Metals,13,8/29/2022,Li_mgL,Ba_mgL,4,sample had particulates and was microwave digested. See digestion notebook
FCR,100,0.1,T,Metals,15,8/29/2022,Li_mgL,Ba_mgL,4,sample had particulates and was microwave digested. See digestion notebook
FCR,100,0.1,S,Metals,16,8/29/2022,Li_mgL,Ba_mgL,8,Filtered sample had particulates. Set to NA for improper procedure
FCR,100,0.1,T,Metals,15,9/13/2022,Li_mgL,Ba_mgL,4,sample had particulates and was microwave digested. See digestion notebook
FCR,100,0.1,T,Metals,15,9/26/2022,Li_mgL,Ba_mgL,4,sample had particulates and was microwave digested. See digestion notebook
FCR,200,0.1,T,Metals,17,9/26/2022,Li_mgL,Ba_mgL,4,sample had particulates and was microwave digested. See digestion notebook
FCR,200,0.1,T,Metals,17,10/17/2022,Li_mgL,Ba_mgL,4,sample had particulates and was microwave digested. See digestion notebook
FCR,200,0.1,T,Metals,17,11/28/2022,Li_mgL,Ba_mgL,4,sample had particulates and was microwave digested. See digestion notebook
FCR,100,0.1,T,Metals,15,12/12/2022,Li_mgL,Ba_mgL,4,sample had particulates and was microwave digested. See digestion notebook
FCR,200,0.1,T,Metals,17,12/12/2022,Li_mgL,Ba_mgL,4,sample had particulates and was microwave digested. See digestion notebook
FCR,100,0.1,T,Metals,15,2/3/2023,Li_mgL,Ba_mgL,4,sample had particulates and was microwave digested. See digestion notebook
FCR,100,0.1,T,Metals,15,4/4/2023,Li_mgL,Ba_mgL,4,sample had particulates and was microwave digested. See digestion notebook
FCR,200,0.1,T,Metals,17,4/4/2023,Li_mgL,Ba_mgL,4,sample had particulates and was microwave digested. See digestion notebook
FCR,100,0.1,T,Metals,15,4/18/2023,Li_mgL,Ba_mgL,4,sample had particulates and was microwave digested. See digestion notebook
FCR,100,0.1,T,Metals,15,5/1/2023,Li_mgL,Ba_mgL,4,sample had particulates and was microwave digested. See digestion notebook
FCR,100,0.1,S,Metals,16,5/1/2023,Ba_mgL,Ba_mgL,6,observation seems abnormally high.
FCR,100,0.1,T,Metals,15,5/8/2023,Li_mgL,Ba_mgL,4,sample had particulates and was microwave digested. See digestion notebook
FCR,100,0.1,T,Metals,15,5/16/2023,Li_mgL,Ba_mgL,4,sample had particulates and was microwave digested. See digestion notebook
FCR,200,0.1,T,Metals,17,5/22/2023,Li_mgL,Ba_mgL,4,sample had particulates and was microwave digested. See digestion notebook
FCR,200,0.1,T,Metals,17,5/29/2023,Li_mgL,Ba_mgL,4,sample had particulates and was microwave digested. See digestion notebook
FCR,100,0.1,T,Metals,15,6/5/2023,Li_mgL,Ba_mgL,4,sample had particulates and was microwave digested. See digestion notebook
FCR,100,0.1,T,Metals,15,6/14/2023,Li_mgL,Ba_mgL,4,sample had particulates and was microwave digested. See digestion notebook
FCR,100,0.1,T,Metals,15,6/19/2023,Li_mgL,Ba_mgL,4,sample had particulates and was microwave digested. See digestion notebook
FCR,100,0.1,T,Metals,15,6/26/2023,Li_mgL,Ba_mgL,4,sample had particulates and was microwave digested. See digestion notebook
FCR,100,0.1,T,Metals,15,7/3/2023,Li_mgL,Ba_mgL,4,sample had particulates and was microwave digested. See digestion notebook
FCR,50,1.6,T,Metals,3,7/10/2023,Li_mgL,Ba_mgL,4,sample had particulates and was microwave digested. See digestion notebook
FCR,100,0.1,T,Metals,15,7/10/2023,Li_mgL,Ba_mgL,4,sample had particulates and was microwave digested. See digestion notebook
FCR,100,0.1,T,Metals,15,7/17/2023,Li_mgL,Ba_mgL,4,sample had particulates and was microwave digested. See digestion notebook
FCR,100,0.1,T,Metals,15,7/24/2023,Li_mgL,Ba_mgL,4,sample had particulates and was microwave digested. See digestion notebook
FCR,200,0.1,T,Metals,17,7/24/2023,Li_mgL,Ba_mgL,4,sample had particulates and was microwave digested. See digestion notebook
FCR,50,3.8,T,Metals,5,7/31/2023,Li_mgL,Ba_mgL,4,sample had particulates and was microwave digested. See digestion notebook
FCR,50,5,T,Metals,7,7/31/2023,Li_mgL,Ba_mgL,4,sample had particulates and was microwave digested. See digestion notebook
FCR,50,6.2,T,Metals,9,7/31/2023,Li_mgL,Ba_mgL,4,sample had particulates and was microwave digested. See digestion notebook
FCR,50,8,T,Metals,11,7/31/2023,Li_mgL,Ba_mgL,4,sample had particulates and was microwave digested. See digestion notebook
FCR,100,0.1,T,Metals,15,7/31/2023,Li_mgL,Ba_mgL,4,sample had particulates and was microwave digested. See digestion notebook
BVR,50,3,S,Metals,22,7/31/2023,Li_mgL,Ba_mgL,8,Filtered sample had particulates. Set to NA for improper procedure
BVR,50,6,T,Metals,23,7/31/2023,Li_mgL,Ba_mgL,4,sample had particulates and was microwave digested. See digestion notebook
BVR,50,9,T,Metals,25,7/31/2023,Li_mgL,Ba_mgL,4,sample had particulates and was microwave digested. See digestion notebook
FCR,50,1.6,T,Metals,3,8/7/2023,Li_mgL,Ba_mgL,4,sample had particulates and was microwave digested. See digestion notebook
FCR,50,3.8,T,Metals,5,8/7/2023,Li_mgL,Ba_mgL,4,sample had particulates and was microwave digested. See digestion notebook
FCR,100,0.1,T,Metals,15,8/7/2023,Li_mgL,Ba_mgL,4,sample had particulates and was microwave digested. See digestion notebook
BVR,50,3,T,Metals,21,8/7/2023,Li_mgL,Ba_mgL,4,sample had particulates and was microwave digested. See digestion notebook
BVR,50,6,T,Metals,23,8/7/2023,Li_mgL,Ba_mgL,4,sample had particulates and was microwave digested. See digestion notebook
BVR,50,9,T,Metals,25,8/7/2023,Li_mgL,Ba_mgL,4,sample had particulates and was microwave digested. See digestion notebook
FCR,200,0.1,T,Metals,17,8/14/2023,Li_mgL,Ba_mgL,4,sample had particulates and was microwave digested. See digestion notebook
FCR,50,3.8,T,Metals,5,8/22/2023,Li_mgL,Ba_mgL,4,sample had particulates and was microwave digested. See digestion notebook
BVR,50,9,T,Metals,25,8/22/2023,Li_mgL,Ba_mgL,4,sample had particulates and was microwave digested. See digestion notebook
FCR,100,0.1,T,Metals,15,8/29/2023,Li_mgL,Ba_mgL,4,sample had particulates and was microwave digested. See digestion notebook
BVR,50,9,T,Metals,25,8/29/2023,Li_mgL,Ba_mgL,4,sample had particulates and was microwave digested. See digestion notebook
FCR,50,0.1,T,Metals,1,9/5/2023,Li_mgL,Ba_mgL,4,sample had particulates and was microwave digested. See digestion notebook
FCR,50,1.6,T,Metals,3,9/5/2023,Li_mgL,Ba_mgL,4,sample had particulates and was microwave digested. See digestion notebook
FCR,50,3.8,T,Metals,5,9/5/2023,Li_mgL,Ba_mgL,4,sample had particulates and was microwave digested. See digestion notebook
FCR,50,3.8,S,Metals,6,9/5/2023,Li_mgL,Ba_mgL,8,Filtered sample had particulates. Set to NA for improper procedure
FCR,100,0.1,T,Metals,15,9/5/2023,Li_mgL,Ba_mgL,4,sample had particulates and was microwave digested. See digestion notebook
FCR,50,8,T,Metals,11,9/12/2023,Li_mgL,Ba_mgL,4,sample had particulates and was microwave digested. See digestion notebook
FCR,100,0.1,T,Metals,15,9/12/2023,Li_mgL,Ba_mgL,4,sample had particulates and was microwave digested. See digestion notebook
BVR,50,9,T,Metals,25,9/12/2023,Li_mgL,Ba_mgL,4,sample had particulates and was microwave digested. See digestion notebook
BVR,50,6,T,Metals,23,9/25/2023,Li_mgL,Ba_mgL,4,sample had particulates and was microwave digested. See digestion notebook
FCR,50,3.8,T,Metals,5,10/3/2023,Li_mgL,Ba_mgL,4,sample had particulates and was microwave digested. See digestion notebook
FCR,50,5,T,Metals,7,10/9/2023,Li_mgL,Ba_mgL,4,sample had particulates and was microwave digested. See digestion notebook
BVR,50,3,T,Metals,21,10/14/2023,Li_mgL,Ba_mgL,4,sample had particulates and was microwave digested. See digestion notebook
FCR,50,3.8,T,Metals,5,10/17/2023,Li_mgL,Ba_mgL,4,sample had particulates and was microwave digested. See digestion notebook
FCR,100,0.1,T,Metals,15,10/31/2023,Li_mgL,Ba_mgL,4,sample had particulates and was microwave digested. See digestion notebook
FCR,100.1,0.1,T,Metals,29,4/19/2022,Li_mgL,Ba_mgL,4,Sample had particulates and was microwave digested. See digestion notebook
FCR,100.1,0.1,T,Metals,30,4/19/2022,Li_mgL,Ba_mgL,4,Sample had particulates and was microwave digested. See digestion notebook
FCR,100.1,0.1,T,Metals,29,5/2/2022,Li_mgL,Ba_mgL,4,Sample had particulates and was microwave digested. See digestion notebook
FCR,100.1,0.1,T,Metals,29,5/9/2022,Li_mgL,Ba_mgL,4,Sample had particulates and was microwave digested. See digestion notebook
FCR,100.1,0.1,T,Metals,30,5/9/2022,Li_mgL,Ba_mgL,4,Sample had particulates and was microwave digested. See digestion notebook
FCR,100.1,0.1,T,Metals,29,5/17/2022,Li_mgL,Ba_mgL,4,Sample had particulates and was microwave digested. See digestion notebook
FCR,100.1,0.1,T,Metals,30,5/17/2022,Li_mgL,Ba_mgL,4,Sample had particulates and was microwave digested. See digestion notebook
FCR,100.1,0.1,T,Metals,29,5/23/2022,Li_mgL,Ba_mgL,4,Sample had particulates and was microwave digested. See digestion notebook
FCR,100.1,0.1,T,Metals,30,5/23/2022,Li_mgL,Ba_mgL,4,Sample had particulates and was microwave digested. See digestion notebook
FCR,100.1,0.1,T,Metals,29,6/7/2022,Li_mgL,Ba_mgL,4,Sample had particulates and was microwave digested. See digestion notebook
FCR,100.1,0.1,T,Metals,30,6/7/2022,Li_mgL,Ba_mgL,4,Sample had particulates and was microwave digested. See digestion notebook
FCR,100.1,0.1,T,Metals,29,6/20/2022,Li_mgL,Ba_mgL,4,Sample had particulates and was microwave digested. See digestion notebook
FCR,100.1,0.1,T,Metals,30,6/20/2022,Li_mgL,Ba_mgL,4,Sample had particulates and was microwave digested. See digestion notebook
FCR,100.1,0.1,T,Metals,29,6/27/2022,Li_mgL,Ba_mgL,4,Sample had particulates and was microwave digested. See digestion notebook
FCR,100.1,0.1,T,Metals,29,7/5/2022,Li_mgL,Ba_mgL,4,Sample had particulates and was microwave digested. See digestion notebook
FCR,100.1,0.1,T,Metals,30,7/5/2022,Li_mgL,Ba_mgL,4,Sample had particulates and was microwave digested. See digestion notebook
FCR,100.1,0.1,T,Metals,29,7/18/2022,Li_mgL,Ba_mgL,4,Sample had particulates and was microwave digested. See digestion notebook
FCR,100.1,0.1,T,Metals,30,7/18/2022,Li_mgL,Ba_mgL,4,Sample had particulates and was microwave digested. See digestion notebook
FCR,100.1,0.1,T,Metals,29,8/1/2022,Li_mgL,Ba_mgL,4,Sample had particulates and was microwave digested. See digestion notebook
FCR,100.1,0.1,T,Metals,30,8/1/2022,Li_mgL,Ba_mgL,4,Sample had particulates and was microwave digested. See digestion notebook
FCR,100.1,0.1,T,Metals,29,8/29/2022,Li_mgL,Ba_mgL,4,Sample had particulates and was microwave digested. See digestion notebook
FCR,100.1,0.1,T,Metals,30,8/29/2022,Li_mgL,Ba_mgL,4,Sample had particulates and was microwave digested. See digestion notebook
FCR,100.1,0.1,T,Metals,29,4/16/2021,Li_mgL,Ba_mgL,4,Sample had particulates and was microwave digested. See digestion notebook
FCR,100.1,0.1,T,Metals,30,4/16/2021,Li_mgL,Ba_mgL,4,Sample had particulates and was microwave digested. See digestion notebook
FCR,100.1,0.1,T,Metals,29,4/26/2021,Li_mgL,Ba_mgL,4,Sample had particulates and was microwave digested. See digestion notebook
FCR,100.1,0.1,T,Metals,29,5/6/2021,Li_mgL,Ba_mgL,4,Sample had particulates and was microwave digested. See digestion notebook
FCR,100.1,0.1,T,Metals,30,5/6/2021,Li_mgL,Ba_mgL,4,Sample had particulates and was microwave digested. See digestion notebook
FCR,100.1,0.1,T,Metals,29,5/24/2021,Li_mgL,Ba_mgL,4,Sample had particulates and was microwave digested. See digestion notebook
FCR,100.1,0.1,T,Metals,30,5/24/2021,Li_mgL,Ba_mgL,4,Sample had particulates and was microwave digested. See digestion notebook
FCR,100.1,0.1,T,Metals,29,5/8/2023,Li_mgL,Ba_mgL,4,Sample had particulates and was microwave digested. See digestion notebook
FCR,100.1,0.1,T,Metals,29,5/27/2023,Li_mgL,Ba_mgL,4,Sample had particulates and was microwave digested. See digestion notebook
FCR,100.1,0.1,T,Metals,29,5/29/2023,Li_mgL,Ba_mgL,4,Sample had particulates and was microwave digested. See digestion notebook
FCR,100.1,0.1,T,Metals,30,5/29/2023,Li_mgL,Ba_mgL,4,Sample had particulates and was microwave digested. See digestion notebook
FCR,100.1,0.1,T,Metals,29,6/7/2021,Li_mgL,Ba_mgL,4,Sample had particulates and was microwave digested. See digestion notebook
FCR,100.1,0.1,T,Metals,30,6/7/2021,Li_mgL,Ba_mgL,4,Sample had particulates and was microwave digested. See digestion notebook
FCR,100.1,0.1,T,Metals,29,6/21/2021,Li_mgL,Ba_mgL,4,Sample had particulates and was microwave digested. See digestion notebook
FCR,100.1,0.1,T,Metals,30,6/21/2021,Li_mgL,Ba_mgL,4,Sample had particulates and was microwave digested. See digestion notebook
FCR,100.1,0.1,T,Metals,29,6/26/2023,Li_mgL,Ba_mgL,4,Sample had particulates and was microwave digested. See digestion notebook
FCR,100.1,0.1,T,Metals,30,6/26/2023,Li_mgL,Ba_mgL,4,Sample had particulates and was microwave digested. See digestion notebook
FCR,100.1,0.1,T,Metals,29,7/12/2021,Li_mgL,Ba_mgL,4,Sample had particulates and was microwave digested. See digestion notebook
FCR,100.1,0.1,T,Metals,30,7/12/2021,Li_mgL,Ba_mgL,4,Sample had particulates and was microwave digested. See digestion notebook
FCR,100.1,0.1,T,Metals,29,7/21/2021,Li_mgL,Ba_mgL,4,Sample had particulates and was microwave digested. See digestion notebook
FCR,100.1,0.1,T,Metals,30,7/21/2021,Li_mgL,Ba_mgL,4,Sample had particulates and was microwave digested. See digestion notebook
FCR,100.1,0.1,T,Metals,29,7/3/2023,Li_mgL,Ba_mgL,4,Sample had particulates and was microwave digested. See digestion notebook
FCR,100.1,0.1,T,Metals,30,7/3/2023,Li_mgL,Ba_mgL,4,Sample had particulates and was microwave digested. See digestion notebook
FCR,100.1,0.1,T,Metals,29,7/10/2023,Li_mgL,Ba_mgL,4,Sample had particulates and was microwave digested. See digestion notebook
FCR,100.1,0.1,T,Metals,30,7/10/2023,Li_mgL,Ba_mgL,4,Sample had particulates and was microwave digested. See digestion notebook
FCR,100.1,0.1,T,Metals,29,7/17/2023,Li_mgL,Ba_mgL,4,Sample had particulates and was microwave digested. See digestion notebook
FCR,100.1,0.1,T,Metals,30,7/17/2023,Li_mgL,Ba_mgL,4,Sample had particulates and was microwave digested. See digestion notebook
FCR,100.1,0.1,T,Metals,29,7/24/2023,Li_mgL,Ba_mgL,4,Sample had particulates and was microwave digested. See digestion notebook
FCR,100.1,0.1,T,Metals,30,7/24/2023,Li_mgL,Ba_mgL,4,Sample had particulates and was microwave digested. See digestion notebook
FCR,100.1,0.1,T,Metals,29,7/31/2023,Li_mgL,Ba_mgL,4,Sample had particulates and was microwave digested. See digestion notebook
FCR,100.1,0.1,T,Metals,30,7/31/2023,Li_mgL,Ba_mgL,4,Sample had particulates and was microwave digested. See digestion notebook
FCR,100.1,0.1,T,Metals,29,8/10/2020,Li_mgL,Ba_mgL,4,Sample had particulates and was microwave digested. See digestion notebook
FCR,100.1,0.1,T,Metals,30,8/10/2020,Li_mgL,Ba_mgL,4,Sample had particulates and was microwave digested. See digestion notebook
FCR,100.1,0.1,T,Metals,29,8/2/2021,Li_mgL,Ba_mgL,4,Sample had particulates and was microwave digested. See digestion notebook
FCR,100.1,0.1,T,Metals,30,8/2/2021,Li_mgL,Ba_mgL,4,Sample had particulates and was microwave digested. See digestion notebook
FCR,100.1,0.1,T,Metals,29,8/16/2021,Li_mgL,Ba_mgL,4,Sample had particulates and was microwave digested. See digestion notebook
FCR,100.1,0.1,T,Metals,30,8/16/2021,Li_mgL,Ba_mgL,4,Sample had particulates and was microwave digested. See digestion notebook
FCR,100.1,0.1,T,Metals,29,8/31/2021,Li_mgL,Ba_mgL,4,Sample had particulates and was microwave digested. See digestion notebook
FCR,100.1,0.1,T,Metals,30,8/31/2021,Li_mgL,Ba_mgL,4,Sample had particulates and was microwave digested. See digestion notebook
FCR,100.1,0.1,T,Metals,29,8/7/2023,Li_mgL,Ba_mgL,4,Sample had particulates and was microwave digested. See digestion notebook
FCR,100.1,0.1,T,Metals,30,8/7/2023,Li_mgL,Ba_mgL,4,Sample had particulates and was microwave digested. See digestion notebook
FCR,100.1,0.1,T,Metals,29,8/14/2023,Li_mgL,Ba_mgL,4,Sample had particulates and was microwave digested. See digestion notebook
FCR,100.1,0.1,T,Metals,30,8/14/2023,Li_mgL,Ba_mgL,4,Sample had particulates and was microwave digested. See digestion notebook
FCR,100.1,0.1,T,Metals,30,8/22/2023,Li_mgL,Ba_mgL,4,Sample had particulates and was microwave digested. See digestion notebook
FCR,100.1,0.1,T,Metals,29,8/29/2023,Li_mgL,Ba_mgL,4,Sample had particulates and was microwave digested. See digestion notebook
FCR,100.1,0.1,T,Metals,29,9/2/2020,Li_mgL,Ba_mgL,4,Sample had particulates and was microwave digested. See digestion notebook
FCR,100.1,0.1,T,Metals,30,9/2/2020,Li_mgL,Ba_mgL,4,Sample had particulates and was microwave digested. See digestion notebook
FCR,100.1,0.1,T,Metals,29,9/30/2020,Li_mgL,Ba_mgL,4,Sample had particulates and was microwave digested. See digestion notebook
FCR,100.1,0.1,T,Metals,29,9/14/2021,Li_mgL,Ba_mgL,4,Sample had particulates and was microwave digested. See digestion notebook
FCR,100.1,0.1,T,Metals,30,9/14/2021,Li_mgL,Ba_mgL,4,Sample had particulates and was microwave digested. See digestion notebook
FCR,100.1,0.1,T,Metals,29,9/27/2021,Li_mgL,Ba_mgL,4,Sample had particulates and was microwave digested. See digestion notebook
FCR,100.1,0.1,T,Metals,30,9/27/2021,Li_mgL,Ba_mgL,4,Sample had particulates and was microwave digested. See digestion notebook
FCR,100.1,0.1,T,Metals,29,9/13/2022,Li_mgL,Ba_mgL,4,Sample had particulates and was microwave digested. See digestion notebook
FCR,100.1,0.1,T,Metals,30,9/13/2022,Li_mgL,Ba_mgL,4,Sample had particulates and was microwave digested. See digestion notebook
FCR,100.1,0.1,T,Metals,29,9/12/2023,Li_mgL,Ba_mgL,4,Sample had particulates and was microwave digested. See digestion notebook
FCR,100.1,0.1,T,Metals,30,9/12/2023,Li_mgL,Ba_mgL,4,Sample had particulates and was microwave digested. See digestion notebook
FCR,100.1,0.1,T,Metals,29,10/5/2020,Li_mgL,Ba_mgL,4,Sample had particulates and was microwave digested. See digestion notebook
FCR,100.1,0.1,T,Metals,29,10/11/2021,Li_mgL,Ba_mgL,4,Sample had particulates and was microwave digested. See digestion notebook
FCR,100.1,0.1,T,Metals,30,10/11/2021,Li_mgL,Ba_mgL,4,Sample had particulates and was microwave digested. See digestion notebook
FCR,100.1,0.1,T,Metals,29,10/25/2021,Li_mgL,Ba_mgL,4,Sample had particulates and was microwave digested. See digestion notebook
FCR,100.1,0.1,T,Metals,30,10/25/2021,Li_mgL,Ba_mgL,4,Sample had particulates and was microwave digested. See digestion notebook
FCR,100.1,0.1,T,Metals,29,10/3/2022,Li_mgL,Ba_mgL,4,Sample had particulates and was microwave digested. See digestion notebook
FCR,100.1,0.1,T,Metals,29,10/17/2022,Li_mgL,Ba_mgL,4,Sample had particulates and was microwave digested. See digestion notebook
FCR,100.1,0.1,T,Metals,30,10/17/2022,Li_mgL,Ba_mgL,4,Sample had particulates and was microwave digested. See digestion notebook
FCR,100.1,0.1,T,Metals,29,10/3/2023,Li_mgL,Ba_mgL,4,Sample had particulates and was microwave digested. See digestion notebook
FCR,100.1,0.1,T,Metals,30,10/3/2023,Li_mgL,Ba_mgL,4,Sample had particulates and was microwave digested. See digestion notebook
FCR,100.1,0.1,T,Metals,29,10/17/2023,Li_mgL,Ba_mgL,4,Sample had particulates and was microwave digested. See digestion notebook
FCR,100.1,0.1,T,Metals,30,10/17/2023,Li_mgL,Ba_mgL,4,Sample had particulates and was microwave digested. See digestion notebook
FCR,100.1,0.1,T,Metals,29,10/31/2023,Li_mgL,Ba_mgL,4,Sample had particulates and was microwave digested. See digestion notebook
FCR,100.1,0.1,T,Metals,30,10/31/2023,Li_mgL,Ba_mgL,4,Sample had particulates and was microwave digested. See digestion notebook
FCR,100.1,0.1,T,Metals,29,11/2/2020,Li_mgL,Ba_mgL,4,Sample had particulates and was microwave digested. See digestion notebook
FCR,100.1,0.1,T,Metals,29,11/9/2020,Li_mgL,Ba_mgL,4,Sample had particulates and was microwave digested. See digestion notebook
FCR,100.1,0.1,T,Metals,29,11/8/2021,Li_mgL,Ba_mgL,4,Sample had particulates and was microwave digested. See digestion notebook
FCR,100.1,0.1,T,Metals,30,11/8/2021,Li_mgL,Ba_mgL,4,Sample had particulates and was microwave digested. See digestion notebook
FCR,100.1,0.1,T,Metals,29,11/22/2021,Li_mgL,Ba_mgL,4,Sample had particulates and was microwave digested. See digestion notebook
FCR,100.1,0.1,T,Metals,30,11/22/2021,Li_mgL,Ba_mgL,4,Sample had particulates and was microwave digested. See digestion notebook
FCR,100.1,0.1,T,Metals,29,11/8/2022,Li_mgL,Ba_mgL,4,Sample had particulates and was microwave digested. See digestion notebook
FCR,100.1,0.1,T,Metals,30,11/8/2022,Li_mgL,Ba_mgL,4,Sample had particulates and was microwave digested. See digestion notebook
FCR,100.1,0.1,T,Metals,29,11/16/2022,Li_mgL,Ba_mgL,4,Sample had particulates and was microwave digested. See digestion notebook
FCR,100.1,0.1,T,Metals,30,11/16/2022,Li_mgL,Ba_mgL,4,Sample had particulates and was microwave digested. See digestion notebook
FCR,100.1,0.1,T,Metals,29,11/28/2022,Li_mgL,Ba_mgL,4,Sample had particulates and was microwave digested. See digestion notebook
FCR,100.1,0.1,T,Metals,30,11/28/2022,Li_mgL,Ba_mgL,4,Sample had particulates and was microwave digested. See digestion notebook
FCR,100.1,0.1,T,Metals,29,12/6/2021,Li_mgL,Ba_mgL,4,Sample had particulates and was microwave digested. See digestion notebook
FCR,100.1,0.1,T,Metals,29,12/12/2022,Li_mgL,Ba_mgL,4,Sample had particulates and was microwave digested. See digestion notebook
FCR,100.1,0.1,T,Metals,30,12/12/2022,Li_mgL,Ba_mgL,4,Sample had particulates and was microwave digested. See digestion notebook
FCR,100.1,0.1,T,Metals,29,12/4/2023,Li_mgL,Ba_mgL,4,Sample had particulates and was microwave digested. See digestion notebook
FCR,100.1,0.1,T,Metals,30,12/4/2023,Li_mgL,Ba_mgL,4,Sample had particulates and was microwave digested. See digestion notebook
FCR,100,0.1,S,Metals,16,12/4/2023,Na_mgL,Na_mgL,6,observation seems abnormally high.
FCR,50,1.6,S,Metals,4,1/29/2024,Cu_mgL,Cu_mgL,6,observation seems abnormally high.
FCR,100,0.1,S,Metals,16,1/29/2024,Na_mgL,Na_mgL,6,observation seems abnormally high.
FCR,50,8,S,Metals,12,3/18/2024,Al_mgL,Al_mgL,6,observation seems abnormally high.
FCR,50,5,T,Metals,7,5/13/2024,K_mgL,K_mgL,6,observation seems abnormally high.
FCR,50,3.8,S,Metals,6,5/13/2024,K_mgL,K_mgL,6,observation seems abnormally high.
FCR,100,0.1,T,Metals,15,5/13/2024,Mg_mgL,Mg_mgL,6,observation seems abnormally high.
FCR,100,0.1,S,Metals,16,5/13/2024,Mg_mgL,Mg_mgL,6,observation seems abnormally high.
FCR,100,0.1,T,Metals,15,5/13/2024,Fe_mgL,Fe_mgL,6,observation seems abnormally high.
FCR,100,0.1,S,Metals,16,5/13/2024,Fe_mgL,Fe_mgL,6,observation seems abnormally high.
FCR,100,0.1,T,Metals,15,5/13/2024,Mn_mgL,Mn_mgL,6,observation seems abnormally high.
FCR,100,0.1,S,Metals,16,5/13/2024,Mn_mgL,Mn_mgL,6,observation seems abnormally high.
FCR,100,0.1,T,Metals,15,7/15/2024,Cu_mgL,Cu_mgL,6,observation seems abnormally high.
FCR,100,0.1,T,Metals,15,9/2/2024,Cu_mgL,Cu_mgL,6,observation seems abnormally high.
BVR,50,6,T,Metals,23,10/7/2024,Ca_mgL,Ca_mgL,6,observation seems abnormally high.
BVR,50,6,S,Metals,24,10/7/2024,Ca_mgL,Ca_mgL,6,observation seems abnormally high.
BVR,50,6,T,Metals,23,8/19/2024,Fe_mgL,Fe_mgL,6,observation seems abnormally high.
BVR,50,0.1,S,Metals,20,6/3/2024,Cu_mgL,Cu_mgL,6,observation seems abnormally high.
FCR,100,0.1,T,Metals,15,6/3/2024,Li_mgL,Ba_mgL,4,Sample had particulates and was microwave digested. See digestion notebook
FCR,100.1,0.1,T,Metals,29,6/3/2024,Li_mgL,Ba_mgL,4,Sample had particulates and was microwave digested. See digestion notebook
FCR,100.1,0.1,T,Metals,30,6/3/2024,Li_mgL,Ba_mgL,4,Sample had particulates and was microwave digested. See digestion notebook
FCR,100.1,0.1,T,Metals,29,7/15/2024,Li_mgL,Ba_mgL,4,Sample had particulates and was microwave digested. See digestion notebook
FCR,100.1,0.1,T,Metals,30,7/15/2024,Li_mgL,Ba_mgL,4,Sample had particulates and was microwave digested. See digestion notebook
FCR,100,0.1,T,Metals,15,7/22/2024,Li_mgL,Ba_mgL,4,Sample had particulates and was microwave digested. See digestion notebook
FCR,100.1,0.1,T,Metals,29,7/29/2024,Li_mgL,Ba_mgL,4,Sample had particulates and was microwave digested. See digestion notebook
FCR,100.1,0.1,T,Metals,30,7/29/2024,Li_mgL,Ba_mgL,4,Sample had particulates and was microwave digested. See digestion notebook
FCR,100.1,0.1,T,Metals,29,8/19/2024,Li_mgL,Ba_mgL,4,Sample had particulates and was microwave digested. See digestion notebook
FCR,100.1,0.1,T,Metals,30,8/19/2024,Li_mgL,Ba_mgL,4,Sample had particulates and was microwave digested. See digestion notebook
FCR,100,0.1,T,Metals,17,9/2/2024,Li_mgL,Ba_mgL,4,Sample had particulates and was microwave digested. See digestion notebook
FCR,100.1,0.1,T,Metals,29,9/2/2024,Li_mgL,Ba_mgL,4,Sample had particulates and was microwave digested. See digestion notebook
FCR,100.1,0.1,T,Metals,30,9/2/2024,Li_mgL,Ba_mgL,4,Sample had particulates and was microwave digested. See digestion notebook
FCR,100.1,0.1,T,Metals,29,9/9/2024,Li_mgL,Ba_mgL,4,Sample had particulates and was microwave digested. See digestion notebook
FCR,100.1,0.1,T,Metals,30,9/9/2024,Li_mgL,Ba_mgL,4,Sample had particulates and was microwave digested. See digestion notebook
FCR,100,0.1,T,Metals,15,9/17/2024,Li_mgL,Ba_mgL,4,Sample had particulates and was microwave digested. See digestion notebook
FCR,100,0.1,T,Metals,15,10/1/2024,Li_mgL,Ba_mgL,4,Sample had particulates and was microwave digested. See digestion notebook
FCR,100,0.1,T,Metals,29,10/15/2024,Li_mgL,Ba_mgL,4,Sample had particulates and was microwave digested. See digestion notebook
FCR,100,0.1,T,Metals,30,10/15/2024,Li_mgL,Ba_mgL,4,Sample had particulates and was microwave digested. See digestion notebook
BVR,50,10,T,Metals,67,10/21/2024,Li_mgL,Ba_mgL,4,Sample had particulates and was microwave digested. See digestion notebook
FCR,100.1,0.1,T,Metals,29,10/29/2024,Li_mgL,Ba_mgL,4,Sample had particulates and was microwave digested. See digestion notebook
FCR,100.1,0.1,T,Metals,30,10/29/2024,Li_mgL,Ba_mgL,4,Sample had particulates and was microwave digested. See digestion notebook
FCR,100.1,0.1,T,Metals,29,11/19/2024,Li_mgL,Ba_mgL,4,Sample had particulates and was microwave digested. See digestion notebook
FCR,100.1,0.1,T,Metals,30,11/19/2024,Li_mgL,Ba_mgL,4,Sample had particulates and was microwave digested. See digestion notebook
FCR,100.1,0.1,T,Metals,29,12/3/2024,Li_mgL,Ba_mgL,4,Sample had particulates and was microwave digested. See digestion notebook
FCR,100.1,0.1,T,Metals,30,12/3/2024,Li_mgL,Ba_mgL,4,Sample had particulates and was microwave digested. See digestion notebook
FCR,1,0.1,S,Metals,72,8/12/2024,Fe_mgL,Fe_mgL,6,observation seems abnormally high.
FCR,50,5,S,Metals,8,3/4/2025,K_mgL,K_mgL,6,observation seems abnormally low.
CCR,50,21,T,Metals,57,7/23/2025,Na_mgL,Na_mgL,6,observation seems abnormally high.
FCR,50,9,T,Metals,13,7/28/2025,Fe_mgL,Fe_mgL,6,observation seems abnormally high.
CCR,50,0.1,S,Metals,38,12/2/2025,Na_mgL,Na_mgL,6,observation seems abnormally high.
CCR,50,0.1,S,Metals,38,12/2/2025,Mg_mgL,Mg_mgL,6,observation seems abnormally low.
CCR,50,0.1,S,Metals,38,12/2/2025,Ca_mgL,Ca_mgL,6,observation seems abnormally low.
CCR,50,0.1,S,Metals,38,12/2/2025,Sr_mgL,Sr_mgL,6,observation seems abnormally low.
CCR,50,0.1,S,Metals,38,12/2/2025,Ba_mgL,Ba_mgL,6,observation seems abnormally low.
