<?xml version="1.0" encoding="UTF-8"?>
<metadata xml:lang="en"><Esri><CreaDate>20180424</CreaDate><CreaTime>11075400</CreaTime><ArcGISFormat>1.0</ArcGISFormat><SyncOnce>TRUE</SyncOnce><DataProperties><lineage><Process ToolSource="c:\program files (x86)\arcgis\desktop10.5\ArcToolbox\Toolboxes\3D Analyst Tools.tbx\CreateTin" Date="20180424" Time="110754">CreateTin "C:\Users\tkeys\Desktop\DP Data\Tin_FCR" PROJCS['NAD_1983_2011_UTM_Zone_20N',GEOGCS['GCS_NAD_1983_2011',DATUM['D_NAD_1983_2011',SPHEROID['GRS_1980',6378137.0,298.257222101]],PRIMEM['Greenwich',0.0],UNIT['Degree',0.0174532925199433]],PROJECTION['Transverse_Mercator'],PARAMETER['False_Easting',500000.0],PARAMETER['False_Northing',0.0],PARAMETER['Central_Meridian',-63.0],PARAMETER['Scale_Factor',0.9996],PARAMETER['Latitude_Of_Origin',0.0],UNIT['Meter',1.0]] "Points_FCR Shape.Z Mass_Points &lt;None&gt;" DELAUNAY</Process></lineage></DataProperties></Esri></metadata>
