F1,240,245,250,255,260,265,270,275,280,285,290,295,300,305,310,315,320,325,330,335,340,345,350,355,360,365,370,375,380,385,390,395,400,405,410,415,420,425,430,435,440,445,450
300,1.5109E5,8.29153E4,7.56446E4,6.90554E4,7.19241E4,1.89457E5,8.0999E5,6.79914E5,1.68187E5,1.14463E5,3.47303E5,1.51345E7,3.04912E7,1.39065E7,3.70752E5,3.73065E4,2.34417E4,1.73129E4,1.79334E4,1.29967E4,1.26152E4,1.20718E4,1.1E4,9588.62554,8574.0719,8862.93194,8541.90014,8481.61329,8098.71004,7567.79934,6120.80266,6226.41509,6093.22351,6054.0844,5105.76222,4913.60691,4339.33801,4661.4372,4454.06185,3645.83333,3979.75214,3611.75761,3329.62492
302,1.35946E5,9.37487E4,7.47502E4,7.3468E4,7.11306E4,1.30382E5,6.07471E5,9.16115E5,2.83387E5,1.13395E5,1.27659E5,5.54143E6,2.83775E7,2.40825E7,3.0846E6,5.19748E4,2.8542E4,2.04122E4,1.89318E4,1.4671E4,1.33706E4,1.11954E4,1.12451E4,1.02139E4,9059.1517,9390.87269,9062.61671,8452.04179,8088.40027,7777.18265,6028.22581,5922.29347,6478.18761,6553.69347,4978.11816,4735.32589,5023.07419,4379.95674,4653.67965,4219.63277,4152.1284,3814.03358,3443.61381
304,1.54839E5,1.05739E5,8.9172E4,8.20756E4,8.47458E4,1.07182E5,3.90874E5,9.77145E5,4.91557E5,1.24321E5,1.16017E5,1.0603E6,2.05938E7,3.02852E7,1.0572E7,1.14756E5,3.18581E4,2.28963E4,1.92749E4,1.55872E4,1.5793E4,1.30355E4,1.19257E4,1.05256E4,8910.07855,9774.57076,8934.79343,8352.11769,8206.10687,7843.13725,5968.94535,6191.01548,5888.96171,6217.22846,5622.38017,5021.59827,4470.85958,4867.49594,4453.25881,4487.23611,4309.51758,3832.90267,3282.46702
306,1.70122E5,1.09858E5,7.96899E4,8.47441E4,8.81771E4,1.08121E5,2.35003E5,8.95286E5,7.41568E5,1.74133E5,1.08056E5,1.52122E5,1.01771E7,3.07446E7,2.15106E7,1.28152E6,4.40511E4,2.70065E4,2.26835E4,1.63569E4,1.53432E4,1.39567E4,1.19714E4,1.06634E4,9497.87633,9310.00922,9683.84366,9384.2686,8070.49052,8274.38371,6265.13317,6813.24903,6367.0412,6124.74246,5266.51481,5255.10663,4764.43971,4653.67965,4255.31915,4102.5641,4056.5297,3880.57133,3593.86181
308,1.92907E5,1.17155E5,8.92034E4,9.31218E4,9.19057E4,1.1489E5,1.60073E5,6.40503E5,9.52637E5,2.95168E5,1.07378E5,1.1066E5,2.68696E6,2.51637E7,3.01193E7,6.78502E6,6.9317E4,3.1867E4,2.50394E4,1.67652E4,1.71788E4,1.57201E4,1.29397E4,1.18089E4,9642.32198,1.00779E4,9474.60159,9875.37092,8548.35091,8102.89389,6073.44633,6330.78592,6559.3712,6780.29594,5715.58797,5122.43428,4839.28254,4760.61672,4861.98809,4164.08806,4494.67621,3913.11843,3375.695
310,1.75385E5,1.24658E5,9.6279E4,9.04792E4,9.34425E4,1.1296E5,1.34767E5,4.06948E5,1.01508E6,5.02957E5,1.15522E5,9.71524E4,3.18564E5,1.51822E7,3.31305E7,1.72506E7,4.47118E5,4.27634E4,2.7996E4,1.9531E4,1.82171E4,1.61908E4,1.45838E4,1.25562E4,9531.26019,9861.80663,9430.67148,9354.22602,8773.70134,8341.3745,6330.00706,6981.13208,6451.31086,6748.40884,5389.38537,5181.72004,5058.57295,4831.44042,5410.27953,4146.0396,4188.11622,4006.89358,3480.88691
312,2.0419E5,1.18466E5,9.37644E4,9.4877E4,9.90872E4,1.14114E5,1.37827E5,2.54073E5,9.0069E5,7.35956E5,1.63024E5,9.2063E4,1.14102E5,5.77157E6,3.03167E7,2.73701E7,3.39713E6,5.93308E4,3.18735E4,2.14061E4,2.00441E4,1.74789E4,1.55919E4,1.35905E4,1.0344E4,1.08323E4,9772.18972,9732.93769,9424.43622,8505.624,6608.15174,6767.34309,6462.48946,7223.05389,5826.03939,5355.53555,5137.53327,5357.62605,4636.06025,3993.99134,4358.45925,4163.07533,3362.21286
314,2.1782E5,1.17589E5,1.12125E5,1.06377E5,1.04431E5,1.27402E5,1.4192E5,1.76875E5,6.47864E5,9.34677E5,2.7512E5,9.40107E4,9.31376E4,1.03657E6,2.172E7,3.27687E7,1.17188E7,1.55908E5,4.26074E4,2.37917E4,2.05407E4,1.75291E4,1.71353E4,1.42495E4,1.15732E4,1.16118E4,1.05506E4,1.02637E4,9611.9336,8510.18221,7018.95926,6987.06449,6755.364,6529.46679,5837.28566,5415.39016,5288.37622,5254.14564,5025.71506,4514.53309,4699.10036,4143.694,3514.63104
316,2.0876E5,1.42111E5,1.04821E5,1.06468E5,1.06774E5,1.2182E5,1.43145E5,1.56131E5,4.17818E5,9.85311E5,4.66598E5,1.08749E5,8.4874E4,1.41421E5,1.04831E7,3.2708E7,2.26055E7,1.83793E6,5.70931E4,2.792E4,2.19286E4,1.79169E4,1.82545E4,1.52235E4,1.17414E4,1.2177E4,1.05696E4,9928.74109,9487.98563,8893.17476,7322.97761,7092.26556,6978.26901,6425.96577,6010.58008,6287.72183,5292.08404,4791.12154,4702.16606,4435.41262,4660.49921,4298.38918,3493.55403
318,2.50303E5,1.45828E5,1.14376E5,1.2215E5,1.0813E5,1.25872E5,1.44299E5,1.54648E5,2.6003E5,8.69132E5,6.99523E5,1.48431E5,8.11273E4,9.90262E4,3.01158E6,2.75946E7,2.97324E7,7.82265E6,8.97182E4,3.35732E4,2.65375E4,1.96751E4,1.93559E4,1.56807E4,1.29704E4,1.19874E4,1.0584E4,1.08567E4,9902.43355,9002.35496,8126.63844,7154.31807,7025.10303,6676.64111,6020.79912,6225.22523,5452.12766,5307.74083,5042.39581,4613.75287,4512.91899,4374.03134,3643.59586
320,2.28411E5,1.72292E5,1.23627E5,1.20252E5,1.12242E5,1.28409E5,1.43362E5,1.54482E5,1.94823E5,6.10486E5,8.92132E5,2.716E5,8.20417E4,8.69589E4,3.37446E5,1.68036E7,3.22531E7,1.85726E7,7.89706E5,4.35712E4,2.90368E4,2.23644E4,1.98869E4,1.83789E4,1.46073E4,1.32177E4,1.1649E4,1.1289E4,9911.32563,9840.45401,7757.49016,7533.98792,7554.76503,7217.74949,6155.38939,5854.80094,5629.43262,5483.40548,5068.99973,4939.03517,4433.19661,4375.91524,3903.33095
322,2.71727E5,1.68384E5,1.2356E5,1.21726E5,1.25221E5,1.37387E5,1.53504E5,1.61103E5,1.74001E5,4.14832E5,9.33577E5,4.43835E5,9.50957E4,8.07966E4,1.20042E5,6.50289E6,3.02166E7,2.69256E7,5.23455E6,6.44769E4,3.55149E4,2.41136E4,2.06908E4,1.79694E4,1.55008E4,1.29483E4,1.21046E4,1.13286E4,1.01839E4,9653.91621,7948.35586,7984.14496,7607.98276,7100.09355,6630.79168,6363.63636,5629.93173,5688.27188,5184.85122,4860.37469,4684.22889,4130.45349,4029.56605
324,2.69409E5,1.76493E5,1.41506E5,1.36015E5,1.3588E5,1.47768E5,1.63809E5,1.70526E5,1.69594E5,2.55665E5,8.10066E5,6.7118E5,1.37944E5,7.90656E4,9.79643E4,1.13795E6,2.2769E7,3.07085E7,1.53219E7,2.4036E5,4.38181E4,2.80403E4,2.25016E4,1.98614E4,1.63247E4,1.47803E4,1.28125E4,1.19217E4,1.05994E4,1.04682E4,7794.69598,7792.45283,7692.30769,7507.95731,7009.85761,6386.23671,5765.47809,5793.17813,5586.08884,5131.14899,5025.30099,4292.47312,3856.85885
326,2.89899E5,1.74864E5,1.38606E5,1.41371E5,1.35774E5,1.48361E5,1.71982E5,1.70017E5,1.70144E5,1.94507E5,6.02339E5,8.25601E5,2.41585E5,8.27562E4,8.84508E4,1.62205E5,1.17454E7,3.06095E7,2.48366E7,2.486E6,6.12686E4,3.22202E4,2.43715E4,2.1531E4,1.72921E4,1.60693E4,1.39335E4,1.27195E4,1.07735E4,1.01532E4,8128.27753,8165.76985,7743.44569,7273.23785,6652.06679,6610.23055,5615.18673,5706.81572,5703.7304,5076.81441,5367.42887,4579.49557,3919.54206
328,2.88447E5,1.98368E5,1.45265E5,1.41647E5,1.42581E5,1.53987E5,1.77053E5,1.6883E5,1.72944E5,1.83378E5,3.98599E5,8.61435E5,4.05725E5,9.16806E4,8.46068E4,1.09242E5,3.37753E6,2.67867E7,2.94783E7,9.48116E6,1.05161E5,4.05814E4,2.79309E4,2.09034E4,1.79886E4,1.83302E4,1.53501E4,1.33713E4,1.10737E4,1.03097E4,7974.15969,8222.41103,8135.94233,7727.5704,7007.29927,6340.62866,5929.27413,5524.0155,5832.50699,5183.68068,5025.30099,4594.73412,3901.47
330,3.05031E5,1.92563E5,1.43585E5,1.50867E5,1.5201E5,1.71743E5,1.8247E5,1.83464E5,1.78727E5,1.77069E5,2.59729E5,7.70494E5,6.03715E5,1.29824E5,8.32624E4,9.89264E4,3.87241E5,1.76526E7,3.05724E7,1.93199E7,1.00959E6,5.17741E4,3.23233E4,2.46604E4,1.95251E4,1.86812E4,1.61101E4,1.34994E4,1.13692E4,1.09683E4,8471.15772,8619.71299,7624.57849,7512.17685,6869.18446,6437.96146,6333.03809,6171.05738,5549.06017,5125.26464,5374.74915,4593.15328,4044.81882
332,3.3088E5,2.00339E5,1.53992E5,1.55039E5,1.58292E5,1.70377E5,1.88561E5,1.86673E5,1.98416E5,1.82933E5,1.95078E5,5.80526E5,7.70733E5,2.17894E5,8.26499E4,9.14179E4,1.30876E5,7.37579E6,2.92397E7,2.55873E7,5.76428E6,7.57824E4,3.91546E4,2.67624E4,2.05029E4,1.96997E4,1.74645E4,1.49549E4,1.20943E4,1.11099E4,8739.0384,8705.08347,8572.23159,7816.88822,6572.3414,6654.06087,6211.23516,5742.87775,5956.98731,5163.73908,4861.23233,4526.28862,3973.29943
334,3.62726E5,2.38046E5,1.69762E5,1.6993E5,1.61501E5,1.7827E5,2.04545E5,1.94952E5,1.97438E5,1.91465E5,1.76645E5,3.86861E5,8.26403E5,3.68642E5,9.59755E4,8.81526E4,1.07407E5,1.41048E6,2.36459E7,2.79701E7,1.52383E7,2.79793E5,4.91109E4,3.06573E4,2.21771E4,2.09552E4,1.95012E4,1.583E4,1.30527E4,1.16518E4,9034.99042,8481.29958,8359.88754,8587.75052,7272.56137,6627.04844,6389.57816,5949.16171,5833.63342,5144.72291,5391.25883,4774.60427,4261.74763
336,3.4009E5,2.26925E5,1.71807E5,1.75596E5,1.75904E5,1.82552E5,1.99232E5,2.02881E5,2.02966E5,1.95415E5,1.75788E5,2.53467E5,7.58308E5,5.55595E5,1.23265E5,8.65233E4,9.78483E4,1.91971E5,1.35459E7,2.77927E7,2.32971E7,2.55196E6,6.56078E4,3.60649E4,2.39328E4,2.03434E4,1.99701E4,1.84048E4,1.38558E4,1.22173E4,9374.36932,8638.59517,8913.67513,8352.84203,7397.61014,7097.18094,6765.85193,5969.34175,5727.66571,4902.56591,5533.76906,4786.08935,4006.3593
338,3.53182E5,2.3699E5,1.75011E5,1.80846E5,1.84949E5,1.88548E5,2.143E5,2.12791E5,2.10297E5,2.00742E5,1.78512E5,1.88347E5,5.95068E5,7.21315E5,2.00633E5,9.29156E4,9.30057E4,1.2519E5,4.36021E6,2.49255E7,2.68788E7,9.48865E6,1.05008E5,4.27682E4,2.727E4,2.22657E4,2.01644E4,1.94171E4,1.48468E4,1.32704E4,9487.79996,8774.08387,8239.70037,8482.35184,7554.74453,6786.06786,6539.07496,6291.6892,6028.65639,5518.27653,5321.93334,4744.68268,4558.10994
340,3.97934E5,2.67865E5,2.02507E5,1.908E5,1.73091E5,1.97626E5,2.16219E5,2.16456E5,2.22535E5,2.08466E5,1.89634E5,1.7235E5,4.18507E5,7.99772E5,3.32076E5,1.02006E5,9.73636E4,1.09374E5,5.62864E5,1.73998E7,2.76822E7,1.88958E7,8.62185E5,5.42725E4,3.06971E4,2.5183E4,2.08463E4,1.91825E4,1.62459E4,1.30467E4,9843.67121,9689.30022,9343.95501,8663.11161,7479.70446,7077.89284,6833.8947,5955.49149,6306.87449,5351.46591,5670.41787,4836.90507,4008.90869
342,3.96228E5,2.48882E5,1.97741E5,2.04399E5,1.95828E5,2.13368E5,2.24636E5,2.25385E5,2.27486E5,2.17707E5,1.97336E5,1.71351E5,2.80594E5,7.66407E5,5.04917E5,1.25263E5,9.86218E4,1.0376E5,1.58391E5,7.82856E6,2.71052E7,2.45197E7,5.23343E6,7.97021E4,3.67133E4,2.84925E4,2.23661E4,2.01777E4,1.80276E4,1.41022E4,1.0888E4,9092.62581,8729.86137,8482.18461,8117.47537,7468.0583,6607.03215,6345.77249,5948.62551,5498.09953,5546.3504,4708.2114,4205.75608
344,4.40931E5,3.01235E5,2.15525E5,2.11785E5,2.02051E5,2.19243E5,2.44191E5,2.31043E5,2.35116E5,2.24902E5,2.06529E5,1.76974E5,2.07456E5,6.37258E5,6.9204E5,1.98266E5,1.05407E5,1.05508E5,1.26868E5,1.66712E6,2.34305E7,2.62713E7,1.4472E7,2.07345E5,4.67141E4,3.22874E4,2.42556E4,2.12017E4,1.89365E4,1.5895E4,1.18371E4,1.03321E4,9454.64768,9260.12534,8159.91238,7274.03673,6644.22395,6311.99279,6324.89413,5815.28944,5487.21975,4993.11295,4329.17626
346,4.09157E5,2.95458E5,2.43209E5,2.2627E5,2.04364E5,2.3546E5,2.3647E5,2.43214E5,2.51224E5,2.40926E5,2.17275E5,1.92404E5,1.80107E5,4.57078E5,8.01314E5,3.11652E5,1.15926E5,1.08334E5,1.12274E5,2.10689E5,1.46585E7,2.63575E7,2.22678E7,2.15773E6,6.12676E4,3.64351E4,2.76137E4,2.21563E4,1.96252E4,1.65952E4,1.21924E4,1.03494E4,1.0015E4,9240.7078,8095.28156,7443.07443,6725.74214,6908.36941,6291.06291,5724.38163,6200.94192,5114.95738,4695.69363
348,4.43634E5,3.08967E5,2.36992E5,2.2919E5,2.19825E5,2.40818E5,2.55725E5,2.50807E5,2.59901E5,2.53204E5,2.32437E5,1.98038E5,1.78029E5,3.15711E5,7.97057E5,4.87874E5,1.40096E5,1.13227E5,1.14077E5,1.34392E5,4.87952E6,2.48137E7,2.52965E7,9.27303E6,9.8598E4,4.38103E4,3.13029E4,2.3475E4,1.94457E4,1.88479E4,1.37468E4,1.14636E4,9483.64727,9306.24473,7784.2672,7771.2742,7264.35152,6358.79859,6287.72183,5728.42999,5600.62811,5225.55096,4928.1803
350,5.18879E5,3.31606E5,2.45602E5,2.3429E5,2.35879E5,2.54935E5,2.62159E5,2.65487E5,2.70689E5,2.61948E5,2.41716E5,2.15336E5,1.9103E5,2.36456E5,6.83958E5,6.62854E5,1.9803E5,1.19809E5,1.18586E5,1.18073E5,6.76092E5,1.9068E7,2.5728E7,1.87382E7,6.26423E5,5.73143E4,3.52663E4,2.54839E4,2.03257E4,1.84467E4,1.49213E4,1.31087E4,1.08958E4,1.01611E4,8504.42559,7756.05801,7297.84784,6979.2606,7002.52343,5703.69062,6314.87135,4942.311,4663.33571
352,5.52222E5,3.62604E5,2.85637E5,2.67517E5,2.49708E5,2.66497E5,2.85094E5,2.72923E5,2.75418E5,2.67869E5,2.60849E5,2.23034E5,1.97765E5,2.07775E5,5.20303E5,7.9131E5,3.10243E5,1.35832E5,1.23024E5,1.16129E5,1.71439E5,8.95943E6,2.55635E7,2.41692E7,5.04999E6,8.28843E4,4.28038E4,2.86935E4,2.14382E4,1.91339E4,1.62784E4,1.36763E4,1.14711E4,1.03648E4,8106.8758,8116.62017,7445.48839,7348.30042,6902.14453,6005.66071,6318.17785,5211.92281,4860.61472
354,5.41423E5,3.66995E5,2.89631E5,2.71227E5,2.59643E5,2.78108E5,2.91536E5,2.86435E5,2.94654E5,2.85768E5,2.69318E5,2.379E5,2.14377E5,2.10099E5,3.74055E5,8.23253E5,4.7057E5,1.62005E5,1.31174E5,1.17091E5,1.42481E5,2.06024E6,2.3306E7,2.51613E7,1.40088E7,1.77472E5,5.17993E4,3.41241E4,2.40826E4,1.97491E4,1.65404E4,1.56191E4,1.18798E4,1.14622E4,9363.87697,8579.90827,7597.62685,6869.19679,6542.30873,6038.66867,5996.16524,5410.99431,4963.86308
356,5.73229E5,4.16788E5,3.0846E5,3.08099E5,2.67477E5,2.94361E5,3.04501E5,3.04157E5,3.07883E5,2.95144E5,2.86396E5,2.54116E5,2.33303E5,2.20154E5,2.8242E5,7.29665E5,6.62276E5,2.16319E5,1.42627E5,1.23172E5,1.30089E5,2.20431E5,1.49143E7,2.52293E7,2.20708E7,2.23776E6,7.19821E4,3.92717E4,2.6496E4,2.15449E4,1.65018E4,1.6621E4,1.35368E4,1.13564E4,9491.24726,8975.51314,7785.65102,7256.17451,6629.38577,6016.96413,6352.53054,5386.53796,5615.56791
358,6.10635E5,4.09347E5,3.25327E5,3.08171E5,2.92436E5,3.02776E5,3.158E5,3.1904E5,3.23895E5,3.21123E5,3.0137E5,2.75731E5,2.48191E5,2.37843E5,2.45845E5,5.79329E5,7.95613E5,3.19719E5,1.57146E5,1.3301E5,1.3061E5,1.52607E5,5.13169E6,2.46648E7,2.46034E7,9.58288E6,1.0775E5,4.7296E4,2.93794E4,2.29524E4,1.705E4,1.73433E4,1.55316E4,1.12078E4,1.00301E4,8963.28294,8344.40606,7489.62281,7158.95771,6364.92221,6495.54741,5403.0801,5194.59889
360,6.08452E5,4.49401E5,3.64809E5,3.28159E5,3.02794E5,3.25692E5,3.4198E5,3.23568E5,3.41968E5,3.23894E5,3.07025E5,2.86152E5,2.69133E5,2.48553E5,2.52063E5,4.34334E5,8.24857E5,4.75841E5,1.83646E5,1.45149E5,1.3409E5,1.32225E5,5.56041E5,1.97831E7,2.48783E7,1.9496E7,6.0574E5,5.97082E4,3.54043E4,2.55572E4,1.78139E4,1.80153E4,1.66323E4,1.34556E4,1.04716E4,8965.82734,8979.70038,7382.36885,6824.73855,6614.85472,6613.73353,5800.34423,5657.97839
362,6.16891E5,4.74493E5,3.97279E5,3.57573E5,3.38372E5,3.50578E5,3.57114E5,3.43321E5,3.42545E5,3.37551E5,3.2557E5,3.05917E5,2.84772E5,2.69463E5,2.67548E5,3.36853E5,7.63536E5,6.43086E5,2.37698E5,1.58037E5,1.4125E5,1.3067E5,1.82578E5,9.91947E6,2.46287E7,2.39123E7,4.92189E6,8.43372E4,4.21614E4,2.83785E4,2.06399E4,1.71499E4,1.76592E4,1.45395E4,1.00502E4,9433.79242,8355.48467,7957.82264,7350.95156,6889.24218,6775.51733,5528.28726,5383.51596
364,6.47072E5,4.60327E5,4.01691E5,3.83374E5,3.44895E5,3.69639E5,3.63086E5,3.58592E5,3.58933E5,3.54176E5,3.35998E5,3.16812E5,2.99658E5,2.89355E5,2.74405E5,2.85702E5,6.15807E5,7.93208E5,3.33372E5,1.70981E5,1.49784E5,1.3642E5,1.4943E5,2.02776E6,2.17927E7,2.44313E7,1.49049E7,1.88336E5,5.04601E4,3.25437E4,2.26474E4,1.90993E4,1.71694E4,1.68927E4,1.15742E4,9903.75101,9152.99335,7848.44384,7551.42548,6748.52045,6468.22626,6113.83794,5536.57955
366,6.86878E5,4.87127E5,4.06815E5,3.93949E5,3.67096E5,3.76021E5,3.86979E5,3.66349E5,3.76894E5,3.74247E5,3.61346E5,3.38444E5,3.20665E5,3.09616E5,2.98705E5,2.94765E5,4.77104E5,8.29924E5,4.87254E5,2.02278E5,1.62073E5,1.42897E5,1.38079E5,2.27561E5,1.32505E7,2.44545E7,2.25146E7,2.3984E6,7.10582E4,3.80906E4,2.41686E4,2.08707E4,1.71115E4,1.7243E4,1.29229E4,1.09881E4,9217.40672,8295.76195,7082.28077,6899.90282,6925.42521,5885.39423,5563.50342
368,7.45497E5,5.52562E5,4.65053E5,4.2057E5,3.96068E5,3.95795E5,3.97392E5,3.85814E5,3.93636E5,3.89424E5,3.70095E5,3.47873E5,3.39704E5,3.30138E5,3.15441E5,3.1072E5,3.8361E5,7.72425E5,6.46543E5,2.51594E5,1.77453E5,1.5011E5,1.3848E5,1.60113E5,4.44746E6,2.40944E7,2.37467E7,9.90516E6,1.12846E5,4.71767E4,2.87951E4,2.1772E4,1.87623E4,1.78785E4,1.42597E4,1.1362E4,9449.51689,8263.49464,7766.55241,6508.30095,7813.72635,6360.97225,6013.66381
370,7.61167E5,5.83333E5,4.76733E5,4.33101E5,4.13659E5,4.05178E5,4.15361E5,4.14555E5,4.12814E5,4.02539E5,3.9073E5,3.72002E5,3.574E5,3.52849E5,3.38394E5,3.24476E5,3.39612E5,6.55914E5,7.83443E5,3.46813E5,1.97757E5,1.64025E5,1.43373E5,1.46177E5,4.955E5,1.93316E7,2.33917E7,1.91248E7,7.36966E5,6.23311E4,3.25189E4,2.43785E4,1.92005E4,1.74909E4,1.56022E4,1.36609E4,1.06328E4,8638.86136,8133.97129,6608.35763,6839.39632,6429.37171,5936.10935
372,7.76419E5,6.2127E5,5.18208E5,4.49084E5,4.49858E5,4.29287E5,4.37992E5,4.34006E5,4.29165E5,4.21571E5,4.08517E5,3.92276E5,3.75969E5,3.68521E5,3.54996E5,3.43358E5,3.38125E5,5.19839E5,8.39517E5,4.80837E5,2.24565E5,1.73967E5,1.54264E5,1.41036E5,1.75355E5,9.74285E6,2.37868E7,2.24944E7,5.36797E6,8.8796E4,4.06054E4,2.88561E4,2.15343E4,1.77516E4,1.56949E4,1.45366E4,1.05707E4,8750.11264,8416.77943,7060.17496,7399.65096,6128.42142,6267.87417
374,8.24531E5,6.30414E5,5.34858E5,4.95508E5,4.48653E5,4.53635E5,4.48227E5,4.37526E5,4.48306E5,4.39266E5,4.35902E5,4.09845E5,3.97071E5,3.8705E5,3.76354E5,3.64198E5,3.48315E5,4.26066E5,7.90243E5,6.43062E5,2.69935E5,1.86655E5,1.61888E5,1.42799E5,1.46246E5,1.96609E6,2.25229E7,2.23746E7,1.4747E7,2.38746E5,4.8799E4,3.16366E4,2.30805E4,1.93189E4,1.56752E4,1.61415E4,1.21741E4,9457.75536,8633.61329,7597.17314,7093.62185,6608.15694,6033.86597
376,8.10154E5,6.43878E5,5.58508E5,4.95874E5,4.75411E5,4.59321E5,4.65267E5,4.6702E5,4.65002E5,4.60975E5,4.43188E5,4.31989E5,4.12207E5,4.07935E5,3.99786E5,3.89165E5,3.69159E5,3.84319E5,6.83106E5,7.67237E5,3.56051E5,2.08451E5,1.72894E5,1.49804E5,1.34171E5,2.35679E5,1.4687E7,2.22168E7,2.06543E7,2.75358E6,6.62194E4,3.73123E4,2.66617E4,2.11368E4,1.58861E4,1.65618E4,1.33906E4,1.0009E4,8953.8767,8004.24066,7576.15432,6428.57143,6133.16363
378,8.53714E5,6.52543E5,5.79361E5,5.21727E5,4.98439E5,4.82219E5,4.9677E5,4.85561E5,4.72769E5,4.73871E5,4.57296E5,4.42351E5,4.31194E5,4.27713E5,4.21113E5,4.03254E5,3.86387E5,3.79833E5,5.5942E5,8.29149E5,4.78441E5,2.36408E5,1.89094E5,1.61688E5,1.38104E5,1.65116E5,4.6156E6,2.27051E7,2.13065E7,1.08645E7,1.05627E5,4.71538E4,2.98737E4,2.18168E4,1.69526E4,1.65467E4,1.47669E4,1.05961E4,8771.7715,8203.67751,8308.60534,6974.34131,6184.41971
380,8.93006E5,6.921E5,5.96263E5,5.44123E5,5.23552E5,5.10276E5,5.14231E5,5.08984E5,4.9399E5,4.93599E5,4.80012E5,4.7131E5,4.50724E5,4.48505E5,4.34095E5,4.29425E5,4.03158E5,3.89918E5,4.58416E5,7.95297E5,6.31905E5,2.84024E5,2.06072E5,1.72717E5,1.45713E5,1.46559E5,5.23238E5,1.97199E7,2.0842E7,1.86454E7,8.67372E5,6.03058E4,3.52677E4,2.49205E4,1.83975E4,1.72951E4,1.55634E4,1.24076E4,1.03035E4,8785.09624,8082.6576,6880.53668,6683.08964
382,9.22563E5,7.5625E5,6.40991E5,5.65102E5,5.39519E5,5.23559E5,5.2664E5,5.19089E5,5.18558E5,5.06377E5,4.91337E5,4.80666E5,4.6617E5,4.66567E5,4.54475E5,4.40585E5,4.28382E5,4.05158E5,4.23025E5,6.96114E5,7.58253E5,3.58088E5,2.21071E5,1.85817E5,1.54697E5,1.41087E5,1.91581E5,1.06338E7,2.13446E7,2.04498E7,5.42747E6,9.11956E4,4.24398E4,2.88906E4,1.87751E4,1.76444E4,1.5923E4,1.39856E4,1.02932E4,8601.20099,8283.86872,6912.87879,6654.47607
384,9.51983E5,7.65756E5,6.72107E5,5.99751E5,5.66335E5,5.5478E5,5.43978E5,5.24839E5,5.2241E5,5.12084E5,5.03006E5,4.97324E5,4.8953E5,4.90128E5,4.75915E5,4.6034E5,4.43557E5,4.19373E5,4.08299E5,5.81022E5,8.21454E5,4.66811E5,2.48596E5,1.98285E5,1.64764E5,1.43298E5,1.53682E5,2.17429E6,2.06456E7,1.98764E7,1.38877E7,2.82726E5,5.50988E4,3.05966E4,2.12088E4,1.81156E4,1.58226E4,1.51523E4,1.14948E4,9100.5478,8346.4292,7176.04543,7011.12878
386,9.06262E5,7.61992E5,6.84145E5,6.11181E5,6.003E5,5.60441E5,5.55095E5,5.39627E5,5.38978E5,5.31541E5,5.30127E5,5.08127E5,4.92348E5,4.95788E5,4.86338E5,4.75741E5,4.64127E5,4.36631E5,4.16278E5,4.86426E5,7.97275E5,6.09253E5,2.88108E5,2.13189E5,1.77981E5,1.53069E5,1.44996E5,2.45329E5,1.40225E7,1.99582E7,1.87805E7,3.19189E6,7.64541E4,3.8363E4,2.41512E4,1.94294E4,1.65898E4,1.46152E4,1.31097E4,9554.53421,9134.5734,7174.84927,7281.39905
388,9.5014E5,7.9536E5,6.9647E5,6.41123E5,5.94606E5,6.0379E5,5.74225E5,5.54709E5,5.46137E5,5.4634E5,5.35374E5,5.16161E5,5.10282E5,5.11942E5,5.01607E5,4.91834E5,4.74064E5,4.51121E5,4.27751E5,4.41999E5,7.09187E5,7.19318E5,3.46862E5,2.30442E5,1.87175E5,1.59619E5,1.43182E5,1.70227E5,5.10555E6,2.05186E7,1.91466E7,1.05712E7,1.2626E5,4.78212E4,2.72371E4,2.15494E4,1.65426E4,1.4193E4,1.36261E4,1.03454E4,9321.21953,7653.89582,7555.8737
390,9.99241E5,8.22934E5,7.03783E5,6.63255E5,5.94486E5,5.99511E5,5.98102E5,5.81657E5,5.70144E5,5.60581E5,5.43802E5,5.3582E5,5.27534E5,5.21298E5,5.25764E5,5.05742E5,4.81385E5,4.68792E5,4.40494E5,4.22788E5,6.04035E5,7.90093E5,4.49624E5,2.53127E5,2.02994E5,1.71973E5,1.44981E5,1.45529E5,6.61481E5,1.76001E7,1.87117E7,1.69226E7,1.10752E6,6.36151E4,3.13293E4,2.44689E4,1.79658E4,1.46476E4,1.40088E4,1.15113E4,9564.15407,8161.85966,7465.41581
392,1.04716E6,8.44107E5,7.17478E5,6.83375E5,6.35353E5,6.27293E5,6.21657E5,5.87296E5,5.84954E5,5.61427E5,5.66979E5,5.43161E5,5.371E5,5.3299E5,5.32211E5,5.21236E5,4.99673E5,4.7849E5,4.579E5,4.28538E5,5.10373E5,7.86243E5,5.69761E5,2.8462E5,2.22174E5,1.8361E5,1.54993E5,1.41165E5,1.86472E5,9.06552E6,1.91569E7,1.7965E7,6.54404E6,9.36039E4,3.81113E4,2.70657E4,1.94432E4,1.66922E4,1.41956E4,1.33027E4,1.13051E4,7730.05079,7844.53982
394,1.0456E6,8.71225E5,7.69335E5,6.81619E5,6.4921E5,6.37653E5,6.18033E5,5.96591E5,5.83199E5,5.74164E5,5.70385E5,5.6005E5,5.48128E5,5.45004E5,5.47809E5,5.28317E5,5.18042E5,4.99022E5,4.68779E5,4.45838E5,4.61829E5,7.24919E5,6.85353E5,3.32409E5,2.34789E5,1.99588E5,1.60274E5,1.38498E5,1.50196E5,2.09217E6,1.87706E7,1.70951E7,1.43142E7,2.51324E5,4.77476E4,3.17805E4,2.24942E4,1.6161E4,1.43913E4,1.41633E4,1.23888E4,8977.44879,8541.43471
396,1.05475E6,8.81024E5,7.53326E5,7.2273E5,6.66677E5,6.64386E5,6.35546E5,6.1625E5,6.0577E5,5.97838E5,5.84376E5,5.65124E5,5.53741E5,5.59827E5,5.53082E5,5.37133E5,5.29325E5,5.05578E5,4.84517E5,4.52709E5,4.41688E5,6.25541E5,7.69574E5,4.16961E5,2.57597E5,2.0935E5,1.71818E5,1.44677E5,1.36488E5,2.44246E5,1.34435E7,1.69979E7,1.77758E7,2.84441E6,6.56908E4,3.66886E4,2.55544E4,1.79492E4,1.4475E4,1.35942E4,1.41361E4,9425.5246,8416.78588
398,1.09034E6,9.17195E5,8.2489E5,7.43715E5,7.07309E5,6.77463E5,6.69256E5,6.23635E5,6.10377E5,5.94289E5,5.99707E5,5.82873E5,5.69536E5,5.71568E5,5.70966E5,5.59976E5,5.50429E5,5.23889E5,4.95645E5,4.70078E5,4.43341E5,5.38191E5,7.82393E5,5.29721E5,2.85725E5,2.22693E5,1.85892E5,1.53233E5,1.31931E5,1.54835E5,5.06622E6,1.79941E7,1.72875E7,1.04344E7,1.03064E5,4.47338E4,2.80227E4,1.9548E4,1.52654E4,1.3434E4,1.43119E4,1.05236E4,8239.96822
400,1.08942E6,9.16994E5,8.23061E5,7.55946E5,6.95992E5,6.93908E5,6.64108E5,6.40288E5,6.29358E5,6.18193E5,6.05769E5,5.897E5,5.83585E5,5.80663E5,5.7768E5,5.71686E5,5.56303E5,5.389E5,5.10847E5,4.80503E5,4.60148E5,4.82909E5,7.36676E5,6.44076E5,3.25518E5,2.40165E5,1.9655E5,1.57756E5,1.32085E5,1.33051E5,7.23608E5,1.66372E7,1.65397E7,1.663E7,6.91608E5,5.76216E4,3.06021E4,2.03317E4,1.60779E4,1.38339E4,1.45188E4,1.14057E4,9638.93749
402,1.14772E6,9.55715E5,8.27579E5,7.65656E5,7.25837E5,7.0143E5,6.88862E5,6.60298E5,6.57187E5,6.29741E5,6.19039E5,6.0107E5,5.89758E5,5.90679E5,5.93924E5,5.75396E5,5.60459E5,5.46969E5,5.31722E5,4.98246E5,4.64933E5,4.59324E5,6.478E5,7.36807E5,3.95368E5,2.58343E5,2.10233E5,1.65698E5,1.39597E5,1.23086E5,1.64737E5,9.36291E6,1.72603E7,1.78244E7,5.08776E6,8.35764E4,3.63983E4,2.3898E4,1.81826E4,1.47373E4,1.31974E4,1.21395E4,1.03308E4
404,1.13837E6,9.83967E5,8.47077E5,8.11599E5,7.23653E5,7.01626E5,6.95578E5,6.69559E5,6.59727E5,6.41693E5,6.3088E5,6.1197E5,6.04707E5,6.04518E5,6.00044E5,5.94421E5,5.75283E5,5.62267E5,5.38235E5,5.12032E5,4.79633E5,4.56401E5,5.62433E5,7.6902E5,4.93871E5,2.81427E5,2.23603E5,1.80646E5,1.45387E5,1.21751E5,1.30056E5,2.13967E6,1.77857E7,1.71053E7,1.26338E7,1.79683E5,4.63231E4,2.73408E4,1.98161E4,1.46578E4,1.31485E4,1.24914E4,1.14917E4
406,1.1042E6,1.00377E6,8.74076E5,8.24001E5,7.5857E5,7.31564E5,7.23602E5,6.85972E5,6.75084E5,6.63135E5,6.4353E5,6.22452E5,6.13915E5,6.1752E5,6.09442E5,6.04674E5,5.90565E5,5.73374E5,5.55771E5,5.27241E5,4.95857E5,4.60651E5,5.03581E5,7.47025E5,6.0088E5,3.14415E5,2.39168E5,1.91593E5,1.50561E5,1.22417E5,1.1768E5,2.34016E5,1.36543E7,1.71626E7,1.68681E7,2.03035E6,6.02978E4,3.08587E4,2.2066E4,1.63868E4,1.43655E4,1.25118E4,1.18985E4
408,1.14353E6,9.9826E5,8.76413E5,8.33026E5,7.79195E5,7.50551E5,7.32276E5,6.98826E5,6.87215E5,6.64479E5,6.4592E5,6.35239E5,6.198E5,6.16996E5,6.1595E5,6.14225E5,5.9758E5,5.88057E5,5.69363E5,5.37214E5,5.09495E5,4.80353E5,4.64845E5,6.76189E5,7.0158E5,3.76444E5,2.54941E5,2.05045E5,1.61652E5,1.30071E5,1.12365E5,1.39153E5,5.3544E6,1.79036E7,1.7321E7,8.92779E6,9.54082E4,3.74312E4,2.48332E4,1.74163E4,1.52846E4,1.21913E4,1.29125E4
410,1.21125E6,1.00982E6,9.48846E5,8.52954E5,7.85932E5,7.70933E5,7.51388E5,7.08709E5,6.95019E5,6.7172E5,6.58986E5,6.39839E5,6.2693E5,6.28959E5,6.28483E5,6.21149E5,6.15554E5,5.94189E5,5.78347E5,5.55169E5,5.19593E5,4.92777E5,4.65922E5,5.86737E5,7.59553E5,4.65419E5,2.76208E5,2.17574E5,1.70862E5,1.38361E5,1.13682E5,1.18937E5,6.69541E5,1.56943E7,1.6927E7,1.57077E7,5.36759E5,4.67184E4,2.90671E4,1.99029E4,1.69311E4,1.20633E4,1.22386E4
412,1.15113E6,1.04471E6,9.62007E5,8.48391E5,8.2105E5,7.88457E5,7.52953E5,7.24437E5,6.97141E5,6.82738E5,6.57839E5,6.46686E5,6.31349E5,6.36378E5,6.38067E5,6.27406E5,6.25211E5,6.08152E5,5.90573E5,5.62452E5,5.38843E5,5.03452E5,4.73168E5,5.25758E5,7.52827E5,5.70841E5,3.06729E5,2.3229E5,1.81507E5,1.46421E5,1.17504E5,1.09806E5,1.62182E5,8.08815E6,1.72924E7,1.71216E7,4.45769E6,6.8857E4,3.43254E4,2.09713E4,1.6751E4,1.36696E4,1.21263E4
414,1.16235E6,1.05041E6,9.44209E5,8.56782E5,8.34883E5,8.04183E5,7.75805E5,7.50517E5,7.05409E5,6.8485E5,6.59656E5,6.47946E5,6.36028E5,6.40098E5,6.36485E5,6.32007E5,6.314E5,6.06611E5,6.03668E5,5.78059E5,5.46243E5,5.22073E5,4.81239E5,4.83816E5,6.89937E5,6.61763E5,3.54562E5,2.46824E5,1.96667E5,1.52774E5,1.26144E5,1.07737E5,1.24777E5,1.77509E6,1.70315E7,1.62897E7,1.16494E7,1.2571E5,4.16967E4,2.34323E4,1.83396E4,1.45661E4,1.2824E4
416,1.11939E6,1.09165E6,9.64273E5,8.81021E5,8.61039E5,8.1686E5,7.93803E5,7.47165E5,7.09281E5,6.89249E5,6.7237E5,6.52033E5,6.36641E5,6.39313E5,6.37483E5,6.40472E5,6.35737E5,6.24165E5,6.05009E5,5.8163E5,5.63575E5,5.28819E5,4.95539E5,4.68082E5,6.09179E5,7.24899E5,4.22686E5,2.60116E5,2.08853E5,1.64975E5,1.30054E5,1.11874E5,1.10583E5,1.90957E5,1.21029E7,1.61476E7,1.64195E7,1.46614E6,5.56448E4,2.87291E4,2.05054E4,1.52899E4,1.29488E4
418,1.24677E6,1.07752E6,9.67576E5,9.32162E5,8.7728E5,8.35206E5,8.0349E5,7.52339E5,7.38395E5,7.06493E5,6.79427E5,6.62212E5,6.53526E5,6.45465E5,6.44406E5,6.49015E5,6.31355E5,6.33297E5,6.11937E5,5.90684E5,5.71678E5,5.38855E5,5.06038E5,4.78399E5,5.37881E5,7.31089E5,5.18897E5,2.88534E5,2.18778E5,1.76776E5,1.41064E5,1.17093E5,1.0751E5,1.25656E5,4.07468E6,1.71526E7,1.67738E7,7.24276E6,8.52256E4,3.42875E4,2.38839E4,1.59191E4,1.3353E4
420,1.21573E6,1.05401E6,9.75312E5,9.43183E5,8.91338E5,8.61332E5,8.14908E5,7.76056E5,7.23127E5,7.04692E5,6.7897E5,6.55459E5,6.40303E5,6.60575E5,6.53725E5,6.46786E5,6.41056E5,6.29882E5,6.1753E5,6.02085E5,5.82389E5,5.52444E5,5.2205E5,4.89983E5,4.95648E5,6.8448E5,6.10219E5,3.23341E5,2.32252E5,1.87726E5,1.47771E5,1.21127E5,1.06547E5,1.04785E5,4.38439E5,1.56249E7,1.6162E7,1.4452E7,3.84643E5,4.52755E4,2.69617E4,1.82773E4,1.40108E4
422,1.21014E6,1.01036E6,1.00453E6,9.78696E5,9.08913E5,8.65314E5,8.40565E5,7.91636E5,7.48456E5,7.02799E5,6.85821E5,6.55799E5,6.50027E5,6.48777E5,6.5393E5,6.54997E5,6.44308E5,6.40832E5,6.27761E5,6.07093E5,5.86977E5,5.61319E5,5.26437E5,4.97233E5,4.76337E5,6.13016E5,6.7434E5,3.86316E5,2.48169E5,1.98458E5,1.57173E5,1.25963E5,1.09714E5,9.72766E4,1.32634E5,8.34727E6,1.65691E7,1.71416E7,3.61475E6,6.44435E4,3.24784E4,2.0357E4,1.58447E4
424,1.26717E6,1.07109E6,1.00821E6,9.77316E5,9.15599E5,8.83698E5,8.61125E5,7.80169E5,7.49748E5,7.18868E5,6.83434E5,6.54314E5,6.46958E5,6.45018E5,6.54535E5,6.59022E5,6.44037E5,6.34704E5,6.3028E5,6.16126E5,5.96311E5,5.66683E5,5.36244E5,5.07963E5,4.76929E5,5.37821E5,6.92347E5,4.61803E5,2.62392E5,2.06202E5,1.66089E5,1.35582E5,1.1182E5,9.57031E4,1.03888E5,1.72417E6,1.68702E7,1.69406E7,1.05624E7,1.21923E5,3.97818E4,2.25295E4,1.66044E4
426,1.22571E6,1.13198E6,1.01181E6,9.89847E5,9.12572E5,9.02922E5,8.55238E5,8.0732E5,7.44345E5,7.18891E5,6.85688E5,6.55161E5,6.57833E5,6.40682E5,6.49364E5,6.5607E5,6.50492E5,6.40951E5,6.34747E5,6.14708E5,5.95875E5,5.74945E5,5.46605E5,5.13808E5,4.77269E5,4.95062E5,6.6546E5,5.45609E5,2.95484E5,2.16433E5,1.76581E5,1.42272E5,1.17691E5,9.8307E4,9.2833E4,1.82027E5,1.28562E7,1.68555E7,1.61599E7,1.48681E6,5.48083E4,2.62157E4,1.76845E4
428,1.18883E6,1.14981E6,1.06196E6,9.66301E5,9.53868E5,9.09235E5,8.66391E5,8.07829E5,7.60371E5,7.23015E5,6.8173E5,6.58519E5,6.4752E5,6.51564E5,6.48215E5,6.50715E5,6.45965E5,6.49126E5,6.35229E5,6.22433E5,6.06602E5,5.80294E5,5.52046E5,5.24196E5,4.9503E5,4.72886E5,5.98879E5,6.1079E5,3.41232E5,2.27012E5,1.87348E5,1.48172E5,1.2233E5,1.00767E5,8.9513E4,1.19224E5,4.78079E6,1.72479E7,1.7176E7,7.2455E6,8.5075E4,3.15277E4,1.96885E4
430,1.21631E6,1.09628E6,1.04047E6,9.73388E5,9.58378E5,9.41457E5,8.79488E5,8.1597E5,7.7836E5,7.15655E5,6.83803E5,6.59929E5,6.3457E5,6.36349E5,6.43151E5,6.50738E5,6.47439E5,6.43036E5,6.36355E5,6.27208E5,6.05249E5,5.81638E5,5.53537E5,5.31579E5,5.04716E5,4.66236E5,5.36323E5,6.33488E5,4.03824E5,2.41827E5,1.92219E5,1.60815E5,1.31298E5,1.05724E5,8.86619E4,1.00261E5,5.11905E5,1.477E7,1.68774E7,1.40961E7,5.58747E5,4.27366E4,2.38345E4
432,1.21221E6,1.10332E6,1.03732E6,1.01388E6,9.5231E5,9.18734E5,8.7954E5,8.29252E5,7.57265E5,7.1301E5,6.82078E5,6.57838E5,6.41594E5,6.34604E5,6.42237E5,6.43751E5,6.4192E5,6.45654E5,6.34396E5,6.22457E5,6.07585E5,5.94748E5,5.65146E5,5.35643E5,5.05318E5,4.67922E5,4.77008E5,6.16613E5,4.79614E5,2.66499E5,2.01463E5,1.68558E5,1.36685E5,1.12605E5,9.0745E4,9.06424E4,1.31753E5,7.31556E6,1.71836E7,1.67293E7,4.50604E6,6.37593E4,2.8083E4
434,1.22316E6,1.11019E6,1.00428E6,9.89889E5,9.67645E5,9.24478E5,8.83439E5,8.25821E5,7.56829E5,7.21296E5,6.73332E5,6.55707E5,6.28219E5,6.42354E5,6.32972E5,6.4452E5,6.47683E5,6.43171E5,6.34812E5,6.22254E5,6.07564E5,5.89441E5,5.63605E5,5.41834E5,5.1166E5,4.72896E5,4.53303E5,5.70387E5,5.37553E5,3.11305E5,2.11591E5,1.75765E5,1.44117E5,1.14611E5,9.63879E4,9.05584E4,1.022E5,1.34972E6,1.65842E7,1.67462E7,1.18429E7,1.62058E5,3.61367E4
436,1.19772E6,1.08918E6,1.03755E6,9.92767E5,9.5261E5,9.11146E5,8.84177E5,8.22158E5,7.79666E5,7.11794E5,6.79025E5,6.30326E5,6.25848E5,6.25586E5,6.2618E5,6.44925E5,6.39007E5,6.38769E5,6.36144E5,6.22303E5,6.08017E5,5.96365E5,5.6938E5,5.38815E5,5.15592E5,4.78517E5,4.43815E5,5.0708E5,5.70426E5,3.60043E5,2.25305E5,1.81929E5,1.5416E5,1.23469E5,1.00821E5,9.12871E4,8.99876E4,1.61798E5,1.15755E7,1.67234E7,1.60839E7,2.10012E6,5.09259E4
438,1.19371E6,1.07122E6,1.04663E6,9.9216E5,9.70492E5,9.34034E5,8.89528E5,8.27832E5,7.63857E5,7.18829E5,6.763E5,6.46958E5,6.20513E5,6.20928E5,6.2878E5,6.36118E5,6.42289E5,6.33577E5,6.29187E5,6.25925E5,6.11663E5,5.93735E5,5.68858E5,5.50321E5,5.13294E5,4.80057E5,4.43693E5,4.58777E5,5.68875E5,4.19486E5,2.44785E5,1.89084E5,1.59474E5,1.26216E5,1.03474E5,9.51044E4,8.58966E4,1.06325E5,3.97695E6,1.67423E7,1.65983E7,8.31351E6,7.87532E4
440,1.19295E6,1.06529E6,1.04258E6,9.91811E5,9.85215E5,9.20557E5,8.91728E5,8.15222E5,7.58945E5,6.97871E5,6.74897E5,6.36784E5,6.24721E5,6.19423E5,6.22448E5,6.25956E5,6.32972E5,6.32893E5,6.3155E5,6.14074E5,6.10581E5,5.93106E5,5.67369E5,5.55364E5,5.22218E5,4.9057E5,4.43306E5,4.25024E5,5.28382E5,4.75729E5,2.69644E5,1.95912E5,1.66021E5,1.35873E5,1.12708E5,9.45849E4,8.51737E4,9.08182E4,4.42853E5,1.35227E7,1.63853E7,1.43007E7,5.77292E5
442,1.14316E6,1.12396E6,1.03689E6,9.95213E5,9.73899E5,9.22372E5,8.84413E5,8.15317E5,7.6194E5,7.00952E5,6.69474E5,6.25587E5,6.07651E5,6.11608E5,6.15673E5,6.20849E5,6.25047E5,6.20897E5,6.27503E5,6.1305E5,6.04921E5,5.90447E5,5.703E5,5.49788E5,5.25291E5,4.9514E5,4.47279E5,4.05458E5,4.75758E5,5.10662E5,3.11679E5,2.06067E5,1.68337E5,1.42603E5,1.15482E5,9.9946E4,8.55991E4,8.3455E4,1.20013E5,6.38799E6,1.66951E7,1.6315E7,4.1803E6
444,1.13371E6,1.06958E6,1.00982E6,9.71055E5,9.61816E5,9.257E5,8.9689E5,8.18918E5,7.46256E5,6.96008E5,6.55095E5,6.20236E5,6.08885E5,6.01804E5,6.08721E5,6.0878E5,6.14915E5,6.19353E5,6.13844E5,6.07264E5,6.03842E5,5.82609E5,5.65419E5,5.46876E5,5.23916E5,4.91416E5,4.44797E5,4.03488E5,4.26629E5,5.12777E5,3.62356E5,2.1734E5,1.76333E5,1.46949E5,1.20838E5,1.03961E5,8.66407E4,7.95135E4,8.98539E4,1.25478E6,1.5664E7,1.63872E7,1.07777E7
446,1.21233E6,1.06516E6,1.02162E6,9.70019E5,9.42849E5,9.20367E5,8.95135E5,8.19737E5,7.59326E5,6.99645E5,6.51663E5,6.24082E5,5.99285E5,5.9548E5,5.9621E5,5.99719E5,6.07812E5,6.09024E5,6.0397E5,6.08091E5,5.96193E5,5.78173E5,5.59221E5,5.46996E5,5.26646E5,4.90776E5,4.54406E5,4.01864E5,3.86693E5,4.83094E5,4.07547E5,2.42575E5,1.81603E5,1.51847E5,1.28332E5,1.10634E5,9.06319E4,7.75324E4,8.16058E4,1.45566E5,1.03208E7,1.64403E7,1.47081E7
448,1.13742E6,1.07895E6,1.0123E6,9.77401E5,9.5291E5,9.35796E5,8.91177E5,8.06801E5,7.52919E5,6.89509E5,6.50908E5,6.03241E5,5.88277E5,5.84141E5,5.84485E5,5.95182E5,6.09743E5,5.97909E5,6.03507E5,6.00527E5,5.8927E5,5.80111E5,5.59566E5,5.41759E5,5.15396E5,4.89675E5,4.51581E5,4.00831E5,3.67067E5,4.42026E5,4.48015E5,2.74908E5,1.8831E5,1.56738E5,1.33929E5,1.12683E5,9.38996E4,8.24441E4,7.55293E4,9.41426E4,3.59336E6,1.61892E7,1.51095E7
450,1.15583E6,1.05165E6,9.8458E5,9.70891E5,9.60357E5,9.22089E5,8.72186E5,8.1973E5,7.42872E5,6.92146E5,6.40089E5,5.99017E5,5.73624E5,5.78017E5,5.83914E5,5.78607E5,5.91616E5,5.90553E5,5.98567E5,5.91696E5,5.84246E5,5.69134E5,5.59871E5,5.39103E5,5.18985E5,4.92558E5,4.50641E5,4.05776E5,3.61031E5,3.92224E5,4.61446E5,3.13051E5,1.99175E5,1.62729E5,1.38394E5,1.17584E5,9.9096E4,8.4331E4,7.38657E4,8.09642E4,4.31988E5,1.33111E7,1.4802E7
452,1.18049E6,1.04149E6,9.87069E5,9.83587E5,9.31225E5,9.12092E5,8.75265E5,8.07775E5,7.31084E5,6.74521E5,6.26753E5,5.90647E5,5.74501E5,5.68534E5,5.71168E5,5.72606E5,5.803E5,5.84882E5,5.88364E5,5.86542E5,5.7556E5,5.64768E5,5.45488E5,5.35688E5,5.12399E5,4.89772E5,4.50672E5,4.0387E5,3.57795E5,3.61051E5,4.46003E5,3.5663E5,2.15829E5,1.64445E5,1.39768E5,1.23077E5,1.03554E5,8.70142E4,7.48129E4,7.26229E4,1.11493E5,7.14538E6,1.51282E7
454,1.11297E6,1.01065E6,9.60976E5,9.55355E5,9.267E5,9.04989E5,8.69306E5,7.89208E5,7.37901E5,6.65178E5,6.2092E5,5.81956E5,5.57454E5,5.57358E5,5.57094E5,5.62103E5,5.74433E5,5.75608E5,5.75049E5,5.68985E5,5.6594E5,5.61828E5,5.46258E5,5.28269E5,5.13817E5,4.83502E5,4.4799E5,4.02611E5,3.59011E5,3.31653E5,4.07928E5,3.94362E5,2.41968E5,1.69796E5,1.43653E5,1.26787E5,1.06022E5,8.88769E4,7.55183E4,6.98057E4,8.33173E4,1.71481E6,1.46935E7
456,1.10799E6,1.02183E6,9.6596E5,9.70827E5,9.24089E5,9.11247E5,8.73889E5,7.96953E5,7.30697E5,6.60627E5,6.058E5,5.74451E5,5.50294E5,5.46385E5,5.44899E5,5.50611E5,5.59425E5,5.63776E5,5.74982E5,5.65559E5,5.59751E5,5.48471E5,5.35313E5,5.21709E5,5.08641E5,4.80196E5,4.51868E5,4.03158E5,3.5779E5,3.1898E5,3.66176E5,4.10014E5,2.72286E5,1.77499E5,1.45983E5,1.30809E5,1.08415E5,9.13247E4,7.79751E4,6.61901E4,7.134E4,1.47257E5,1.02739E7
458,1.13457E6,9.80027E5,9.6692E5,9.2229E5,9.16814E5,8.88073E5,8.58656E5,7.78522E5,7.15905E5,6.42588E5,5.971E5,5.66034E5,5.41406E5,5.36785E5,5.36888E5,5.47531E5,5.55415E5,5.55272E5,5.62677E5,5.55051E5,5.48539E5,5.41775E5,5.2947E5,5.1713E5,4.9931E5,4.80236E5,4.50274E5,4.04879E5,3.54608E5,3.20642E5,3.28256E5,4.04796E5,3.14009E5,1.92924E5,1.49845E5,1.33864E5,1.13039E5,9.55365E4,7.82852E4,6.81441E4,6.57011E4,8.56688E4,3.61236E6
460,1.11044E6,9.98092E5,9.07736E5,9.26894E5,9.05748E5,8.82662E5,8.41494E5,7.59186E5,6.94672E5,6.45123E5,5.96172E5,5.592E5,5.27788E5,5.31017E5,5.30814E5,5.29776E5,5.37062E5,5.36873E5,5.43897E5,5.39417E5,5.37195E5,5.30919E5,5.21111E5,5.08071E5,4.93E5,4.69928E5,4.43585E5,3.95584E5,3.54905E5,3.16624E5,3.00141E5,3.78874E5,3.45137E5,2.07435E5,1.55037E5,1.36775E5,1.1717E5,9.67794E4,8.14384E4,6.83458E4,6.36522E4,7.0533E4,4.21023E5
462,1.04964E6,9.78693E5,9.20935E5,9.15769E5,8.92785E5,8.89704E5,8.39068E5,7.70376E5,7.06428E5,6.4213E5,5.90168E5,5.44124E5,5.21114E5,5.17371E5,5.1713E5,5.22135E5,5.3053E5,5.29611E5,5.31375E5,5.32476E5,5.27395E5,5.22373E5,5.09902E5,4.9854E5,4.87382E5,4.66993E5,4.3543E5,3.97091E5,3.47437E5,3.12365E5,2.87804E5,3.42175E5,3.6113E5,2.34774E5,1.60876E5,1.38106E5,1.20176E5,1.03249E5,8.28793E4,6.97245E4,6.34176E4,6.15087E4,1.00501E5
464,1.08933E6,9.90218E5,8.96169E5,8.78403E5,8.837E5,8.63642E5,8.27412E5,7.51654E5,6.93625E5,6.22125E5,5.77472E5,5.31312E5,5.07932E5,5.00515E5,4.99392E5,5.10746E5,5.14214E5,5.16218E5,5.22437E5,5.23864E5,5.20221E5,5.07458E5,5.0409E5,4.92774E5,4.798E5,4.68194E5,4.33749E5,3.91714E5,3.47718E5,3.0858E5,2.79038E5,3.00774E5,3.62467E5,2.65828E5,1.68262E5,1.38353E5,1.21309E5,1.04201E5,8.66462E4,7.03674E4,6.14922E4,5.95626E4,7.34806E4
466,1.09585E6,9.78085E5,9.34759E5,8.96711E5,8.81885E5,8.43096E5,8.13566E5,7.52193E5,6.70961E5,6.24939E5,5.57781E5,5.1733E5,4.9907E5,4.91558E5,4.91939E5,4.99078E5,5.04209E5,4.98833E5,5.09259E5,5.08967E5,5.08803E5,5.02283E5,4.94408E5,4.82035E5,4.69936E5,4.58933E5,4.2647E5,3.89359E5,3.45778E5,3.09208E5,2.75487E5,2.73167E5,3.42812E5,2.9612E5,1.83262E5,1.39346E5,1.23263E5,1.0823E5,8.73129E4,7.33557E4,6.36895E4,5.76642E4,6.38083E4
468,1.20285E6,9.37474E5,8.93675E5,8.71094E5,8.83941E5,8.51376E5,8.07653E5,7.34734E5,6.75881E5,6.09143E5,5.54242E5,5.08401E5,4.88978E5,4.76999E5,4.76238E5,4.78791E5,4.89371E5,4.87345E5,4.98777E5,4.94295E5,4.95712E5,4.85632E5,4.81678E5,4.70571E5,4.62626E5,4.41656E5,4.23165E5,3.85414E5,3.44149E5,3.06616E5,2.6939E5,2.55508E5,3.09992E5,3.17163E5,2.01523E5,1.47354E5,1.2197E5,1.09415E5,8.78618E4,7.50596E4,6.46535E4,5.66647E4,5.81042E4
470,1.50657E6,9.17978E5,8.60244E5,8.30208E5,8.24569E5,8.16869E5,7.86219E5,7.11319E5,6.41989E5,5.90635E5,5.35508E5,5.00374E5,4.79447E5,4.62816E5,4.61409E5,4.62476E5,4.70003E5,4.73204E5,4.82785E5,4.81012E5,4.769E5,4.76606E5,4.70797E5,4.58381E5,4.51594E5,4.38928E5,4.12495E5,3.71733E5,3.39899E5,3.02763E5,2.70709E5,2.45044E5,2.73846E5,3.21436E5,2.26672E5,1.50175E5,1.24375E5,1.07071E5,9.01687E4,7.71729E4,6.27954E4,5.49342E4,5.12197E4
472,2.13077E6,8.72647E5,8.23536E5,8.20507E5,8.06863E5,7.94593E5,7.50025E5,7.03434E5,6.27692E5,5.79715E5,5.2451E5,4.87063E5,4.54496E5,4.474E5,4.44088E5,4.49495E5,4.64109E5,4.63182E5,4.71138E5,4.66692E5,4.67068E5,4.60052E5,4.52889E5,4.48286E5,4.39178E5,4.27073E5,4.01097E5,3.67845E5,3.29022E5,2.96024E5,2.66999E5,2.38942E5,2.43388E5,3.09138E5,2.51403E5,1.57172E5,1.25818E5,1.07982E5,9.20108E4,7.44332E4,6.52887E4,5.22682E4,4.90909E4
474,3.27339E6,8.71782E5,7.77901E5,7.99984E5,7.76348E5,7.6925E5,7.41564E5,6.76145E5,6.08766E5,5.70791E5,5.04232E5,4.65947E5,4.4585E5,4.28386E5,4.32021E5,4.32084E5,4.43332E5,4.48326E5,4.54401E5,4.51948E5,4.49201E5,4.47682E5,4.3805E5,4.36849E5,4.28125E5,4.12859E5,3.96547E5,3.60923E5,3.25059E5,2.92249E5,2.59651E5,2.35386E5,2.23843E5,2.85178E5,2.71876E5,1.70727E5,1.25302E5,1.06929E5,9.05092E4,7.58587E4,6.36562E4,5.30496E4,4.66084E4
476,4.95329E6,8.34093E5,7.9115E5,7.88599E5,7.86068E5,7.53978E5,7.4758E5,6.57814E5,5.97692E5,5.45406E5,4.97485E5,4.49752E5,4.27674E5,4.1362E5,4.2161E5,4.24676E5,4.2486E5,4.30959E5,4.31737E5,4.37795E5,4.36196E5,4.35181E5,4.2918E5,4.21694E5,4.14156E5,4.0416E5,3.86177E5,3.49994E5,3.19767E5,2.8488E5,2.58064E5,2.33997E5,2.13911E5,2.49925E5,2.78694E5,1.91568E5,1.29731E5,1.04942E5,9.13224E4,7.71986E4,6.47156E4,5.32673E4,4.59406E4
478,6.83991E6,1.05878E6,7.6483E5,7.62114E5,7.50717E5,7.35071E5,7.04433E5,6.59856E5,5.75243E5,5.21122E5,4.83492E5,4.40977E5,4.17279E5,4.12906E5,4.09233E5,4.08658E5,4.19564E5,4.1543E5,4.21776E5,4.17192E5,4.24E5,4.20601E5,4.15965E5,4.13536E5,4.08881E5,3.94623E5,3.7838E5,3.46597E5,3.12062E5,2.80336E5,2.54472E5,2.34388E5,2.07013E5,2.21774E5,2.74355E5,2.12492E5,1.34504E5,1.06169E5,9.12141E4,7.70574E4,6.53645E4,5.4832E4,4.48903E4
480,8.83603E6,1.58154E6,7.4565E5,7.47081E5,7.31058E5,7.12749E5,6.91764E5,6.54117E5,5.79375E5,5.28017E5,4.78758E5,4.40677E5,4.12132E5,3.97262E5,4.00117E5,3.98233E5,4.00555E5,4.07399E5,4.07236E5,4.07324E5,4.10426E5,4.07155E5,4.04873E5,4.06151E5,4.0054E5,3.88133E5,3.69836E5,3.40918E5,3.09685E5,2.75498E5,2.4948E5,2.27657E5,2.0862E5,2.02609E5,2.54217E5,2.31714E5,1.45201E5,1.07088E5,9.06746E4,7.75278E4,6.53225E4,5.62968E4,4.59498E4
482,9.74901E6,2.78416E6,7.25997E5,7.24488E5,7.15412E5,7.13744E5,6.72758E5,6.26148E5,5.60617E5,5.13211E5,4.63627E5,4.15052E5,3.89981E5,3.87945E5,3.87247E5,3.85618E5,3.99079E5,3.93453E5,3.99551E5,3.97241E5,3.97294E5,3.94091E5,3.91874E5,3.91309E5,3.87496E5,3.78967E5,3.59375E5,3.32732E5,3.06452E5,2.72076E5,2.47433E5,2.25767E5,2.02913E5,1.87976E5,2.27942E5,2.43868E5,1.60846E5,1.08839E5,9.01561E4,7.80492E4,6.63061E4,5.48179E4,4.74801E4
484,9.67877E6,4.466E6,7.30928E5,7.02184E5,6.88775E5,7.02435E5,6.48578E5,6.11295E5,5.57443E5,4.99166E5,4.49422E5,4.08244E5,3.86673E5,3.79229E5,3.74149E5,3.6667E5,3.7833E5,3.82956E5,3.81374E5,3.83014E5,3.88081E5,3.88057E5,3.84739E5,3.8081E5,3.73251E5,3.64926E5,3.53522E5,3.19566E5,2.95206E5,2.68324E5,2.4343E5,2.19439E5,2.01584E5,1.80396E5,2.00392E5,2.42501E5,1.79688E5,1.14444E5,9.18027E4,7.80731E4,6.82346E4,5.61849E4,4.68735E4
486,8.47321E6,6.48361E6,7.49451E5,6.9128E5,6.89557E5,6.71156E5,6.33629E5,5.93561E5,5.39102E5,4.86148E5,4.42916E5,3.94214E5,3.72803E5,3.63501E5,3.63075E5,3.59785E5,3.63736E5,3.7279E5,3.72951E5,3.69703E5,3.76064E5,3.75376E5,3.71795E5,3.71407E5,3.70929E5,3.58933E5,3.43261E5,3.18852E5,2.87825E5,2.64203E5,2.36128E5,2.14596E5,1.98005E5,1.77977E5,1.80525E5,2.29483E5,1.95032E5,1.22412E5,9.13087E4,7.81327E4,6.75393E4,5.72302E4,4.79125E4
488,6.47358E6,9.09208E6,1.03158E6,6.72761E5,6.67187E5,6.52514E5,6.277E5,5.80904E5,5.25062E5,4.70016E5,4.19879E5,3.95462E5,3.60504E5,3.53086E5,3.5444E5,3.51984E5,3.57499E5,3.62386E5,3.64812E5,3.65274E5,3.66148E5,3.64192E5,3.5866E5,3.59744E5,3.60148E5,3.49703E5,3.31634E5,3.11157E5,2.81133E5,2.59381E5,2.33925E5,2.13106E5,1.93811E5,1.74934E5,1.65657E5,2.09997E5,2.11414E5,1.32411E5,9.21731E4,7.77179E4,6.69344E4,5.70138E4,4.8232E4
490,4.49434E6,1.10193E7,1.69624E6,6.60396E5,6.50435E5,6.36931E5,6.23952E5,5.6342E5,5.12691E5,4.68715E5,4.2244E5,3.82766E5,3.62195E5,3.50403E5,3.421E5,3.41554E5,3.46525E5,3.5058E5,3.47913E5,3.45727E5,3.53401E5,3.52719E5,3.48855E5,3.47873E5,3.47311E5,3.37409E5,3.26953E5,3.03873E5,2.78072E5,2.49609E5,2.29202E5,2.0878E5,1.91405E5,1.72928E5,1.59406E5,1.8593E5,2.16161E5,1.48234E5,9.63828E4,7.57348E4,6.77774E4,5.75009E4,5.0485E4
492,2.48064E6,1.18145E7,3.03136E6,6.24733E5,6.19223E5,6.18331E5,6.10522E5,5.67565E5,4.99899E5,4.53498E5,4.01927E5,3.6898E5,3.48702E5,3.37706E5,3.30919E5,3.28192E5,3.34292E5,3.34317E5,3.43508E5,3.40062E5,3.45076E5,3.44359E5,3.40354E5,3.39698E5,3.3572E5,3.27909E5,3.17604E5,2.9638E5,2.73593E5,2.48538E5,2.27408E5,2.06249E5,1.86584E5,1.71463E5,1.54569E5,1.66619E5,2.06774E5,1.66429E5,1.0157E5,7.74316E4,6.67568E4,5.86204E4,4.93397E4
494,1.2855E6,1.13812E7,4.85752E6,6.20464E5,6.11519E5,6.00196E5,5.85233E5,5.30862E5,4.86699E5,4.389E5,3.94778E5,3.56125E5,3.32683E5,3.23362E5,3.19635E5,3.19889E5,3.23247E5,3.24926E5,3.28153E5,3.29052E5,3.31339E5,3.3028E5,3.28023E5,3.30528E5,3.27055E5,3.25104E5,3.11327E5,2.87288E5,2.64437E5,2.43088E5,2.20496E5,2.02396E5,1.86024E5,1.68534E5,1.52325E5,1.49357E5,1.90529E5,1.79573E5,1.11989E5,7.95001E4,6.8636E4,5.64401E4,5.02785E4
496,7.76412E5,9.86867E6,7.42912E6,7.16535E5,6.04443E5,5.8689E5,5.7313E5,5.31356E5,4.70189E5,4.32335E5,3.79708E5,3.49188E5,3.24976E5,3.173E5,3.11244E5,3.12683E5,3.1552E5,3.14804E5,3.15572E5,3.1404E5,3.20793E5,3.17912E5,3.16614E5,3.16218E5,3.17264E5,3.14526E5,3.00909E5,2.82212E5,2.56848E5,2.32898E5,2.16167E5,1.99009E5,1.80655E5,1.64149E5,1.49093E5,1.40939E5,1.69743E5,1.86125E5,1.22917E5,8.23472E4,6.60356E4,5.70653E4,4.95107E4
498,6.63277E5,7.57833E6,1.0101E7,1.05522E6,5.7482E5,5.67359E5,5.58212E5,5.08594E5,4.64403E5,4.21225E5,3.76123E5,3.39013E5,3.15525E5,3.11265E5,3.0162E5,3.02959E5,3.02933E5,3.02637E5,3.05848E5,3.08805E5,3.09436E5,3.10268E5,3.09373E5,3.03638E5,3.06018E5,3.01909E5,2.94641E5,2.74146E5,2.49193E5,2.2944E5,2.10643E5,1.95491E5,1.76909E5,1.6141E5,1.45247E5,1.35995E5,1.46879E5,1.85981E5,1.35647E5,8.40855E4,6.78964E4,5.67577E4,4.87477E4
500,5.97661E5,5.07867E6,1.22342E7,1.94327E6,5.60926E5,5.46522E5,5.44005E5,4.89327E5,4.44989E5,4.04263E5,3.67294E5,3.28524E5,3.0861E5,2.97174E5,2.92622E5,2.91665E5,2.91821E5,2.93313E5,2.95889E5,2.99392E5,3.01512E5,3.01642E5,2.97968E5,3.01153E5,3.00082E5,2.9553E5,2.86083E5,2.64776E5,2.47385E5,2.25217E5,2.0848E5,1.90021E5,1.7367E5,1.55694E5,1.4435E5,1.3282E5,1.33579E5,1.74953E5,1.49806E5,9.05574E4,6.78263E4,5.69497E4,4.89034E4
502,6.07281E5,2.76607E6,1.32987E7,3.42917E6,5.43431E5,5.53449E5,5.30581E5,5.00617E5,4.35538E5,4.06647E5,3.5353E5,3.21109E5,3.01007E5,2.87132E5,2.81451E5,2.79801E5,2.83459E5,2.87964E5,2.89328E5,2.91398E5,2.90281E5,2.88554E5,2.91283E5,2.88684E5,2.88375E5,2.84492E5,2.76364E5,2.59492E5,2.39358E5,2.18012E5,1.99082E5,1.85092E5,1.69882E5,1.55022E5,1.39597E5,1.29809E5,1.23829E5,1.54995E5,1.56249E5,1.01245E5,6.84674E4,5.54503E4,4.9682E4
504,6.13268E5,1.4035E6,1.31121E7,5.61835E6,5.49375E5,5.27391E5,5.15953E5,4.74223E5,4.26952E5,3.8798E5,3.49105E5,3.12053E5,2.91323E5,2.73527E5,2.70153E5,2.74871E5,2.71088E5,2.77849E5,2.73555E5,2.78431E5,2.82154E5,2.79107E5,2.83684E5,2.78662E5,2.81988E5,2.76768E5,2.68158E5,2.54605E5,2.29194E5,2.10571E5,1.95507E5,1.79568E5,1.65855E5,1.51309E5,1.38778E5,1.28992E5,1.15432E5,1.39043E5,1.58746E5,1.09199E5,7.13587E4,5.56484E4,5.07034E4
506,5.72513E5,7.14404E5,1.15182E7,8.29622E6,6.03597E5,5.14729E5,5.02776E5,4.62333E5,4.21212E5,3.84669E5,3.31427E5,2.99915E5,2.80459E5,2.72018E5,2.67051E5,2.66375E5,2.65566E5,2.68993E5,2.65934E5,2.70007E5,2.73883E5,2.70773E5,2.7343E5,2.76099E5,2.7436E5,2.67985E5,2.61156E5,2.44845E5,2.23188E5,2.1015E5,1.91284E5,1.77478E5,1.62041E5,1.46963E5,1.35604E5,1.23709E5,1.13999E5,1.23792E5,1.52428E5,1.21069E5,7.45285E4,5.75512E4,4.98728E4
508,5.83365E5,5.66671E5,9.16619E6,1.13115E7,9.28593E5,5.01223E5,4.90715E5,4.49074E5,4.08795E5,3.58007E5,3.26553E5,2.89636E5,2.66427E5,2.59287E5,2.55297E5,2.55723E5,2.58052E5,2.55927E5,2.55742E5,2.60733E5,2.60889E5,2.64912E5,2.61003E5,2.59216E5,2.63549E5,2.58381E5,2.5284E5,2.36909E5,2.18256E5,1.99979E5,1.84002E5,1.72786E5,1.5771E5,1.44753E5,1.31622E5,1.22322E5,1.10174E5,1.09173E5,1.40984E5,1.31358E5,8.15858E4,5.74836E4,4.98808E4
510,5.87923E5,5.11875E5,6.29886E6,1.40149E7,1.74171E6,4.95356E5,4.7066E5,4.33714E5,3.95892E5,3.52789E5,3.19033E5,2.82754E5,2.61515E5,2.52207E5,2.47416E5,2.45085E5,2.46904E5,2.50507E5,2.47034E5,2.52323E5,2.48465E5,2.52956E5,2.5221E5,2.54779E5,2.53282E5,2.48033E5,2.4693E5,2.27288E5,2.13173E5,1.94002E5,1.80268E5,1.68657E5,1.53933E5,1.41115E5,1.28568E5,1.21013E5,1.0679E5,1.01703E5,1.24957E5,1.36431E5,9.15845E4,5.88808E4,4.9062E4
512,5.65465E5,4.97679E5,3.56732E6,1.54424E7,3.4155E6,4.7704E5,4.5449E5,4.18149E5,3.76476E5,3.32507E5,3.0586E5,2.71405E5,2.55974E5,2.41954E5,2.41694E5,2.35611E5,2.34822E5,2.41844E5,2.41298E5,2.38956E5,2.40453E5,2.45131E5,2.41543E5,2.45636E5,2.44137E5,2.40502E5,2.353E5,2.24736E5,2.04801E5,1.88719E5,1.7502E5,1.61397E5,1.50599E5,1.37805E5,1.24738E5,1.16811E5,1.05359E5,9.84314E4,1.114E5,1.3391E5,1.01379E5,6.2528E4,4.82674E4
514,5.96187E5,4.711E5,1.63748E6,1.53098E7,5.87666E6,4.72487E5,4.52765E5,4.17998E5,3.66186E5,3.36726E5,2.95924E5,2.63805E5,2.45757E5,2.3407E5,2.29532E5,2.26406E5,2.31094E5,2.25888E5,2.29982E5,2.28991E5,2.34997E5,2.31533E5,2.34284E5,2.33066E5,2.34609E5,2.34694E5,2.27042E5,2.14969E5,1.9754E5,1.80698E5,1.68371E5,1.58966E5,1.45036E5,1.34411E5,1.20675E5,1.13425E5,1.039E5,9.3501E4,9.7583E4,1.25572E5,1.09105E5,6.59571E4,4.9078E4
516,6.20967E5,4.61277E5,7.01688E5,1.35717E7,9.12923E6,5.51045E5,4.31713E5,3.9111E5,3.6288E5,3.27554E5,2.76854E5,2.54389E5,2.32522E5,2.27829E5,2.20278E5,2.19844E5,2.18365E5,2.22476E5,2.20667E5,2.21751E5,2.25529E5,2.24322E5,2.27926E5,2.28727E5,2.28185E5,2.25938E5,2.20964E5,2.06468E5,1.92019E5,1.76789E5,1.6434E5,1.51274E5,1.38776E5,1.29298E5,1.18623E5,1.10375E5,1.00745E5,9.32035E4,8.74887E4,1.12896E5,1.1402E5,7.32121E4,4.97378E4
518,6.51547E5,4.55714E5,4.94312E5,1.10724E7,1.30327E7,1.00452E6,4.24823E5,3.81917E5,3.42478E5,3.08764E5,2.72172E5,2.46908E5,2.26608E5,2.21061E5,2.15784E5,2.19195E5,2.16165E5,2.1475E5,2.17867E5,2.14107E5,2.17015E5,2.18106E5,2.14856E5,2.17616E5,2.19141E5,2.18703E5,2.09549E5,1.97213E5,1.85336E5,1.72697E5,1.60305E5,1.47517E5,1.38071E5,1.26213E5,1.15965E5,1.07253E5,9.73316E4,9.08271E4,8.27306E4,1.00229E5,1.17169E5,8.14174E4,5.24718E4
520,7.31578E5,4.57692E5,4.43758E5,7.76578E6,1.66164E7,2.27632E6,4.10399E5,3.7193E5,3.42777E5,2.92602E5,2.7426E5,2.44113E5,2.19203E5,2.09435E5,2.09389E5,2.0182E5,2.07381E5,2.04336E5,2.05072E5,2.05919E5,2.06697E5,2.06652E5,2.06217E5,2.09728E5,2.11982E5,2.08833E5,2.0167E5,1.93214E5,1.79347E5,1.65685E5,1.53464E5,1.43248E5,1.34032E5,1.22123E5,1.12864E5,1.03987E5,9.55658E4,8.91444E4,7.88155E4,8.68621E4,1.10665E5,8.98425E4,5.45498E4
522,7.95687E5,4.33936E5,4.1032E5,4.39556E6,1.86395E7,4.63179E6,3.98366E5,3.729E5,3.34228E5,2.86467E5,2.58149E5,2.31079E5,2.09031E5,2.01951E5,1.99966E5,1.96007E5,1.97951E5,1.97438E5,1.9607E5,1.95331E5,2.02117E5,1.99129E5,1.99601E5,2.03039E5,2.00638E5,2.00044E5,1.93485E5,1.86252E5,1.72461E5,1.59927E5,1.4891E5,1.40321E5,1.26713E5,1.17153E5,1.10802E5,1.02484E5,9.1142E4,8.31065E4,7.79901E4,7.88341E4,1.00357E5,9.59277E4,6.10696E4
524,7.79447E5,4.60104E5,3.84355E5,1.84558E6,1.85135E7,8.05026E6,3.92363E5,3.50298E5,3.1111E5,2.85384E5,2.52031E5,2.21074E5,2.08841E5,1.94003E5,1.90205E5,1.86507E5,1.9152E5,1.89254E5,1.87274E5,1.89248E5,1.93063E5,1.89996E5,1.90043E5,1.91819E5,1.93033E5,1.9162E5,1.88532E5,1.8013E5,1.66031E5,1.53017E5,1.42893E5,1.35473E5,1.23049E5,1.14463E5,1.05056E5,9.85246E4,8.8407E4,8.07824E4,7.24853E4,6.88636E4,8.87108E4,9.85527E4,6.67196E4
526,7.73493E5,4.80479E5,3.72609E5,7.27855E5,1.62929E7,1.21008E7,5.05046E5,3.46023E5,3.0519E5,2.70503E5,2.40865E5,2.17399E5,1.95411E5,1.88889E5,1.82278E5,1.83922E5,1.82175E5,1.80725E5,1.81069E5,1.82049E5,1.84595E5,1.84192E5,1.80368E5,1.85204E5,1.85498E5,1.84087E5,1.79699E5,1.71779E5,1.5559E5,1.44849E5,1.3583E5,1.2941E5,1.22332E5,1.09636E5,1.01194E5,9.53486E4,8.63669E4,8.04273E4,7.09966E4,6.47864E4,7.59629E4,9.47387E4,7.47973E4
528,7.89893E5,5.43779E5,3.77195E5,4.21243E5,1.27581E7,1.64826E7,1.06944E6,3.33941E5,2.94722E5,2.58968E5,2.35663E5,2.01796E5,1.90884E5,1.80396E5,1.78023E5,1.72641E5,1.76062E5,1.78144E5,1.75114E5,1.76335E5,1.77028E5,1.76906E5,1.76606E5,1.78537E5,1.79644E5,1.76723E5,1.71971E5,1.6327E5,1.51952E5,1.4206E5,1.32869E5,1.24676E5,1.16002E5,1.07892E5,9.77107E4,9.18549E4,8.32565E4,7.7864E4,6.94781E4,6.36083E4,6.55799E4,9.10862E4,8.11805E4
530,7.47153E5,6.12169E5,3.45332E5,4.01111E5,8.23374E6,2.01029E7,2.54992E6,3.28756E5,2.85964E5,2.52663E5,2.20427E5,2.04385E5,1.79756E5,1.75477E5,1.71496E5,1.68448E5,1.69021E5,1.67566E5,1.68891E5,1.68435E5,1.68439E5,1.68815E5,1.67004E5,1.7141E5,1.69451E5,1.69051E5,1.66887E5,1.56314E5,1.45973E5,1.35564E5,1.25565E5,1.18858E5,1.09773E5,1.03544E5,9.36013E4,8.80216E4,7.99894E4,7.35172E4,6.78687E4,6.12866E4,6.01654E4,8.13518E4,8.30036E4
532,6.297E5,6.55147E5,3.59591E5,3.6064E5,4.32742E6,2.17183E7,5.05765E6,3.18531E5,2.7288E5,2.51238E5,2.15217E5,1.94479E5,1.75183E5,1.65014E5,1.61231E5,1.60872E5,1.60648E5,1.5951E5,1.60475E5,1.58165E5,1.60288E5,1.61316E5,1.61784E5,1.59254E5,1.63639E5,1.61807E5,1.60929E5,1.49442E5,1.4081E5,1.30805E5,1.23497E5,1.13611E5,1.0771E5,9.82135E4,9.23969E4,8.52129E4,7.91042E4,7.19849E4,6.47918E4,5.94086E4,5.58808E4,6.93939E4,8.39218E4
534,5.91406E5,6.85267E5,3.63267E5,3.39516E5,1.69966E6,2.06192E7,8.82074E6,3.24065E5,2.72648E5,2.36951E5,2.09942E5,1.85804E5,1.68621E5,1.6276E5,1.55644E5,1.55991E5,1.56084E5,1.56183E5,1.54878E5,1.51244E5,1.53303E5,1.513E5,1.52671E5,1.5509E5,1.57202E5,1.53354E5,1.52236E5,1.49276E5,1.3411E5,1.2444E5,1.1783E5,1.10649E5,1.02873E5,9.49387E4,8.82036E4,8.32658E4,7.67689E4,6.95503E4,6.2207E4,5.71479E4,5.20862E4,5.90365E4,7.99364E4
536,4.63968E5,7.44103E5,4.0026E5,3.24597E5,6.31064E5,1.76616E7,1.30512E7,4.79732E5,2.57952E5,2.32978E5,2.01505E5,1.758E5,1.64562E5,1.53765E5,1.51671E5,1.49034E5,1.49811E5,1.48262E5,1.45619E5,1.44315E5,1.46745E5,1.47635E5,1.46882E5,1.4698E5,1.48001E5,1.46147E5,1.43014E5,1.38787E5,1.29571E5,1.18832E5,1.11884E5,1.06922E5,9.73854E4,9.14248E4,8.26127E4,7.83368E4,7.24193E4,6.71381E4,5.98719E4,5.64028E4,5.11825E4,5.25151E4,7.21984E4
538,4.36069E5,7.28899E5,4.33357E5,3.04795E5,3.7839E5,1.32966E7,1.74129E7,1.18601E6,2.48894E5,2.27615E5,1.90232E5,1.69852E5,1.57675E5,1.5114E5,1.4302E5,1.40649E5,1.43838E5,1.41611E5,1.40086E5,1.37027E5,1.42771E5,1.39157E5,1.41561E5,1.40804E5,1.44514E5,1.40553E5,1.39661E5,1.31527E5,1.26849E5,1.14638E5,1.05822E5,1.0271E5,9.47235E4,8.79772E4,8.33318E4,7.58618E4,6.88487E4,6.55278E4,5.97383E4,5.23994E4,4.85634E4,4.76244E4,6.18203E4
540,3.24808E5,6.77467E5,5.04905E5,3.18512E5,3.35486E5,8.48924E6,2.07768E7,2.9928E6,2.47383E5,2.16391E5,1.86705E5,1.6369E5,1.4823E5,1.44782E5,1.35512E5,1.34626E5,1.33954E5,1.35466E5,1.35191E5,1.35135E5,1.37443E5,1.33879E5,1.34269E5,1.34521E5,1.34823E5,1.34599E5,1.3345E5,1.23476E5,1.18225E5,1.09704E5,1.04241E5,9.89154E4,9.28244E4,8.30418E4,8.0252E4,7.4991E4,6.80053E4,6.25E4,5.70178E4,5.21528E4,4.8555E4,4.29862E4,5.20671E4
542,3.49067E5,6.27485E5,5.70174E5,2.86908E5,3.04883E5,4.38367E6,2.17703E7,6.00745E6,2.55873E5,2.14804E5,1.76157E5,1.59346E5,1.44306E5,1.3561E5,1.32097E5,1.29324E5,1.27302E5,1.27838E5,1.25276E5,1.29291E5,1.29413E5,1.2921E5,1.30815E5,1.2704E5,1.33229E5,1.28961E5,1.25616E5,1.2082E5,1.14669E5,1.05055E5,1.00131E5,9.3081E4,8.9343E4,8.1729E4,7.58447E4,7.19852E4,6.58777E4,6.18061E4,5.56237E4,4.99868E4,4.61465E4,4.22968E4,4.48649E4
544,3.09677E5,5.47622E5,6.33079E5,2.89486E5,2.99511E5,1.72307E6,2.03494E7,1.0281E7,2.75626E5,2.06047E5,1.70628E5,1.50544E5,1.44531E5,1.33909E5,1.28461E5,1.21764E5,1.22664E5,1.22593E5,1.22859E5,1.2194E5,1.22441E5,1.21086E5,1.26456E5,1.24085E5,1.27581E5,1.23823E5,1.2334E5,1.17124E5,1.07373E5,1.01394E5,9.66583E4,8.92655E4,8.46557E4,7.86235E4,7.2203E4,6.91027E4,6.32111E4,5.8589E4,5.31769E4,4.82342E4,4.35264E4,4.17018E4,3.93467E4
546,2.87579E5,4.81808E5,6.86769E5,3.10206E5,2.69872E5,6.06213E5,1.71758E7,1.50064E7,5.95383E5,1.96068E5,1.63614E5,1.468E5,1.34276E5,1.28154E5,1.23791E5,1.21577E5,1.19525E5,1.17723E5,1.15504E5,1.19109E5,1.1979E5,1.15857E5,1.17121E5,1.18616E5,1.21369E5,1.18508E5,1.16152E5,1.0925E5,1.04864E5,9.69145E4,9.20271E4,8.70283E4,8.01293E4,7.57953E4,7.1796E4,6.50499E4,6.09639E4,5.6804E4,5.01128E4,4.72406E4,4.27499E4,3.87822E4,3.64467E4
548,2.79232E5,3.84679E5,7.26287E5,3.46697E5,2.80267E5,3.36431E5,1.27201E7,1.99009E7,1.83254E6,2.00269E5,1.63762E5,1.37372E5,1.31347E5,1.22854E5,1.20038E5,1.14519E5,1.13784E5,1.13431E5,1.11725E5,1.12308E5,1.12167E5,1.12832E5,1.11366E5,1.12761E5,1.12857E5,1.10349E5,1.10126E5,1.06085E5,1.00695E5,9.24783E4,8.63806E4,8.27905E4,7.66529E4,7.09584E4,6.68187E4,6.39791E4,5.77352E4,5.27056E4,4.97565E4,4.39855E4,4.15301E4,3.74247E4,3.46441E4
550,2.86235E5,3.10129E5,6.91701E5,3.99347E5,2.54072E5,2.88579E5,8.03786E6,2.33583E7,4.28657E6,1.96118E5,1.58873E5,1.36717E5,1.24068E5,1.16983E5,1.11401E5,1.09273E5,1.0895E5,1.09089E5,1.07143E5,1.08402E5,1.08091E5,1.08888E5,1.08207E5,1.07185E5,1.10816E5,1.07938E5,1.05673E5,1.00261E5,9.60525E4,8.88317E4,8.25964E4,8.01641E4,7.45502E4,6.91373E4,6.58728E4,6.06159E4,5.55014E4,5.17897E4,4.65608E4,4.32936E4,3.97069E4,3.602E4,3.323E4
552,2.64956E5,2.67972E5,6.70211E5,4.61156E5,2.43049E5,2.69993E5,4.0098E6,2.41899E7,8.12329E6,1.98742E5,1.56301E5,1.28266E5,1.19029E5,1.11679E5,1.10665E5,1.03277E5,1.05677E5,1.0628E5,1.01749E5,1.02472E5,1.06231E5,1.02936E5,1.0356E5,1.03567E5,1.03611E5,1.03713E5,1.02453E5,9.60342E4,9.15283E4,8.40634E4,7.99152E4,7.52642E4,7.09275E4,6.68132E4,6.29437E4,5.8253E4,5.56452E4,5.00856E4,4.52061E4,4.10861E4,3.70916E4,3.50009E4,3.25044E4
554,3.05952E5,2.37236E5,5.71684E5,5.41911E5,2.45408E5,2.47095E5,1.51393E6,2.25989E7,1.27419E7,2.41844E5,1.53023E5,1.28415E5,1.12823E5,1.08837E5,1.0426E5,1.02937E5,1.01588E5,1.00527E5,9.5349E4,9.80784E4,9.83862E4,9.79043E4,9.68165E4,9.97068E4,1.02562E5,9.78858E4,9.67368E4,9.15421E4,8.69741E4,8.17481E4,7.65223E4,7.15944E4,6.8111E4,6.3899E4,5.84329E4,5.51634E4,5.21404E4,4.83545E4,4.32608E4,4.06714E4,3.80213E4,3.36835E4,3.11621E4
556,2.59484E5,2.03523E5,4.7348E5,6.13911E5,2.37434E5,2.39168E5,5.23276E5,1.94945E7,1.76371E7,5.51993E5,1.48084E5,1.24559E5,1.11919E5,1.03667E5,1.00416E5,9.66884E4,9.76374E4,9.60042E4,9.38845E4,9.2877E4,9.55999E4,9.10655E4,9.46254E4,9.47987E4,9.35621E4,9.48408E4,9.4254E4,8.86412E4,8.37371E4,7.86097E4,7.39065E4,6.97413E4,6.54138E4,6.13392E4,5.76807E4,5.48277E4,4.9743E4,4.74657E4,4.13575E4,3.81642E4,3.47469E4,3.29312E4,2.98728E4
558,2.4742E5,2.1407E5,3.91668E5,6.72238E5,2.79629E5,2.38218E5,2.81547E5,1.50809E7,2.23582E7,1.72695E6,1.45529E5,1.2628E5,1.0858E5,1.00341E5,9.7703E4,9.55763E4,9.38571E4,9.14554E4,9.13672E4,9.02338E4,8.98923E4,9.2625E4,9.0168E4,8.9661E4,8.97433E4,8.85537E4,8.74205E4,8.48754E4,8.04284E4,7.50777E4,6.94498E4,6.71323E4,6.36048E4,5.78372E4,5.50657E4,5.15859E4,4.8074E4,4.59411E4,4.04678E4,3.63821E4,3.29408E4,3.15282E4,2.90882E4
560,2.45068E5,1.91655E5,3.21434E5,6.90392E5,3.0668E5,2.20047E5,2.34783E5,1.00802E7,2.54538E7,4.20733E6,1.44939E5,1.23289E5,1.0305E5,9.72467E4,9.21998E4,8.78708E4,8.71902E4,8.93633E4,8.53667E4,8.29209E4,8.9112E4,8.8141E4,8.5604E4,8.696E4,8.81674E4,8.70857E4,8.5515E4,8.25062E4,7.7774E4,7.00428E4,6.65086E4,6.27949E4,5.99101E4,5.46321E4,5.2779E4,5.00987E4,4.64817E4,4.26227E4,3.91716E4,3.53959E4,3.33421E4,3.02824E4,2.78515E4
562,2.48329E5,1.99975E5,2.59282E5,6.7996E5,3.56634E5,2.11428E5,2.17567E5,5.24404E6,2.60018E7,8.1142E6,1.45271E5,1.16041E5,9.84427E4,9.20789E4,9.05704E4,8.45519E4,8.48564E4,8.35039E4,8.27456E4,8.3034E4,8.55606E4,8.22129E4,8.07976E4,8.16534E4,8.27001E4,8.29089E4,8.03714E4,7.64246E4,7.18582E4,6.73238E4,6.38244E4,6.163E4,5.67575E4,5.21609E4,5.02826E4,4.87237E4,4.37954E4,4.17575E4,3.77142E4,3.37748E4,3.19543E4,3.00516E4,2.69583E4
564,2.42847E5,1.79837E5,2.13245E5,6.28978E5,4.37843E5,2.06977E5,2.14206E5,1.98021E6,2.39976E7,1.29532E7,1.7318E5,1.1241E5,9.77627E4,8.96214E4,8.45626E4,8.26397E4,8.33135E4,7.89054E4,7.91361E4,7.76107E4,7.98661E4,7.97724E4,7.9506E4,7.7477E4,7.90994E4,7.77638E4,7.51777E4,7.40012E4,6.88994E4,6.53632E4,6.01936E4,5.6667E4,5.38887E4,5.1109E4,4.64051E4,4.58487E4,4.24291E4,3.98937E4,3.59553E4,3.42933E4,3.04853E4,2.79924E4,2.56663E4
566,2.13944E5,1.88882E5,1.83412E5,5.57466E5,5.08653E5,1.96818E5,2.05048E5,5.93344E5,2.02249E7,1.8026E7,4.15398E5,1.11238E5,9.729E4,8.56864E4,8.44776E4,8.00834E4,8.04294E4,7.65555E4,7.24713E4,7.65664E4,7.68598E4,7.51861E4,7.52283E4,7.5162E4,7.54447E4,7.50403E4,7.1409E4,7.09302E4,6.73394E4,6.25241E4,5.87678E4,5.63662E4,5.22595E4,4.95459E4,4.57698E4,4.3623E4,4.06026E4,3.84927E4,3.44006E4,3.17394E4,2.92266E4,2.64898E4,2.52047E4
568,2.36848E5,1.69878E5,1.6345E5,4.84526E5,5.91514E5,1.97798E5,1.89909E5,2.48676E5,1.49414E7,2.2984E7,1.39037E6,1.09226E5,9.03653E4,8.18531E4,7.9265E4,7.58966E4,7.63535E4,7.44621E4,7.01516E4,7.22079E4,7.35082E4,7.12427E4,7.07462E4,7.13428E4,7.13281E4,7.15519E4,6.92643E4,6.70502E4,6.44355E4,5.85154E4,5.69946E4,5.27602E4,4.9644E4,4.77821E4,4.43036E4,4.27749E4,3.99557E4,3.64374E4,3.23715E4,3.0143E4,2.76557E4,2.73135E4,2.35626E4
570,2.08096E5,1.71585E5,1.58803E5,3.91003E5,6.40339E5,2.33048E5,1.80579E5,2.14818E5,9.26583E6,2.64475E7,3.64196E6,1.10612E5,9.2674E4,7.78274E4,7.75258E4,7.44994E4,7.38544E4,7.09865E4,7.02984E4,6.93003E4,6.90116E4,6.70091E4,6.82008E4,6.676E4,6.81297E4,6.78866E4,6.80538E4,6.41375E4,6.08564E4,5.68325E4,5.30954E4,5.02645E4,4.84919E4,4.4459E4,4.15891E4,4.01585E4,3.66714E4,3.60703E4,3.13814E4,2.97536E4,2.6815E4,2.47177E4,2.22576E4
572,1.92629E5,1.6496E5,1.47996E5,3.013E5,6.54448E5,2.68657E5,1.62828E5,1.90638E5,4.55397E6,2.72701E7,7.19283E6,1.15412E5,8.75924E4,7.79973E4,7.12724E4,6.95301E4,6.951E4,6.94077E4,6.61942E4,6.33417E4,6.73824E4,6.62153E4,6.64338E4,6.50738E4,6.56849E4,6.65771E4,6.31737E4,6.0951E4,5.70948E4,5.29557E4,5.10344E4,4.89231E4,4.63319E4,4.29199E4,4.04784E4,3.72683E4,3.47225E4,3.42922E4,3.04709E4,2.82217E4,2.59153E4,2.4083E4,2.20092E4
574,2.05599E5,1.56172E5,1.33286E5,2.34734E5,6.53491E5,3.36636E5,1.6628E5,1.72211E5,1.54236E6,2.55511E7,1.18474E7,1.40303E5,8.86976E4,7.52551E4,7.07887E4,6.99906E4,6.95549E4,6.33624E4,6.34423E4,6.28778E4,6.30288E4,6.2737E4,6.22351E4,6.11606E4,6.27435E4,6.17571E4,6.09926E4,5.7906E4,5.4677E4,5.05465E4,4.88609E4,4.58699E4,4.36188E4,4.13712E4,3.80992E4,3.66763E4,3.37058E4,3.21483E4,3.02847E4,2.69662E4,2.51919E4,2.24737E4,2.12365E4
576,1.73577E5,1.5361E5,1.34656E5,1.68336E5,6.23527E5,4.06239E5,1.6044E5,1.6493E5,4.18223E5,2.15578E7,1.67424E7,4.24616E5,8.71821E4,7.35342E4,6.94107E4,6.4742E4,6.44528E4,6.12755E4,6.05593E4,6.01725E4,6.13172E4,6.09383E4,6.03688E4,5.82522E4,5.98326E4,5.99767E4,5.78423E4,5.73039E4,5.36126E4,4.81243E4,4.64945E4,4.37382E4,4.29884E4,3.86931E4,3.67081E4,3.52465E4,3.21134E4,3.06874E4,2.75334E4,2.54833E4,2.3795E4,2.23743E4,2.0388E4
578,1.69761E5,1.41341E5,1.35875E5,1.5526E5,5.50683E5,4.98715E5,1.65017E5,1.62406E5,2.05369E5,1.64361E7,2.09586E7,1.47696E6,8.43381E4,7.64733E4,6.69716E4,6.48504E4,5.98846E4,5.79487E4,5.75412E4,5.85895E4,5.83826E4,5.71724E4,5.70712E4,5.64348E4,5.89945E4,5.61083E4,5.66658E4,5.26697E4,5.04375E4,4.65395E4,4.52703E4,4.2069E4,4.09031E4,3.77045E4,3.37803E4,3.34803E4,3.14511E4,2.93079E4,2.74793E4,2.48742E4,2.3361E4,2.16519E4,1.98394E4
580,1.74308E5,1.38497E5,1.35728E5,1.37659E5,4.43054E5,5.59007E5,1.79531E5,1.58984E5,1.81849E5,1.02558E7,2.38349E7,3.95516E6,8.93331E4,7.44097E4,6.43788E4,6.27335E4,6.16593E4,5.68044E4,5.50577E4,5.33816E4,5.58887E4,5.3995E4,5.50336E4,5.52043E4,5.44084E4,5.36805E4,5.38145E4,5.13597E4,4.89226E4,4.28097E4,4.1591E4,4.03494E4,3.86677E4,3.45891E4,3.35887E4,3.26017E4,2.9961E4,2.76216E4,2.56854E4,2.42012E4,2.27737E4,2.08323E4,1.89219E4
582,1.53274E5,1.45919E5,1.24123E5,1.28093E5,3.49352E5,6.25719E5,2.178E5,1.462E5,1.63143E5,4.80983E6,2.39692E7,7.58419E6,8.89248E4,7.15001E4,6.16762E4,6.04729E4,5.81538E4,5.64081E4,5.35445E4,5.23828E4,5.2062E4,5.19953E4,5.04757E4,5.12303E4,5.22852E4,5.26087E4,5.06351E4,4.81073E4,4.52384E4,4.24534E4,4.05465E4,3.84441E4,3.67007E4,3.47546E4,3.12358E4,3.04946E4,2.81433E4,2.62888E4,2.40798E4,2.18891E4,2.05744E4,2E4,1.81182E4
584,1.7826E5,1.2315E5,1.17689E5,1.2776E5,2.72738E5,6.44001E5,2.60918E5,1.44157E5,1.58717E5,1.53595E6,2.15957E7,1.1699E7,1.19304E5,7.05255E4,6.13824E4,5.72275E4,5.47125E4,5.50143E4,5.12173E4,4.97245E4,5.10568E4,5.08538E4,5.12498E4,4.78818E4,5.05928E4,4.9551E4,4.87735E4,4.73023E4,4.42101E4,3.96936E4,3.81706E4,3.71024E4,3.45124E4,3.19143E4,2.96661E4,2.9703E4,2.61668E4,2.47657E4,2.39617E4,2.18132E4,2.00837E4,1.84362E4,1.72924E4
586,1.95111E5,1.25721E5,1.13408E5,1.16893E5,2.05727E5,6.46116E5,3.27269E5,1.44665E5,1.44506E5,3.74993E5,1.76885E7,1.56962E7,3.79573E5,6.87678E4,6.09985E4,5.24419E4,5.4174E4,5.26135E4,4.89749E4,4.82814E4,4.83809E4,4.65373E4,4.7897E4,4.73417E4,4.93951E4,4.74829E4,4.61193E4,4.55839E4,4.24324E4,3.85777E4,3.6393E4,3.44785E4,3.34051E4,3.18144E4,2.9064E4,2.85341E4,2.52149E4,2.47611E4,2.30929E4,2.08315E4,1.97681E4,1.83078E4,1.69012E4
588,1.76145E5,1.20542E5,1.16115E5,1.19221E5,1.65026E5,5.95183E5,4.09068E5,1.45068E5,1.40184E5,1.85677E5,1.27847E7,1.92735E7,1.40215E6,6.96925E4,6.05972E4,5.18351E4,5.16235E4,4.99483E4,4.66133E4,4.54531E4,4.7008E4,4.62024E4,4.40549E4,4.60415E4,4.66089E4,4.50715E4,4.53368E4,4.1637E4,4.11211E4,3.69803E4,3.5437E4,3.35568E4,3.2381E4,2.99148E4,2.82716E4,2.74347E4,2.57181E4,2.35713E4,2.0922E4,1.94395E4,1.86917E4,1.69857E4,1.54525E4
590,1.51021E5,1.31781E5,1.14996E5,1.13789E5,1.30161E5,5.30822E5,4.77488E5,1.48363E5,1.34988E5,1.61781E5,7.68692E6,2.13314E7,3.64637E6,7.36369E4,6.01518E4,5.1147E4,4.91436E4,4.87544E4,4.40512E4,4.41491E4,4.44415E4,4.48166E4,4.37605E4,4.29509E4,4.42809E4,4.21553E4,4.17102E4,4.09894E4,3.97354E4,3.49223E4,3.37065E4,3.15422E4,3.0798E4,2.83469E4,2.60111E4,2.44758E4,2.38142E4,2.26129E4,2.10255E4,1.90758E4,1.78104E4,1.62018E4,1.52409E4
592,1.5163E5,1.18164E5,1.02456E5,1.08641E5,1.19693E5,4.39741E5,5.56217E5,1.58848E5,1.32077E5,1.38817E5,3.41521E6,2.10734E7,6.95598E6,7.65609E4,5.98569E4,4.89964E4,4.72507E4,4.59485E4,4.29463E4,4.3213E4,4.34661E4,4.1545E4,4.23502E4,4.07484E4,4.32731E4,4.09749E4,3.99079E4,3.83849E4,3.69548E4,3.43509E4,3.11705E4,3.0356E4,2.82075E4,2.7277E4,2.51142E4,2.48133E4,2.24508E4,2.14807E4,1.99765E4,1.86018E4,1.68048E4,1.57396E4,1.47739E4
594,1.50102E5,1.15123E5,1.07358E5,1.04266E5,1.11567E5,3.46624E5,6.2529E5,2.06104E5,1.28229E5,1.30769E5,1.03363E6,1.89567E7,1.08773E7,1.05273E5,6.07764E4,4.92506E4,4.82626E4,4.47478E4,4.11177E4,4.28451E4,4.18143E4,3.9611E4,3.88133E4,3.86972E4,4.17394E4,3.89898E4,3.83034E4,3.74422E4,3.49132E4,3.07766E4,3.04207E4,2.96146E4,2.80135E4,2.53674E4,2.37022E4,2.2567E4,2.20035E4,2.08814E4,1.82499E4,1.75863E4,1.67685E4,1.45787E4,1.35363E4
596,1.33445E5,1.12987E5,1.05585E5,9.80849E4,1.02263E5,2.6187E5,6.35364E5,2.48202E5,1.20518E5,1.24879E5,2.5198E5,1.55386E7,1.47901E7,3.89387E5,6.07618E4,4.82425E4,4.48888E4,4.32752E4,4.0817E4,4.07291E4,4.02652E4,3.79269E4,3.81071E4,3.5974E4,3.79405E4,3.73778E4,3.69011E4,3.4457E4,3.2881E4,3.08945E4,2.92461E4,2.72392E4,2.61851E4,2.37374E4,2.3277E4,2.20094E4,2.00922E4,1.98541E4,1.78742E4,1.74965E4,1.5339E4,1.43509E4,1.38904E4
598,1.63972E5,1.01876E5,9.80923E4,1.0261E5,1.01216E5,2.02812E5,6.11627E5,3.06102E5,1.24026E5,1.18141E5,1.4017E5,1.12119E7,1.78814E7,1.48275E6,5.97698E4,4.93454E4,4.2268E4,4.26764E4,3.90505E4,3.86858E4,3.8409E4,3.69904E4,3.66318E4,3.43413E4,3.55118E4,3.61828E4,3.49017E4,3.44922E4,3.18299E4,2.95574E4,2.82326E4,2.62502E4,2.46393E4,2.35883E4,2.15048E4,2.0477E4,1.98261E4,1.82523E4,1.71969E4,1.59396E4,1.47282E4,1.37225E4,1.26162E4
600,1.4171E5,1.09029E5,1.05061E5,9.95826E4,1.08621E5,1.51326E5,5.72942E5,3.85907E5,1.24496E5,1.17388E5,1.16629E5,6.61523E6,1.94271E7,3.81375E6,6.23007E4,4.87559E4,4.30012E4,4.00036E4,3.72263E4,3.71925E4,3.71404E4,3.5127E4,3.43511E4,3.37964E4,3.48021E4,3.37479E4,3.36985E4,3.12329E4,3.02041E4,2.70137E4,2.59207E4,2.59245E4,2.44732E4,2.16919E4,2.11958E4,2.06862E4,1.89834E4,1.82048E4,1.66997E4,1.57449E4,1.42832E4,1.38664E4,1.20509E4
