,Reservoir,Site,DateTime,Depth_m,Rep,TP_ugL,TN_ugL,Flag_TP,Flag_TN,NH4_ugL,SRP_ugL,NO3NO2_ugL,Flag_NH4,Flag_SRP,Flag_NO3NO2,DOC_mgL,DIC_mgL,DC_mgL,DN_mgL,Flag_DC,Flag_DIC,Flag_DOC,Flag_DN
1,BVR,50,2019-07-18 12:00:00,6,2,12,230,3,3,NA,NA,NA,NA,NA,NA,NA,NA,NA,NA,NA,NA,NA,NA
2,BVR,1,2020-03-30 12:00:00,0.1,1,21.3,218,3,3,9,3,3,3,3,0,2.2,2.6,4.8,0.1,0,0,0,0
3,BVR,20,2020-03-30 12:00:00,0.1,1,21.5,272,3,3,NA,NA,NA,NA,NA,NA,NA,NA,NA,NA,NA,NA,NA,NA
4,BVR,20,2020-03-30 12:00:00,0.1,2,NA,NA,NA,NA,1,3,3,3,3,0,2.2,2.6,4.8,0.11,0,0,0,0
5,BVR,30,2020-03-30 12:00:00,0.1,1,22.8,277,3,3,3,3,3,3,3,0,4.3,3,7.2,0.19,0,0,0,0
6,BVR,45,2020-03-30 12:00:00,0.1,1,22.5,280,3,3,7,3,6,3,3,0,2.9,2.2,5.2,0.15,0,0,0,0
7,BVR,50,2020-03-30 12:00:00,0.1,1,21.7,251,3,3,3,6,3,3,0,0,3.4,2.6,6,0.16,0,0,0,0
8,BVR,50,2020-03-30 12:00:00,3,1,22.8,309,3,3,20,6,7,3,0,0,2.5,2.5,5,0.23,0,0,0,0
9,BVR,50,2020-03-30 12:00:00,6,1,20.6,269,3,3,3,5,3,3,0,0,1.7,2.8,4.5,0.15,0,0,0,0
10,BVR,50,2020-03-30 12:00:00,9,1,22,368,3,3,112,3,3,3,3,0,2.1,2.8,4.9,0.24,0,0,0,0
11,BVR,50,2020-03-30 12:00:00,11,1,22,475,3,0,164,8,5,3,0,0,1.5,3.1,4.6,0.29,0,0,0,0
12,BVR,100,2020-03-30 12:00:00,0.1,1,50.8,162,0,3,15,8,3,3,0,0,0.6,3.4,4,0.04,0,0,3,3
13,BVR,200,2020-03-30 12:00:00,0.1,1,24.9,278,3,3,30,3,3,3,3,0,2.5,2.4,4.9,0.13,0,0,0,0
14,BVR,50,2020-05-14 12:00:00,0.1,1,20.3,222,3,3,9,4,3,3,0,0,2.1,2.5,4.6,0.15,0,0,0,0
15,BVR,50,2020-05-14 12:00:00,1.5,1,14.6,178,3,3,35,13,5,3,3,0,1.6,2.9,4.6,0.16,0,0,0,0
16,BVR,50,2020-05-14 12:00:00,3,1,16.8,174,3,3,18,6,3,3,0,0,3.9,2.2,6.1,0.18,0,0,0,0
17,BVR,50,2020-05-14 12:00:00,6,1,15.1,161,3,3,11,5,3,3,0,0,3.8,1.5,5.3,0.14,0,0,0,0
18,BVR,50,2020-05-14 12:00:00,9,1,19,358,3,3,142,3,5,3,3,0,1.1,3.5,4.6,0.23,0,0,0,0
19,BVR,50,2020-05-14 12:00:00,11,1,18.7,640,3,0,503,21,3,3,3,0,2,3.8,5.8,0.5,0,0,0,0
20,BVR,50,2020-06-04 12:00:00,0.1,1,10.8,152,3,3,10,5,3,3,0,0,3,2.2,5.2,0.15,0,0,0,0
21,BVR,50,2020-06-04 12:00:00,3,1,13.2,197,3,3,11,5,3,3,0,0,4,1.4,5.3,0.15,0,0,0,0
22,BVR,50,2020-06-04 12:00:00,6,1,20.2,185,3,3,12,3,3,3,3,0,2,2.3,4.3,0.11,0,0,0,0
23,BVR,50,2020-06-04 12:00:00,9,1,26.6,834,3,0,623,40,3,3,0,0,4.3,2.4,6.7,0.72,0,0,0,0
24,BVR,50,2020-06-04 12:00:00,11,1,31.1,999,3,0,864,46,7,3,0,0,3.4,2.7,6,0.83,0,0,0,0
25,BVR,50,2020-06-25 12:00:00,0.1,1,15.4,233,3,3,8,5,3,3,0,0,3.7,2.2,5.9,0.17,0,0,0,0
26,BVR,50,2020-06-25 12:00:00,3,1,9.5,167,0,3,1,5,3,3,0,0,2.7,1.9,4.6,0.13,0,0,0,0
27,BVR,50,2020-06-25 12:00:00,6,1,15.1,177,3,3,8,4,3,3,0,0,2.5,2.2,4.7,0.13,0,0,0,0
28,BVR,50,2020-06-25 12:00:00,9,1,31.2,458,3,0,254,6,3,3,0,0,1.1,3.8,4.9,0.29,0,0,0,0
29,BVR,50,2020-06-25 12:00:00,11,1,47.1,1170,3,3,1160,7,5,3,0,0,1.9,4.5,6.4,1.21,0,0,0,0
30,BVR,50,2020-07-02 12:00:00,0.1,1,12.1,204,3,3,8,5,3,3,0,0,3,2,5.1,0.14,0,0,0,0
31,BVR,50,2020-07-02 12:00:00,3,1,16.6,234,3,3,17,6,3,3,0,0,3.2,1.5,4.7,0.13,0,0,0,0
32,BVR,50,2020-07-02 12:00:00,6,1,18.1,211,3,3,12,3,3,3,3,0,1.3,2.7,4.1,0.12,0,0,0,0
33,BVR,50,2020-07-02 12:00:00,9,1,27.7,511,3,0,310,6,6,3,0,0,3.7,2.1,5.9,0.41,0,0,0,0
34,BVR,50,2020-07-02 12:00:00,11,1,51.4,1020,0,3,1060,31,3,3,0,0,2.1,4.2,6.3,0.94,0,0,0,0
35,BVR,50,2020-07-09 12:00:00,0.1,1,11.2,166,3,3,14,3,3,3,3,0,3.1,2,5.1,0.14,0,0,0,0
36,BVR,50,2020-07-09 12:00:00,3,1,14.5,186,3,3,14,7,3,3,0,0,3.9,2.3,6.2,0.15,0,0,0,0
37,BVR,50,2020-07-09 12:00:00,6,1,15.5,235,3,3,13,5,3,3,0,0,1.9,2.4,4.3,0.11,0,0,0,0
38,BVR,50,2020-07-09 12:00:00,9,1,21.6,587,3,0,517,18,6,3,3,0,0.9,4.4,5.3,0.55,0,0,0,0
39,BVR,50,2020-07-09 12:00:00,11,1,78.3,1817,0,3,1520,5,3,3,0,0,2.8,4.2,7,1.36,0,0,0,0
40,BVR,50,2020-07-17 12:00:00,0.1,1,10.5,142,3,3,5,4,3,3,0,0,3.9,2.3,6.3,0.16,0,0,0,0
41,BVR,50,2020-07-17 12:00:00,3,1,14.8,189,3,3,10,6,3,3,0,0,3.1,1.5,4.6,0.12,0,0,0,0
42,BVR,50,2020-07-17 12:00:00,6,1,25.8,252,3,3,7,5,3,3,0,0,2.7,2.8,5.5,0.14,0,0,0,0
43,BVR,50,2020-07-17 12:00:00,9,1,21,221,3,3,407,11,3,3,3,0,1.2,3.7,4.9,0.38,0,0,0,0
44,BVR,50,2020-07-17 12:00:00,11,1,51.2,1370,0,3,1300,21,3,3,3,0,3.3,3.1,6.4,1.26,0,0,0,0
45,BVR,50,2020-07-23 12:00:00,0.1,1,11,205,3,3,6,4,3,3,0,0,2.4,2.5,4.9,0.13,0,0,0,0
46,BVR,50,2020-07-23 12:00:00,3,1,12.7,204,3,3,16,6,6,3,0,0,0.4,4.3,4.7,0.14,0,0,3,0
47,BVR,50,2020-07-23 12:00:00,6,1,26.7,280,3,3,3,6,3,3,0,0,1.4,3,4.3,0.1,0,0,0,0
48,BVR,50,2020-07-23 12:00:00,9,1,22.8,1186,3,3,981,38,3,0,0,0,2.2,4.3,6.4,1.02,0,0,0,0
49,BVR,50,2020-07-23 12:00:00,11,1,47.2,1658,3,3,1300,46,6,3,0,0,1.5,4.7,6.2,1.04,0,0,0,0
50,BVR,50,2020-07-30 12:00:00,0.1,1,18,571,3,0,7,6,3,3,0,0,1.8,2.8,4.6,0.12,0,0,0,0
51,BVR,50,2020-07-30 12:00:00,3,1,13.6,199,3,3,9,8,3,3,0,0,2.7,2.3,5,0.13,0,0,0,0
52,BVR,50,2020-07-30 12:00:00,6,1,15.9,173,3,3,18,6,3,3,0,0,1.6,2.8,4.4,0.13,0,0,0,0
53,BVR,50,2020-07-30 12:00:00,9,1,30,1207,3,3,856,22,3,3,3,0,3,3,6,0.85,0,0,0,0
54,BVR,50,2020-07-30 12:00:00,11,1,39.3,1558,3,3,1820,53,7,3,0,0,2.1,5.3,7.4,1.63,0,0,0,0
55,BVR,50,2020-08-06 12:00:00,0.1,1,10.7,215,3,3,3,6,3,3,0,0,2.2,2.5,4.7,0.13,0,0,0,0
56,BVR,50,2020-08-06 12:00:00,3,1,14.4,228,3,3,12,5,3,3,0,0,2.8,2.5,5.3,0.15,0,0,0,0
57,BVR,50,2020-08-06 12:00:00,6,1,42,478,3,0,18,6,3,3,0,0,1.5,3.4,4.9,0.12,0,0,0,0
58,BVR,50,2020-08-06 12:00:00,9,1,24,1650,3,3,1590,38,7,3,0,0,1.7,5.3,7,1.31,0,0,0,0
59,BVR,50,2020-08-06 12:00:00,11,1,32.5,2200,3,3,1900,50,6,3,0,0,2.5,5.2,7.7,1.8,0,0,0,0
60,BVR,50,2020-08-12 12:00:00,0.1,1,14.5,218,3,3,20,10,3,3,3,0,0.9,4.3,5.2,0.21,0,0,0,0
61,BVR,50,2020-08-12 12:00:00,3,1,15.5,293,3,3,16,8,5,3,0,0,3.1,2.7,5.8,0.21,0,0,0,0
62,BVR,50,2020-08-12 12:00:00,6,1,20.4,274,3,3,49,5,3,3,0,0,2.5,2.6,5.1,0.16,0,0,0,0
63,BVR,50,2020-08-12 12:00:00,9,1,23.4,1110,3,3,699,4,6,3,0,0,0,6.4,5.8,0.74,0,0,43,0
64,BVR,50,2020-08-12 12:00:00,11,1,34.2,2100,3,3,2360,8,7,3,0,0,1.9,5.8,7.7,2.42,0,0,0,0
65,BVR,50,2020-08-20 12:00:00,0.1,1,14.6,248,3,3,3,7,3,3,0,0,2.9,2.6,5.6,0.16,0,0,0,0
66,BVR,50,2020-08-20 12:00:00,3,1,17.2,190,3,3,8,8,3,3,0,0,3.9,1.9,5.8,0.17,0,0,0,0
67,BVR,50,2020-08-20 12:00:00,6,1,20.4,183,3,3,9,4,3,3,0,0,1.5,3.3,4.8,0.1,0,0,0,0
68,BVR,50,2020-08-20 12:00:00,9,1,30,1348,3,3,1170,41,7,3,0,0,4.3,4.3,8.6,1.47,0,0,0,0
69,BVR,50,2020-08-20 12:00:00,10,1,36.8,1760,3,3,1848,75,3,3,0,0,4.4,3.2,7.6,1.57,0,0,0,0
70,BVR,50,2020-08-26 12:00:00,0.1,1,20.3,405,3,3,11,9,5,3,0,0,2.6,2.5,5.1,0.15,0,0,0,0
71,BVR,50,2020-08-26 12:00:00,3,1,19.6,237,3,3,17,10,3,3,0,0,0.5,4.9,5.4,0.19,0,0,3,0
72,BVR,50,2020-08-26 12:00:00,6,1,27.5,205,3,3,26,5,3,3,0,0,2.1,3.1,5.1,0.16,0,0,0,0
73,BVR,50,2020-08-26 12:00:00,9,1,31.8,989,3,0,616,13,3,3,3,0,2.6,4,6.5,0.71,0,0,0,0
74,BVR,50,2020-08-26 12:00:00,11,1,28,2220,3,3,1940,32,3,3,0,0,2.6,4.3,6.9,1.715,7,7,7,7
75,BVR,50,2020-09-03 12:00:00,0.1,1,21.6,349,3,3,7,8,3,3,0,0,1.7,3.2,4.9,0.14,0,0,0,0
76,BVR,50,2020-09-03 12:00:00,3,1,22.1,332,3,3,7,7,3,3,0,0,2.2,2.9,5.1,0.16,0,0,0,0
77,BVR,50,2020-09-03 12:00:00,6,1,15.8,214,3,3,7,5,3,3,0,0,1.2,3.6,4.8,0.13,0,0,0,0
78,BVR,50,2020-09-03 12:00:00,9,1,29.3,1420,3,3,1420,63,6,3,0,0,1.6,4.9,6.5,1.27,0,0,0,0
79,BVR,50,2020-09-03 12:00:00,10,1,26.4,1872,3,3,1940,65,8,3,0,0,0.8,5.9,6.7,1.65,0,0,0,0
80,BVR,50,2020-09-16 12:00:00,0.1,1,22.9,364,3,3,6,7,3,3,0,0,3.5,2.6,6.1,0.22,0,0,0,0
81,BVR,50,2020-09-16 12:00:00,3,1,27,473,3,0,10,8,3,3,0,0,3,2.8,5.9,0.19,0,0,0,0
82,BVR,50,2020-09-16 12:00:00,6,1,21.9,224,3,3,16,8,5,3,0,0,1.9,3.7,5.6,0.23,0,0,0,0
83,BVR,50,2020-09-16 12:00:00,9,1,25.2,1830,3,3,1592,58,6,3,0,0,2.2,4.6,6.9,1.31,0,0,0,0
84,BVR,50,2020-09-16 12:00:00,11,1,23,2300,3,3,2056,40,9,3,0,0,4.8,3.7,8.5,1.92,0,0,0,0
85,BVR,50,2020-10-01 12:00:00,0.1,1,17.2,393,3,3,17,6,5,3,0,0,3.4,3,6.4,0.2,0,0,0,0
86,BVR,50,2020-10-01 12:00:00,3,1,18.3,247,3,3,17,9,5,3,0,0,3.2,2.9,6.1,0.2,0,0,0,0
87,BVR,50,2020-10-01 12:00:00,6,1,24.6,272,3,3,25,3,3,3,3,0,2.4,3,5.4,0.15,0,0,0,0
88,BVR,50,2020-10-01 12:00:00,9,1,24.5,1080,3,3,1130,6,5,3,0,0,4.3,3.3,7.7,1.18,0,0,0,0
89,BVR,50,2020-10-01 12:00:00,10,1,32.2,2856,3,3,924,10,8,0,0,0,4,5.9,9.8,2.145,7,7,7,7
90,BVR,50,2020-10-05 12:00:00,0.1,1,17.1,276,3,3,19,6,8,3,0,0,3.2,2.9,6.1,0.19,0,0,0,0
91,BVR,50,2020-10-05 12:00:00,3,1,18.6,333,3,3,14,3,7,3,3,0,4.4,2.1,6.5,0.21,0,0,0,0
92,BVR,50,2020-10-05 12:00:00,6,1,19,291,3,3,9,9,5,3,0,0,4.2,2.4,6.6,0.19,0,0,0,0
93,BVR,50,2020-10-05 12:00:00,9,1,24.6,1300,3,3,1330,5,6,3,0,0,2.9,4.5,7.4,1.19,0,0,0,0
94,BVR,50,2020-10-05 12:00:00,10,1,42,2963,3,3,1870,8,5,3,0,0,2,5.3,7.3,1.71,0,0,0,0
95,BVR,50,2020-10-14 12:00:00,0.1,1,22.2,331,3,3,9,10,3,3,0,0,3.8,2.2,6,0.15,0,0,0,0
96,BVR,50,2020-10-14 12:00:00,3,1,19.7,282,3,3,14,4,6,3,0,0,4.3,2.2,6.5,0.2,0,0,0,0
97,BVR,50,2020-10-14 12:00:00,6,1,25.7,284,3,3,56,5,3,3,0,0,3.6,2.9,6.5,0.19,0,0,0,0
98,BVR,50,2020-10-14 12:00:00,9,1,25.7,1810,3,3,1730,3,5,3,3,0,4.5,3.6,8.1,1.6,0,0,0,0
99,BVR,50,2020-10-14 12:00:00,10,1,24.2,1550,3,3,1500,4,3,3,0,0,4.2,3.5,7.7,1.35,0,0,0,0
100,BVR,50,2020-10-26 12:00:00,0.1,1,15.5,304,3,3,11,7,5,3,0,0,0.7,5,5.7,0.18,0,0,3,0
101,BVR,50,2020-10-26 12:00:00,3,1,10.9,285,3,3,15,7,3,3,0,0,2.6,3.1,5.7,0.19,0,0,0,0
102,BVR,50,2020-10-26 12:00:00,6,1,17.5,244,3,3,37,2,8,3,3,0,4,2.4,6.4,0.19,0,0,0,0
103,BVR,50,2020-10-26 12:00:00,9,1,26.8,1650,3,3,1780,7,5,3,0,0,3.2,5,8.2,1.57,0,0,0,0
104,BVR,50,2020-10-26 12:00:00,11,1,24.8,1640,3,3,1980,8,5,3,0,0,3,5.5,8.5,1.91,0,0,0,0
105,BVR,50,2020-11-10 12:00:00,0.1,1,15.6,263,3,3,26,8,5,3,0,0,1.1,3.6,4.7,0.15,0,0,0,0
106,BVR,50,2020-11-10 12:00:00,3,1,16.5,313,3,3,52,7,3,3,0,0,2.5,2.8,5.4,0.22,0,0,0,0
107,BVR,50,2020-11-10 12:00:00,6,1,13.8,295,3,3,64,6,3,3,0,0,2.2,2.1,4.3,0.15,0,0,0,0
108,BVR,50,2020-11-10 12:00:00,9,1,15.1,329,3,3,93,7,3,0,0,0,1.1,3.8,4.9,0.22,0,0,0,0
109,BVR,50,2020-11-10 12:00:00,10,1,15.1,405,3,3,126,6,3,3,0,0,1.4,2.7,4.1,0.19,0,0,0,0
110,BVR,50,2020-12-02 12:00:00,0.1,1,23.6,408,3,3,48,6,8,3,0,0,1.2,3.2,4.4,0.19,0,0,0,0
111,BVR,50,2020-12-02 12:00:00,3,1,19.6,303,3,3,52,6,9,3,0,0,2.4,2.2,4.5,0.15,0,0,0,0
112,BVR,50,2020-12-02 12:00:00,6,1,21.7,276,3,3,62,8,9,3,0,0,3.6,1.8,5.3,0.22,0,0,0,0
113,BVR,50,2020-12-02 12:00:00,9,1,21.1,311,3,3,49,8,10,3,0,0,3.5,1.6,5.1,0.2,0,0,0,0
114,BVR,50,2020-12-02 12:00:00,11,1,23.1,316,3,3,51,7,9,3,0,0,2.8,2.4,5.2,0.24,0,0,0,0
115,CCR,50,2020-07-15 12:00:00,0.1,1,9.4,309,0,3,8,6,3,3,0,0,4.7,2.5,7.2,0.15,0,0,0,0
116,CCR,50,2020-07-15 12:00:00,6,1,8,143,0,3,6,5,3,3,0,0,3.2,3.6,6.8,0.16,0,0,0,0
117,CCR,50,2020-07-15 12:00:00,9,1,11.2,154,3,3,7,6,3,3,0,0,0.5,6.1,6.6,0.11,0,0,3,0
118,CCR,50,2020-07-22 12:00:00,0.1,1,3.9,128,3,3,6,6,5,3,0,0,2,3.5,5.5,0.1,0,0,0,0
119,CCR,50,2020-07-22 12:00:00,6,1,9.7,177,0,3,12,7,3,3,0,0,4.4,2.7,7.1,0.15,0,0,0,0
120,CCR,50,2020-07-22 12:00:00,9,1,4.8,57,3,0,10,6,3,0,0,0,0.9,5.8,6.6,0.1,0,0,0,0
121,CCR,50,2020-07-22 12:00:00,21,1,38.8,455,3,0,168,7,86,3,0,0,0.9,9.6,10.5,0.34,0,0,0,0
122,CCR,50,2020-07-29 12:00:00,0.1,1,8.1,171,0,3,3,6,3,3,0,0,2.7,4.4,7.1,0.16,0,0,0,0
123,CCR,50,2020-07-29 12:00:00,6,1,14.8,233,3,3,8,6,3,3,0,0,3.5,3.6,7.1,0.14,0,0,0,0
124,CCR,50,2020-07-29 12:00:00,9,1,9.2,190,0,3,3,6,3,3,0,0,2.4,5.8,8.2,0.15,0,0,0,0
125,CCR,50,2020-07-29 12:00:00,21,1,38.9,452,3,0,115,8,3,3,0,0,1.1,9.5,10.6,0.3,0,0,0,0
126,CCR,50,2020-08-05 12:00:00,0.1,1,10.8,264,3,3,NA,NA,NA,NA,NA,NA,NA,NA,NA,NA,NA,NA,NA,NA
127,CCR,50,2020-08-05 12:00:00,6,1,14.1,208,3,3,NA,NA,NA,NA,NA,NA,NA,NA,NA,NA,NA,NA,NA,NA
128,CCR,50,2020-08-05 12:00:00,9,1,14,236,3,3,NA,NA,NA,NA,NA,NA,NA,NA,NA,NA,NA,NA,NA,NA
129,CCR,50,2020-08-05 12:00:00,20,1,34.1,436,3,0,NA,NA,NA,NA,NA,NA,NA,NA,NA,NA,NA,NA,NA,NA
130,CCR,100,2020-08-05 12:00:00,0.1,1,8.7,450,0,0,NA,NA,NA,NA,NA,NA,NA,NA,NA,NA,NA,NA,NA,NA
131,CCR,300,2020-08-05 12:00:00,0.1,1,8.2,112,0,3,NA,NA,NA,NA,NA,NA,NA,NA,NA,NA,NA,NA,NA,NA
132,CCR,400,2020-08-05 12:00:00,0.1,1,33.3,189,3,3,NA,NA,NA,NA,NA,NA,NA,NA,NA,NA,NA,NA,NA,NA
133,CCR,50,2020-08-19 12:00:00,0.1,1,15.8,249,3,3,7,6,3,3,0,0,2.5,4.3,6.8,0.17,0,0,0,0
134,CCR,50,2020-08-19 12:00:00,6,1,15.4,269,3,3,8,5,3,3,0,0,3.5,3.7,7.1,0.15,0,0,0,0
135,CCR,50,2020-08-19 12:00:00,9,1,11.7,225,3,3,12,6,84,3,0,0,1.9,7.1,8.9,0.2,0,0,0,0
136,CCR,50,2020-08-19 12:00:00,20,1,27.3,255,3,3,63,7,3,3,0,0,3,6.9,9.9,0.28,0,0,0,0
137,CCR,100,2020-08-19 12:00:00,0.1,1,5,225,3,3,6,8,3,3,0,0,1,2.1,3.1,0.13,0,0,0,0
138,CCR,300,2020-08-19 12:00:00,0.1,1,8.3,89.3,0,0,9,6,3,3,0,0,1.1,1.7,2.8,0.1,0,0,0,0
139,CCR,400,2020-08-19 12:00:00,0.1,1,20.4,201,3,3,14,7,5,3,0,0,3.4,5,8.5,0.23,0,0,0,0
140,CCR,50,2020-09-23 12:00:00,0.1,1,9,228,0,3,6,6,3,3,0,0,1.6,5.3,6.9,0.12,0,0,0,0
141,CCR,50,2020-09-23 12:00:00,6,1,9.9,207,0,3,9,7,3,3,0,0,3.5,4.2,7.7,0.18,0,0,0,0
142,CCR,50,2020-09-23 12:00:00,9,1,16.9,257,3,3,7,4,94,3,0,0,1.8,7,8.7,0.2,0,0,0,0
143,CCR,50,2020-09-23 12:00:00,20,1,65.9,451,0,0,57,7,3,3,0,0,1.8,10.3,12.1,0.34,0,0,0,0
144,FCR,30,2019-05-30 12:00:00,0.1,2,NA,NA,NA,NA,3,6,0,3,0,43,3.5,2,5.4,0.09,0,0,0,0
145,FCR,20,2019-07-18 12:00:00,0.1,2,21,305,3,3,NA,NA,NA,NA,NA,NA,NA,NA,NA,NA,NA,NA,NA,NA
146,FCR,102,2019-07-18 12:00:00,0.1,2,NA,NA,NA,NA,36,7,3,3,0,0,0,5.9,5.1,0.18,0,0,43,0
147,FCR,200,2019-07-18 12:00:00,0.1,2,59.1,170,0,3,NA,NA,NA,NA,NA,NA,NA,NA,NA,NA,NA,NA,NA,NA
148,FCR,50,2020-01-31 12:00:00,0.1,1,27,400,3,3,3,5,3,3,0,0,2.4,4.2,6.6,0.18,0,0,0,0
149,FCR,50,2020-01-31 12:00:00,1.6,1,27.6,377,3,3,4,4,3,3,3,0,4,3.4,7.4,0.17,0,0,0,0
150,FCR,50,2020-01-31 12:00:00,3.8,1,23.4,344,3,3,5,6,3,3,0,0,2.5,4,6.5,0.19,0,0,0,0
151,FCR,50,2020-01-31 12:00:00,5,1,26.9,382,3,3,10,7,3,0,0,0,3.3,4,7.3,0.19,0,0,0,0
152,FCR,50,2020-01-31 12:00:00,6.2,1,31.8,376,3,3,15,7,6,3,0,0,3.5,3.6,7.1,0.19,0,0,0,0
153,FCR,50,2020-01-31 12:00:00,8,1,26.5,376,3,3,14,8,5,3,0,0,3.5,3.7,7.1,0.2,0,0,0,0
154,FCR,50,2020-01-31 12:00:00,9,1,27.6,394,3,3,26,8,9,3,0,0,12.7,3.5,16.3,0.22,0,0,0,0
155,FCR,100,2020-01-31 12:00:00,0.1,1,16.2,45,3,0,3,9,3,3,0,0,0.6,3.3,4,0.03,0,0,3,3
156,FCR,200,2020-01-31 12:00:00,0.1,1,27.2,162,3,3,19,4,73,3,0,0,0.8,3.4,4.2,0.09,0,0,0,0
157,FCR,50,2020-02-29 12:00:00,0.1,1,28,308,3,3,11,8,7,3,0,0,3.3,3.2,6.6,0.2,0,0,0,0
158,FCR,50,2020-02-29 12:00:00,1.6,1,26.5,311,3,3,13,7,3,3,0,0,3,3.2,6.2,0.2,0,0,0,0
159,FCR,50,2020-02-29 12:00:00,3.8,1,30.8,340,3,3,4,6,3,3,0,0,2.7,3.5,6.3,0.19,0,0,0,0
160,FCR,50,2020-02-29 12:00:00,5,1,23.7,287,3,3,10,7,3,0,0,0,2.9,3.2,6.1,0.17,0,0,0,0
161,FCR,50,2020-02-29 12:00:00,6.2,1,26,306,3,3,3,6,3,3,0,0,2,3.7,5.6,0.16,0,0,0,0
162,FCR,50,2020-02-29 12:00:00,8,1,34,356,3,3,3,5,5,3,0,0,2.1,3.8,5.9,0.19,0,0,0,0
163,FCR,50,2020-02-29 12:00:00,9,1,29.4,334,3,3,7,11,3,3,3,0,2.4,3.6,6,0.17,0,0,0,0
164,FCR,100,2020-02-29 12:00:00,0.1,1,20.9,99,3,0,4,12,3,3,3,0,1,2.9,3.9,0.08,0,0,0,0
165,FCR,200,2020-02-29 12:00:00,0.1,1,42.2,266,3,3,21,4,68,3,0,0,1.3,2.8,4.1,0.13,0,0,0,0
166,FCR,100.1,2020-03-24 12:00:00,0.1,1,120,774,3,0,NA,NA,NA,NA,NA,NA,NA,NA,NA,NA,NA,NA,NA,NA
167,FCR,1,2020-03-30 12:00:00,0.1,1,39.3,388,3,3,9,10,71,3,3,0,2.2,5.9,8.1,0.2,0,0,0,0
168,FCR,20,2020-03-30 12:00:00,0.1,1,30.3,310,3,3,2,7,0,3,0,43,3.3,3.7,6.9,0.16,0,0,0,0
169,FCR,30,2020-03-30 12:00:00,0.1,1,33.6,331,3,3,4,8,3,3,0,0,3.5,3.7,7.2,0.16,0,0,0,0
170,FCR,45,2020-03-30 12:00:00,0.1,1,27.3,358,3,3,NA,NA,NA,NA,NA,NA,NA,NA,NA,NA,NA,NA,NA,NA
171,FCR,45,2020-03-30 12:00:00,0.1,2,NA,NA,NA,NA,4,7,3,3,0,0,3,3.7,6.7,0.18,0,0,0,0
172,FCR,50,2020-03-30 12:00:00,0.1,1,27.6,198,3,3,NA,NA,NA,NA,NA,NA,NA,NA,NA,NA,NA,NA,NA,NA
173,FCR,50,2020-03-30 12:00:00,0.1,2,NA,NA,NA,NA,2,8,3,3,0,0,2.8,3.6,6.4,0.14,0,0,0,0
174,FCR,50,2020-03-30 12:00:00,1.6,2,28.4,282,3,3,8,7,3,3,0,0,3.1,3.4,6.4,0.16,0,0,0,0
175,FCR,50,2020-03-30 12:00:00,1.6,1,28.4,282,3,3,NA,NA,NA,NA,NA,NA,NA,NA,NA,NA,NA,NA,NA,NA
176,FCR,50,2020-03-30 12:00:00,3.8,1,27.7,290,3,3,9,7,3,3,0,0,2.2,3.6,5.8,0.17,0,0,0,0
177,FCR,50,2020-03-30 12:00:00,3.8,2,NA,NA,NA,NA,9,6,3,3,0,0,2.7,3.4,6.1,0.15,0,0,0,0
178,FCR,50,2020-03-30 12:00:00,5,1,26.3,253,3,3,NA,NA,NA,NA,NA,NA,NA,NA,NA,NA,NA,NA,NA,NA
179,FCR,50,2020-03-30 12:00:00,5,2,NA,NA,NA,NA,8,4,3,3,0,0,2.2,3.4,5.6,0.11,0,0,0,0
180,FCR,50,2020-03-30 12:00:00,6.2,1,27.7,279,3,3,23,4,7,3,0,0,1.7,4,5.7,0.18,0,0,0,0
181,FCR,50,2020-03-30 12:00:00,6.2,2,NA,NA,NA,NA,20,5,3,3,0,0,2.3,3.5,5.9,0.18,0,0,0,0
182,FCR,50,2020-03-30 12:00:00,8,2,26.1,355.5,3,3,85,5,7,3,0,0,2.1,3.7,5.8,0.23,0,0,0,0
183,FCR,50,2020-03-30 12:00:00,8,1,26.1,355.5,3,3,88,4,8,3,0,0,1.8,4,5.8,0.21,0,0,0,0
184,FCR,50,2020-03-30 12:00:00,9,1,29.4,457,3,0,179,5,3,3,0,0,1.8,4.1,6,0.25,0,0,0,0
185,FCR,99,2020-03-30 12:00:00,0.1,1,24.3,125,3,3,NA,NA,NA,NA,NA,NA,NA,NA,NA,NA,NA,NA,NA,NA
186,FCR,99,2020-03-30 12:00:00,0.1,2,NA,NA,NA,NA,7,9,3,3,0,0,0.8,3.7,4.4,0,0,0,0,3
187,FCR,100,2020-03-30 12:00:00,0.1,1,37.2,190,3,3,8,12,3,3,3,0,1,3.4,4.5,0.03,0,0,0,3
188,FCR,101,2020-03-30 12:00:00,0.1,1,30.4,158,3,3,4,13,3,3,3,0,0.7,3.5,4.2,0.02,0,0,3,3
189,FCR,102,2020-03-30 12:00:00,0.1,1,42.1,273,3,3,NA,NA,NA,NA,NA,NA,0,6,5.4,0.09,0,0,43,0
190,FCR,102,2020-03-30 12:00:00,0.1,2,NA,NA,NA,NA,48,9,3,3,0,0,0.4,5.8,6.2,0.21,0,0,3,0
191,FCR,200,2020-03-30 12:00:00,0.1,1,88.4,357,0,3,21,7,61,3,0,0,1.4,4.1,5.4,0.13,0,0,0,0
192,FCR,50,2020-04-04 12:00:00,1.6,1,31.9,401,3,3,8,7,3,3,0,0,3.1,3.6,6.7,0.19,0,0,0,0
193,FCR,50,2020-04-04 12:00:00,9,1,23.9,333,3,3,103,3,6,3,3,0,3.2,3.5,6.7,0.25,0,0,0,0
194,FCR,50,2020-04-10 12:00:00,1.6,1,30.9,309,3,3,8,8,0,3,0,43,3.5,3.3,6.8,0.15,0,0,0,0
195,FCR,50,2020-04-10 12:00:00,4.5,1,27.8,285,3,3,6,5,3,3,0,0,1.9,3.8,5.8,0.17,0,0,0,0
196,FCR,50,2020-04-13 12:00:00,1.6,1,62.7,423,0,3,16,4,3,3,0,0,3.7,3.1,6.8,0.21,7,7,7,7
197,FCR,50,2020-04-13 12:00:00,5,1,43.9,322,3,3,3,4,7,3,0,0,2.7,3.5,6.2,0.1,0,0,0,0
198,FCR,50,2020-04-13 12:00:00,9,1,36.1,257,3,3,60,3,5,3,3,0,2.5,3.5,6,0.19,0,0,0,0
199,FCR,50,2020-04-20 12:00:00,1.6,1,31.4,315,3,3,7,7,3,3,0,0,2.6,3.3,5.9,0.14,0,0,0,0
200,FCR,50,2020-04-20 12:00:00,4.5,1,22.3,218,3,3,21,4,3,3,0,0,3.2,2.3,5.5,0.17,0,0,0,0
201,FCR,50,2020-04-20 12:00:00,9,1,26.7,382,3,3,176,4,6,3,0,0,2.8,4,6.8,0.32,0,0,0,0
202,FCR,100.1,2020-04-20 12:00:00,0.1,1,105.1,592,3,0,NA,NA,NA,NA,NA,NA,NA,NA,NA,NA,NA,NA,NA,NA
203,FCR,50,2020-04-27 12:00:00,0.1,1,23.1,222,3,3,9,4,3,3,3,0,2.6,2.9,5.6,0.12,0,0,0,0
204,FCR,50,2020-04-27 12:00:00,1.6,1,27.4,225,3,3,2,6,3,3,0,0,2.8,3.1,6,0.12,0,0,0,0
205,FCR,50,2020-04-27 12:00:00,3.8,1,21.8,210,3,3,22,8,3,3,0,0,3.4,2.1,5.5,0.14,0,0,0,0
206,FCR,50,2020-04-27 12:00:00,5,1,18.4,166,3,3,14,1,3,3,3,0,2.6,3.3,5.8,0.13,0,0,0,0
207,FCR,50,2020-04-27 12:00:00,6.2,1,32.7,341,3,3,96,3,3,0,3,0,4.8,2.4,7.3,0.24,0,0,0,0
208,FCR,50,2020-04-27 12:00:00,8,1,19.8,263,3,3,80,5,5,3,0,0,2,3.6,5.6,0.21,0,0,0,0
209,FCR,50,2020-04-27 12:00:00,9,1,22.6,370,3,3,139,4,3,3,0,0,1.7,4,5.7,0.16,0,0,0,0
210,FCR,50,2020-05-04 12:00:00,1.6,1,21.1,203,3,3,6,5,3,3,0,0,2.1,3.2,5.3,0.13,0,0,0,0
211,FCR,50,2020-05-04 12:00:00,5,1,22.1,190,3,3,5,4,3,3,0,0,2.1,3.9,5.9,0.14,0,0,0,0
212,FCR,50,2020-05-04 12:00:00,9,1,27.5,400,3,3,204,4,6,3,0,0,4.7,4.3,9,0.32,0,0,0,0
213,FCR,50,2020-05-11 12:00:00,1.6,1,17.2,113,3,3,9,5,0,3,0,43,2.1,3.3,5.3,0.13,0,0,0,0
214,FCR,50,2020-05-11 12:00:00,1.6,2,NA,NA,NA,NA,11,5,3,3,0,0,1.8,3.2,5,0.07,0,0,0,0
215,FCR,50,2020-05-11 12:00:00,5,1,33.6,327,3,3,7,4,3,3,0,0,1.8,3.5,5.3,0.05,0,0,0,3
216,FCR,50,2020-05-11 12:00:00,9,1,31.9,486,3,0,NA,NA,NA,NA,NA,NA,NA,NA,NA,NA,NA,NA,NA,NA
217,FCR,50,2020-05-11 12:00:00,9,2,NA,NA,NA,NA,276,2,3,3,3,0,3.7,3.7,7.4,0.41,0,0,0,0
218,FCR,100.1,2020-05-11 12:00:00,0.1,1,97.6,590,0,0,NA,NA,NA,NA,NA,NA,NA,NA,NA,NA,NA,NA,NA,NA
219,FCR,50,2020-05-18 12:00:00,1.6,1,18.3,180,3,3,20,5,5,3,0,0,2.5,3.1,5.6,0.11,0,0,0,0
220,FCR,50,2020-05-18 12:00:00,5,1,36.5,263,3,3,3,4,0,3,0,43,2.3,3.7,6,0.12,0,0,0,0
221,FCR,50,2020-05-18 12:00:00,9,1,24.9,289,3,3,141,4,3,3,0,0,1.9,4.3,6.3,0.22,0,0,0,0
222,FCR,50,2020-05-25 12:00:00,1.6,1,31.1,283,3,3,13,7,6,3,0,0,2.3,2.6,4.9,0.15,0,0,0,0
223,FCR,50,2020-05-25 12:00:00,5,1,29.6,222,3,3,7,5,8,3,0,0,1.8,3.5,5.3,0.12,0,0,0,0
224,FCR,50,2020-05-25 12:00:00,9,1,42.8,349,3,3,182,4,0,3,0,43,2.1,4.5,6.6,0.27,0,0,0,0
225,FCR,100,2020-05-25 12:00:00,0.1,1,33.2,243,3,3,2,7,3,3,0,0,1.8,2.3,4.1,0.09,0,0,0,0
226,FCR,100.1,2020-05-25 12:00:00,0.1,1,97.4,569,0,0,NA,NA,NA,NA,NA,NA,NA,NA,NA,NA,NA,NA,NA,NA
227,FCR,200,2020-05-25 12:00:00,0.1,1,72.2,361,0,3,NA,NA,NA,NA,NA,NA,NA,NA,NA,NA,NA,NA,NA,NA
228,FCR,50,2020-06-03 12:00:00,1.6,1,25.2,176,3,3,9,7,3,3,0,0,1.6,2.9,4.5,0.04,0,0,0,3
229,FCR,50,2020-06-03 12:00:00,5,1,37.1,218,3,3,7,4,8,3,0,0,2.6,3.6,6.2,0.13,0,0,0,0
230,FCR,50,2020-06-03 12:00:00,9,1,52,547,0,0,228,6,6,3,0,0,3.1,3.3,6.4,0.32,0,0,0,0
231,FCR,50,2020-06-08 12:00:00,1.6,1,26.3,224,3,3,10,0,3,0,43,0,2,3.1,5.2,0.12,0,0,0,0
232,FCR,50,2020-06-08 12:00:00,5,1,31.5,215,3,3,9,3,3,3,3,0,3.2,3.6,6.8,0.13,0,0,0,0
233,FCR,50,2020-06-08 12:00:00,9,1,52.2,464,0,0,268,4,0,3,0,43,2.9,4.1,7,0.36,0,0,0,0
234,FCR,100,2020-06-08 12:00:00,0.1,1,28.8,210,3,3,7,6,3,3,0,0,1.6,2.4,4,0.11,0,0,0,0
235,FCR,100.1,2020-06-08 12:00:00,0.1,1,71.2,381,0,3,NA,NA,NA,NA,NA,NA,NA,NA,NA,NA,NA,NA,NA,NA
236,FCR,50,2020-06-12 12:00:00,0.1,1,24.4,190,3,3,8,8,6,3,0,0,1.7,3,4.6,0.11,0,0,0,0
237,FCR,50,2020-06-12 12:00:00,1.6,1,19.9,180,3,3,6,8,5,3,0,0,2.2,3.1,5.3,0.13,0,0,0,0
238,FCR,50,2020-06-12 12:00:00,3.8,1,19.2,80,3,0,9,7,6,3,0,0,2.6,2.6,5.2,0.14,0,0,0,0
239,FCR,50,2020-06-12 12:00:00,5,1,51.2,237,0,3,17,3,3,3,3,0,2.6,3.8,6.4,0.12,0,0,0,0
240,FCR,50,2020-06-12 12:00:00,6.2,1,37.9,308,3,3,16,4,3,3,3,0,0,6.3,5.9,0.11,0,0,43,0
241,FCR,50,2020-06-12 12:00:00,8,1,47.1,360,3,3,155,4,5,3,0,0,0,8,6.1,0.24,0,0,43,0
242,FCR,50,2020-06-12 12:00:00,9,1,56.1,514,0,0,366,7,3,3,0,0,3.7,4.4,8.1,0.45,0,0,0,0
243,FCR,50,2020-06-22 12:00:00,0.1,1,21.9,172,3,3,10,6,3,3,0,0,1.7,2.8,4.5,0.05,0,0,0,3
244,FCR,50,2020-06-22 12:00:00,1.6,1,26.7,225,3,3,3,4,3,3,0,0,2,2.8,4.8,0.1,0,0,0,0
245,FCR,50,2020-06-22 12:00:00,3.8,1,50.8,279,0,3,1,11,3,3,3,0,2.5,3.1,5.6,0.16,0,0,0,0
246,FCR,50,2020-06-22 12:00:00,5,1,29.7,186,3,3,15,4,3,3,0,0,2.9,4.3,7.2,0.14,0,0,0,0
247,FCR,50,2020-06-22 12:00:00,6.2,1,37,242,3,3,18,6,5,3,0,0,3.3,2.9,6.1,0.11,0,0,0,0
248,FCR,50,2020-06-22 12:00:00,8,1,53.3,319,0,3,136,7,3,3,0,0,3,4.5,7.5,0.24,0,0,0,0
249,FCR,50,2020-06-22 12:00:00,9,1,74.7,553,0,0,413,2,8,3,3,0,3.3,4.8,8.1,0.49,0,0,0,0
250,FCR,100,2020-06-22 12:00:00,0.1,1,30.4,213,3,3,5,5,3,3,0,0,2.4,2.2,4.6,0.11,0,0,0,0
251,FCR,100.1,2020-06-22 12:00:00,0.1,1,98.4,508,0,0,NA,NA,NA,NA,NA,NA,NA,NA,NA,NA,NA,NA,NA,NA
252,FCR,200,2020-06-22 12:00:00,0.1,1,61.2,322,0,3,14,7,3,3,0,0,1,3.5,4.5,0.15,0,0,0,0
253,FCR,50,2020-06-29 12:00:00,0.1,1,19.3,157,3,3,19,6,10,3,0,0,2,2.8,4.8,0.09,0,0,0,0
254,FCR,50,2020-06-29 12:00:00,1.6,1,21.3,178,3,3,4,5,3,3,0,0,2.2,2.8,5,0.09,0,0,0,0
255,FCR,50,2020-06-29 12:00:00,3.8,1,55.4,296,0,3,8,7,3,3,0,0,2.3,3.4,5.7,0.17,0,0,0,0
256,FCR,50,2020-06-29 12:00:00,5,1,37.9,300,3,3,10,4,6,3,0,0,3.8,3.3,7.1,0.13,0,0,0,0
257,FCR,50,2020-06-29 12:00:00,6.2,1,32.6,278,3,3,8,5,3,3,0,0,3,2.9,5.9,0.12,0,0,0,0
258,FCR,50,2020-06-29 12:00:00,8,1,56.4,359,0,3,126,7,3,3,0,0,3.2,4,7.2,0.35,0,0,0,0
259,FCR,50,2020-06-29 12:00:00,9,1,77.6,528,0,0,324,7,3,3,0,0,3.3,4.9,8.2,0.43,0,0,0,0
260,FCR,50,2020-07-06 12:00:00,0.1,1,17.5,140,3,3,8,4,3,3,3,0,2.3,3,5.3,0.16,0,0,0,0
261,FCR,50,2020-07-06 12:00:00,1.6,1,18.3,136,3,3,11,4,3,3,0,0,2.5,2.8,5.2,0.16,0,0,0,0
262,FCR,50,2020-07-06 12:00:00,3.8,1,28.5,248,3,3,12,5,3,3,0,0,2.1,3.5,5.6,0.16,0,0,0,0
263,FCR,50,2020-07-06 12:00:00,5,1,46.6,287,3,3,8,6,3,3,0,0,1.7,4.4,6.1,0.09,0,0,0,0
264,FCR,50,2020-07-06 12:00:00,6.2,1,25.2,231,3,3,21,6,3,3,0,0,3,4.5,7.5,0.17,0,0,0,0
265,FCR,50,2020-07-06 12:00:00,8,1,21.6,178,3,3,35,3,6,3,3,0,2.4,4.6,7.1,0.21,0,0,0,0
266,FCR,50,2020-07-06 12:00:00,9,1,26.4,256,3,3,32,5,3,3,0,0,1.5,5,6.5,0.18,0,0,0,0
267,FCR,100,2020-07-06 12:00:00,0.1,1,25.8,182,3,3,4,9,3,3,0,0,2.1,2.3,4.4,0.11,0,0,0,0
268,FCR,100.1,2020-07-06 12:00:00,0.1,1,25.7,204.5,3,3,NA,NA,NA,NA,NA,NA,NA,NA,NA,NA,NA,NA,NA,NA
269,FCR,100.1,2020-07-06 12:00:00,0.1,2,25.7,204.5,3,3,NA,NA,NA,NA,NA,NA,NA,NA,NA,NA,NA,NA,NA,NA
270,FCR,200,2020-07-06 12:00:00,0.1,1,55.1,206,0,3,18,8,69,3,0,0,1.6,3.6,5.2,0.15,0,0,0,0
271,FCR,50,2020-07-13 12:00:00,0.1,1,17.5,177,3,3,3,5,3,3,0,0,2.2,3.1,5.3,0.1,0,0,0,0
272,FCR,50,2020-07-13 12:00:00,1.6,1,19.5,184,3,3,11,5,3,3,0,0,2.8,3.5,6.2,0.2,0,0,0,0
273,FCR,50,2020-07-13 12:00:00,3.8,1,26.4,271,3,3,13,7,3,3,0,0,4.4,3,7.4,0.22,0,0,0,0
274,FCR,50,2020-07-13 12:00:00,5,1,59.7,524,0,0,2,4,3,3,0,0,2.3,5.1,7.3,0.15,0,0,0,0
275,FCR,50,2020-07-13 12:00:00,6.2,1,29.7,292,3,3,7,4,3,3,0,0,1.7,4.8,6.6,0.17,0,0,0,0
276,FCR,50,2020-07-13 12:00:00,8,1,26.1,247,3,3,13,4,3,3,0,0,4.3,3,7.4,0.18,0,0,0,0
277,FCR,50,2020-07-13 12:00:00,9,1,27.3,256,3,3,9,5,3,3,0,0,1.9,5,6.9,0.12,0,0,0,0
278,FCR,50,2020-07-20 12:00:00,0.1,1,18,291,3,3,15,6,3,3,0,0,2.7,2.7,5.4,0.19,0,0,0,0
279,FCR,50,2020-07-20 12:00:00,1.6,1,24.9,453,3,0,14,10,5,3,0,0,2.8,3.1,5.9,0.21,0,0,0,0
280,FCR,50,2020-07-20 12:00:00,3.8,1,36.6,365,3,3,6,7,3,3,0,0,4,3.6,7.6,0.19,0,0,0,0
281,FCR,50,2020-07-20 12:00:00,5,1,34.8,292,3,3,NA,NA,NA,NA,NA,NA,NA,NA,NA,NA,NA,NA,NA,NA
282,FCR,50,2020-07-20 12:00:00,6.2,1,27.2,278,3,3,9,5,3,3,0,0,2.3,3.8,6.2,0.13,0,0,0,0
283,FCR,50,2020-07-20 12:00:00,8,1,29.3,235,3,3,NA,NA,NA,NA,NA,NA,NA,NA,NA,NA,NA,NA,NA,NA
284,FCR,50,2020-07-20 12:00:00,9,1,27.7,202,3,3,7,4,0,3,3,43,1.7,5,6.7,0.12,0,0,0,0
285,FCR,100,2020-07-20 12:00:00,0.1,1,27.8,284,3,3,7,7,3,3,0,0,2.3,2.5,4.7,0.14,0,0,0,0
286,FCR,100.1,2020-07-20 12:00:00,0.1,1,76.2,521.5,0,0,NA,NA,NA,NA,NA,NA,NA,NA,NA,NA,NA,NA,NA,NA
287,FCR,100.1,2020-07-20 12:00:00,0.1,2,76.2,521.5,0,0,NA,NA,NA,NA,NA,NA,NA,NA,NA,NA,NA,NA,NA,NA
288,FCR,200,2020-07-20 12:00:00,0.1,1,53.8,181,0,3,18,10,3,3,0,0,1.1,4.5,5.5,0.11,0,0,0,0
289,FCR,50,2020-07-27 12:00:00,0.1,1,20.1,674,3,0,11,6,3,3,0,0,3.8,3,6.8,0.36,0,0,0,0
290,FCR,50,2020-07-27 12:00:00,1.6,1,24.9,615,3,0,15,12,5,3,3,0,3.6,2.8,6.3,0.31,0,0,0,0
291,FCR,50,2020-07-27 12:00:00,3.8,1,31.2,462,3,0,34,7,3,3,0,0,2.8,2.9,5.7,0.18,0,0,0,0
292,FCR,50,2020-07-27 12:00:00,5,1,29.7,275,3,3,19,4,5,3,0,0,2.2,4.5,6.6,0.13,0,0,0,0
293,FCR,50,2020-07-27 12:00:00,6.2,1,22.8,146,3,3,22,5,7,3,0,0,1.3,5.4,6.7,0.14,0,0,0,0
294,FCR,50,2020-07-27 12:00:00,8,1,30.9,277,3,3,21,6,6,3,0,0,1.6,4.9,6.5,0.14,0,0,0,0
295,FCR,50,2020-07-27 12:00:00,9,1,24.9,260,3,3,28,6,3,3,0,0,2.4,5.3,7.7,0.22,0,0,0,0
296,FCR,50,2020-08-03 12:00:00,0.1,1,31.5,964,3,0,11,13,3,3,3,0,1.8,4.5,6.3,0.33,0,0,0,0
297,FCR,50,2020-08-03 12:00:00,1.6,1,30.9,419,3,3,19,8,3,3,0,0,3,3.2,6.2,0.25,0,0,0,0
298,FCR,50,2020-08-03 12:00:00,3.8,1,24,243,3,3,84,2,3,3,3,0,2.1,3.7,5.8,0.19,0,0,0,0
299,FCR,50,2020-08-03 12:00:00,5,1,34.9,347,3,3,63,4,3,3,3,0,2.1,4.6,6.7,0.25,0,0,0,0
300,FCR,50,2020-08-03 12:00:00,6.2,1,21.9,207,3,3,59,2,4,3,3,0,2.1,4.7,6.7,0.13,0,0,0,0
301,FCR,50,2020-08-03 12:00:00,8,1,22.8,279,3,3,NA,NA,NA,NA,NA,NA,NA,NA,NA,NA,NA,NA,NA,NA
302,FCR,100,2020-08-07 12:00:00,0.1,1,NA,NA,NA,NA,10,10,3,0,0,0,1,3,4,0.16,0,0,0,0
303,FCR,200,2020-08-07 12:00:00,0.1,1,52.1,176,0,3,27,7,44,3,0,0,1.4,5,6.3,0.09,0,0,0,0
304,FCR,50,2020-08-10 12:00:00,0.1,1,27.5,683,3,0,8,9,3,3,0,0,3.1,3.1,6.2,0.28,0,0,0,0
305,FCR,50,2020-08-10 12:00:00,1.6,1,35.5,783,3,0,14,9,3,3,0,0,3.3,3.1,6.4,0.31,0,0,0,0
306,FCR,50,2020-08-10 12:00:00,3.8,1,34.2,332,3,3,72,5,3,3,0,0,3,3,6,0.21,0,0,0,0
307,FCR,50,2020-08-10 12:00:00,5,1,37.8,463,3,0,94,5,7,0,0,0,2.3,4,6.3,0.2,0,0,0,0
308,FCR,50,2020-08-10 12:00:00,6.2,1,38.1,367,3,3,120,2,6,3,3,0,2.5,4.5,7,0.24,0,0,0,0
309,FCR,50,2020-08-10 12:00:00,8,1,30.8,413,3,3,126,5,3,3,0,0,2.5,4.7,7.2,0.23,0,0,0,0
310,FCR,50,2020-08-10 12:00:00,9,1,33.7,397,3,3,121,2,3,3,3,0,2.2,5.1,7.3,0.21,0,0,0,0
311,FCR,100,2020-08-10 12:00:00,0.1,1,24.2,276,3,3,NA,NA,NA,NA,NA,NA,NA,NA,NA,NA,NA,NA,NA,NA
312,FCR,100.1,2020-08-10 12:00:00,0.1,1,184.9,921,3,0,NA,NA,NA,NA,NA,NA,NA,NA,NA,NA,NA,NA,NA,NA
313,FCR,100.1,2020-08-10 12:00:00,0.1,2,184.9,921,3,0,NA,NA,NA,NA,NA,NA,NA,NA,NA,NA,NA,NA,NA,NA
314,FCR,50,2020-08-17 12:00:00,0.1,1,31.4,705,3,0,10,11,5,3,3,0,4.1,2.4,6.5,0.22,0,0,0,0
315,FCR,50,2020-08-17 12:00:00,1.6,1,31.8,754,3,0,11,7,3,3,0,0,3.4,3.4,6.8,0.33,0,0,0,0
316,FCR,50,2020-08-17 12:00:00,3.8,1,46.8,586,3,0,118,5,6,3,0,0,2.3,4.1,6.4,0.21,0,0,0,0
317,FCR,50,2020-08-17 12:00:00,5,1,54,713,0,0,115,4,5,3,0,0,2.4,3.9,6.4,0.2,0,0,0,0
318,FCR,50,2020-08-17 12:00:00,6.2,1,32.9,440,3,0,179,2,9,3,3,0,0,10.3,6.8,0.29,0,0,43,0
319,FCR,50,2020-08-17 12:00:00,8,1,33.6,406,3,3,240,10,6,3,3,0,1.2,6.2,7.4,0.45,0,0,0,0
320,FCR,50,2020-08-17 12:00:00,9,1,39.1,526,3,0,231,4,6,3,0,0,3.2,4.1,7.3,0.3,0,0,0,0
321,FCR,50,2020-08-24 12:00:00,0.1,1,26.1,459,3,0,12,9,5,3,0,0,3.3,3.2,6.5,0.22,0,0,0,0
322,FCR,50,2020-08-24 12:00:00,1.6,1,31.2,557,3,0,11,8,3,3,0,0,2.9,3.2,6.1,0.19,0,0,0,0
323,FCR,50,2020-08-24 12:00:00,3.8,1,45.5,455,3,0,57,5,8,3,0,0,2.3,4.5,6.9,0.22,0,0,0,0
324,FCR,50,2020-08-24 12:00:00,5,1,38,472,3,0,296,4,6,3,0,0,2.6,5.9,8.5,0.42,0,0,0,0
325,FCR,50,2020-08-24 12:00:00,6.2,1,45.4,485,3,0,320,4,5,3,0,0,2.7,5.4,8.1,0.47,0,0,0,0
326,FCR,50,2020-08-24 12:00:00,8,1,32.8,458,3,0,318,6,8,3,0,0,2,5.4,7.4,0.42,0,0,0,0
327,FCR,50,2020-08-24 12:00:00,9,1,34.4,484,3,0,351,5,3,3,0,0,0.4,6.1,6.5,0.43,0,0,3,0
328,FCR,100,2020-08-24 12:00:00,0.1,1,36.6,550,3,0,3,16,3,3,3,0,0.3,3.3,3.6,0.14,0,0,3,0
329,FCR,50,2020-09-02 12:00:00,0.1,1,34.8,518,3,0,12,11,3,3,3,0,4.7,1.8,6.5,0.24,0,0,0,0
330,FCR,50,2020-09-02 12:00:00,1.6,1,42.6,610,3,0,38,8,5,3,0,0,5.3,2,7.4,0.28,0,0,0,0
331,FCR,50,2020-09-02 12:00:00,3.8,1,51.8,427,0,3,29,8,3,3,0,0,2,4.3,6.3,0.19,0,0,0,0
332,FCR,50,2020-09-02 12:00:00,5,1,34,523,3,0,310,3,3,3,3,0,0.8,5.6,6.3,0.36,0,0,0,0
333,FCR,50,2020-09-02 12:00:00,6.2,1,29.6,562,3,0,414,6,3,3,0,0,0,6.5,5.5,0.41,0,0,43,0
334,FCR,50,2020-09-02 12:00:00,8,1,34.1,685,3,0,488,9,3,3,0,0,0,6.8,6,0.48,0,0,43,0
335,FCR,50,2020-09-02 12:00:00,9,1,30.2,580,3,0,456,7,3,3,0,0,1,5.7,6.7,0.47,0,0,0,0
336,FCR,100,2020-09-02 12:00:00,0.1,1,42.1,332,3,3,8,18,78,3,3,0,1,3.3,4.3,0.14,0,0,0,0
337,FCR,100.1,2020-09-02 12:00:00,0.1,1,133,929,3,0,NA,NA,NA,NA,NA,NA,NA,NA,NA,NA,NA,NA,NA,NA
338,FCR,100.1,2020-09-02 12:00:00,0.1,2,133,929,3,0,NA,NA,NA,NA,NA,NA,NA,NA,NA,NA,NA,NA,NA,NA
339,FCR,200,2020-09-02 12:00:00,0.1,1,283.6,772,3,0,40,7,3,3,0,0,1.9,4.8,6.8,0.17,0,0,0,0
340,FCR,50,2020-09-11 12:00:00,0.1,1,42.7,967,3,0,11,13,3,3,3,0,2.8,2.7,5.5,0.23,0,0,0,0
341,FCR,50,2020-09-11 12:00:00,1.6,1,33.8,802,3,0,18,11,3,3,3,0,3.3,3.4,6.7,0.28,0,0,0,0
342,FCR,50,2020-09-11 12:00:00,3.8,1,43,440,3,0,43,7,7,3,0,0,0.5,5.5,6,0.19,0,0,3,0
343,FCR,50,2020-09-11 12:00:00,5,1,57.2,703,0,0,508,4,5,3,3,0,0.9,5.7,6.6,0.55,0,0,0,0
344,FCR,50,2020-09-11 12:00:00,6.2,1,29.4,672,3,0,538,9,7,3,0,0,1.8,5.8,7.5,0.76,0,0,0,0
345,FCR,50,2020-09-11 12:00:00,8,1,37.7,762,3,0,629,7,6,3,0,0,1.4,6.1,7.5,0.71,0,0,0,0
346,FCR,50,2020-09-11 12:00:00,9,1,22.7,724,3,0,520,7,6,3,0,0,1.8,5.9,7.7,0.53,0,0,0,0
347,FCR,50,2020-09-15 12:00:00,0.1,1,34,1140,3,3,5,13,3,3,3,0,7.3,2.4,9.7,0.42,0,0,0,0
348,FCR,50,2020-09-15 12:00:00,1.6,1,38.6,1097,3,3,8,18,3,3,3,0,3.9,2.4,6.3,0.28,0,0,0,0
349,FCR,50,2020-09-15 12:00:00,3.8,1,47.2,635,3,0,101,9,3,3,0,0,2.8,3.4,6.2,0.25,0,0,0,0
350,FCR,50,2020-09-15 12:00:00,5,1,42,794,3,0,452,7,5,3,0,0,2.8,3.9,6.8,0.46,0,0,0,0
351,FCR,50,2020-09-15 12:00:00,6.2,1,34.8,896,3,0,516,9,3,3,0,0,2.2,4.5,6.7,0.55,0,0,0,0
352,FCR,50,2020-09-15 12:00:00,8,1,51.3,1006,0,3,733,4,5,3,0,0,1.7,5.9,7.5,0.77,0,0,0,0
353,FCR,50,2020-09-15 12:00:00,9,1,73.4,1258,0,3,906,1,7,0,3,0,2,6.2,8.2,0.7,0,0,0,0
354,FCR,100,2020-09-15 12:00:00,0.1,1,34.6,267,3,3,15,18,3,3,3,0,1,3.5,4.6,0.22,0,0,0,0
355,FCR,100.1,2020-09-15 12:00:00,0.1,1,72.8,606.5,0,0,NA,NA,NA,NA,NA,NA,NA,NA,NA,NA,NA,NA,NA,NA
356,FCR,100.1,2020-09-15 12:00:00,0.1,2,72.8,606.5,0,0,NA,NA,NA,NA,NA,NA,NA,NA,NA,NA,NA,NA,NA,NA
357,FCR,50,2020-09-21 12:00:00,0.1,1,33.8,830,3,0,12,11,3,3,3,0,1.9,3.1,5.1,0.18,0,0,0,0
358,FCR,50,2020-09-21 12:00:00,1.6,1,34,859,3,0,15,9,3,3,0,0,5.1,2.7,7.9,0.27,0,0,0,0
359,FCR,50,2020-09-21 12:00:00,3.8,1,37.3,680,3,0,109,3,3,3,3,0,4.2,3.5,7.7,0.26,0,0,0,0
360,FCR,50,2020-09-21 12:00:00,5,1,44.4,742,3,0,278,6,3,3,0,0,0.8,4.1,4.9,0.26,0,0,0,0
361,FCR,50,2020-09-21 12:00:00,6.2,1,33.7,748,3,0,594,8,3,3,0,0,0,7,6.2,0.52,0,0,43,0
362,FCR,50,2020-09-21 12:00:00,8,1,53.1,994,0,0,795,9,7,3,0,0,2.2,4.4,6.6,0.67,0,0,0,0
363,FCR,50,2020-09-21 12:00:00,9,1,66.2,1770,0,3,1460,13,3,3,3,0,1.9,6.6,8.5,1.34,0,0,0,0
364,FCR,50,2020-09-30 12:00:00,0.1,1,64.7,0,0,43,20,8,5,3,0,0,0.9,6,6.9,0.21,0,0,0,0
365,FCR,50,2020-09-30 12:00:00,1.6,1,33.2,847,3,0,18,9,5,3,0,0,3.6,3.8,7.4,0.24,0,0,0,0
366,FCR,50,2020-09-30 12:00:00,3.8,1,43.1,763,3,0,67,5,4,3,0,0,0.2,6.8,7,0.22,0,0,3,0
367,FCR,50,2020-09-30 12:00:00,5,1,39.2,826,3,0,336,1,6,3,3,0,2.4,5,7.4,0.42,0,0,0,0
368,FCR,50,2020-09-30 12:00:00,6.2,1,34.3,763,3,0,773,3,6,3,3,0,0.5,6.3,6.8,0.76,0,0,3,0
369,FCR,50,2020-09-30 12:00:00,8,1,27.8,944,3,0,700,6,6,3,0,0,0,8,7.1,0.73,0,0,43,0
370,FCR,50,2020-09-30 12:00:00,9,1,25.3,1020,3,3,844,4,3,3,0,0,0.8,7.3,7.7,0.905,7,7,74,7
371,FCR,100,2020-09-30 12:00:00,0.1,1,34.3,185,3,3,5,13,3,3,3,0,1.9,3.1,5,0.09,0,0,0,0
372,FCR,100.1,2020-09-30 12:00:00,0.1,1,144,962,3,0,NA,NA,NA,NA,NA,NA,NA,NA,NA,NA,NA,NA,NA,NA
373,FCR,100.1,2020-10-05 12:00:00,0.1,1,140,922,3,0,NA,NA,NA,NA,NA,NA,NA,NA,NA,NA,NA,NA,NA,NA
374,FCR,200,2020-10-05 12:00:00,0.1,1,24.8,109,3,3,8,18,3,3,3,0,0.8,4.1,4.9,0.09,0,0,0,0
375,FCR,50,2020-10-06 12:00:00,0.1,1,28.4,813,3,0,12,12,5,3,3,0,4.5,3.5,8.1,0.28,0,0,0,0
376,FCR,50,2020-10-06 12:00:00,1.6,1,31.9,917,3,0,9,8,3,3,0,0,3.8,3.8,7.6,0.23,0,0,0,0
377,FCR,50,2020-10-06 12:00:00,3.8,1,27.3,616,3,0,40,6,5,3,0,0,0.9,6.1,7,0.22,0,0,0,0
378,FCR,50,2020-10-06 12:00:00,5,1,38.8,914,3,0,788,3,3,3,3,0,1.6,6,7.6,0.25,0,0,0,0
379,FCR,50,2020-10-06 12:00:00,6.2,1,29.5,1100,3,3,968,3,5,0,3,0,3.4,4.8,8.2,0.94,0,0,0,0
380,FCR,50,2020-10-06 12:00:00,8,1,31,1010,3,3,943,5,6,0,0,0,1.5,6.1,7.6,0.91,0,0,0,0
381,FCR,50,2020-10-06 12:00:00,9,1,37,1424,3,3,1000,3,8,3,3,0,3.5,4.7,8.2,0.99,0,0,0,0
382,FCR,50,2020-10-13 12:00:00,0.1,1,33.3,1080,3,3,9,11,6,3,3,0,6.1,2.7,8.8,0.32,0,0,0,0
383,FCR,50,2020-10-13 12:00:00,1.6,1,39.6,1110,3,3,7,14,3,3,3,0,4.7,2.9,7.6,0.29,0,0,0,0
384,FCR,50,2020-10-13 12:00:00,3.8,1,27,692,3,0,14,9,3,3,0,0,5.2,2.9,8.1,0.25,0,0,0,0
385,FCR,50,2020-10-13 12:00:00,5,1,30.1,844,3,0,354,3,9,3,3,0,4.5,3.7,8.2,0.49,0,0,0,0
386,FCR,50,2020-10-13 12:00:00,6.2,1,41.3,986,3,0,867,7,6,3,0,0,4.1,4.6,8.7,0.91,0,0,0,0
387,FCR,50,2020-10-13 12:00:00,8,1,42.5,1200,3,3,1060,6,3,3,0,0,0,7.6,6.7,0.98,0,0,43,0
388,FCR,50,2020-10-13 12:00:00,9,1,34.8,1250,3,3,1100,4,5,3,0,0,0.6,6.8,7.4,1.14,0,0,3,0
389,FCR,50,2020-10-19 12:00:00,0.1,1,37.1,806,3,0,71,11,5,3,3,0,4.5,2.9,7.4,0.32,0,0,0,0
390,FCR,50,2020-10-19 12:00:00,1.6,1,34.5,734,3,0,62,8,3,3,0,0,3.7,3,6.7,0.28,0,0,0,0
391,FCR,50,2020-10-19 12:00:00,3.8,1,29.7,722,3,0,74,6,5,3,0,0,3.9,3.9,7.8,0.3,0,0,0,0
392,FCR,50,2020-10-19 12:00:00,5,1,31.3,687,3,0,536,6,5,3,0,0,0.3,6.6,6.9,0.52,0,0,3,0
393,FCR,50,2020-10-19 12:00:00,6.2,1,32.3,1180,3,3,861,6,5,3,0,0,3.6,4.8,8.4,0.89,0,0,0,0
394,FCR,50,2020-10-19 12:00:00,8,1,33.4,1280,3,3,1050,2,3,3,3,0,2.4,6.3,8.7,1.13,0,0,0,0
395,FCR,50,2020-10-19 12:00:00,9,1,31.1,1370,3,3,1140,6,9,3,0,0,1.2,6.4,7.6,1.05,0,0,0,0
396,FCR,100,2020-10-19 12:00:00,0.1,1,24.1,46.2,3,0,8,18,3,3,3,0,0.4,3,3.5,0.05,0,0,3,3
397,FCR,50,2020-10-28 12:00:00,0.1,1,38.1,605,3,0,18,10,5,3,0,0,3,4.2,7.2,0.28,0,0,0,0
398,FCR,50,2020-10-28 12:00:00,1.6,1,44.1,621,3,0,6,12,3,3,3,0,3.7,3.8,7.5,0.25,0,0,0,0
399,FCR,50,2020-10-28 12:00:00,3.8,1,26.4,489,3,0,4,8,3,3,0,0,3.7,4.1,7.7,0.25,0,0,0,0
400,FCR,50,2020-10-28 12:00:00,5,1,29.1,704,3,0,348,4,4,3,3,0,3,4.7,7.7,0.51,0,0,0,0
401,FCR,50,2020-10-28 12:00:00,6.2,1,22.5,1310,3,3,1080,5,8,3,0,0,4,4.9,8.9,1.13,0,0,0,0
402,FCR,50,2020-10-28 12:00:00,8,1,19.3,1360,3,3,1310,4,8,3,0,0,3.8,5.2,9,1.23,0,0,0,0
403,FCR,50,2020-10-28 12:00:00,9,1,22.5,1568,3,3,1350,3,7,3,3,0,1.6,7.3,8.9,1.3,0,0,0,0
404,FCR,50,2020-11-02 12:00:00,0.1,1,36,831,3,0,409,6,6,3,0,0,2.6,4.8,7.3,0.51,0,0,0,0
405,FCR,50,2020-11-02 12:00:00,1.6,1,39.5,822,3,0,418,6,5,3,0,0,0.1,7.4,7.5,0.56,0,0,3,0
406,FCR,50,2020-11-02 12:00:00,3.8,1,38.7,775,3,0,359,6,6,3,0,0,4.4,3.8,8.2,0.51,0,0,0,0
407,FCR,50,2020-11-02 12:00:00,5,1,36.3,649,3,0,337,8,7,3,0,0,2.6,4.8,7.4,0.34,0,0,0,0
408,FCR,50,2020-11-02 12:00:00,6.2,1,39,792,3,0,336,6,6,3,0,0,0.2,7.2,7.4,0.46,0,0,3,0
409,FCR,50,2020-11-02 12:00:00,8,1,39.3,789,3,0,248,8,5,3,0,0,0.2,7,7.3,0.41,0,0,3,0
410,FCR,50,2020-11-02 12:00:00,9,1,41.4,710,3,0,216,7,6,3,0,0,0,6.9,7,0.37,0,0,3,0
411,FCR,100,2020-11-02 12:00:00,0.1,1,33.5,148,3,3,13,12,6,3,3,0,0,5.1,4.6,0.1,0,0,43,0
412,FCR,100.1,2020-11-02 12:00:00,0.1,1,114,684,3,0,NA,NA,NA,NA,NA,NA,NA,NA,NA,NA,NA,NA,NA,NA
413,FCR,200,2020-11-02 12:00:00,0.1,1,43.1,165,3,3,26,8,3,3,0,0,2.1,6.2,5.9,0.12,0,0,0,0
414,FCR,50,2020-11-09 12:00:00,0.1,1,34.5,487,3,0,44,10,6,3,3,0,2.6,4.3,6.9,0.26,0,0,0,0
415,FCR,50,2020-11-09 12:00:00,1.6,1,9.8,0,0,43,41,11,5,3,3,0,1.6,3.4,5.1,0.17,0,0,0,0
416,FCR,50,2020-11-09 12:00:00,3.8,1,35.7,561,3,0,117,9,3,3,0,0,2.9,3.5,6.4,0.29,0,0,0,0
417,FCR,50,2020-11-09 12:00:00,5,1,30.3,550,3,0,198,7,3,3,0,0,1.9,4.6,6.5,0.31,0,0,0,0
418,FCR,50,2020-11-09 12:00:00,6.2,1,33.6,590,3,0,198,6,5,3,0,0,2.5,3.2,5.7,0.28,0,0,0,0
419,FCR,50,2020-11-09 12:00:00,8,1,32.7,561,3,0,228,7,3,3,0,0,0.4,5.5,5.9,0.32,0,0,3,0
420,FCR,50,2020-11-09 12:00:00,9,1,35.4,648,3,0,217,17,3,3,3,0,2.8,4.9,7.6,0.42,0,0,0,0
421,FCR,100,2020-11-09 12:00:00,0.1,1,16.3,47,3,0,8,15,3,3,3,0,1.9,2.6,4.5,0.09,0,0,0,0
422,FCR,100.1,2020-11-09 12:00:00,0.1,1,57,295,0,3,NA,NA,NA,NA,NA,NA,NA,NA,NA,NA,NA,NA,NA,NA
423,FCR,50,2020-12-02 12:00:00,0.1,1,33.2,354,3,3,80,7,3,3,0,0,1.4,2.8,4.2,0.19,0,0,0,0
424,FCR,50,2020-12-02 12:00:00,1.6,1,30.8,389,3,3,58,8,3,3,0,0,1.1,4.3,5.3,0.19,0,0,0,0
425,FCR,50,2020-12-02 12:00:00,3.8,1,32.6,61.7,3,0,84,8,3,3,0,0,2.2,2.7,4.9,0.22,0,0,0,0
426,FCR,50,2020-12-02 12:00:00,5,1,32.2,370,3,3,62,9,3,3,0,0,0.7,4.4,5.1,0.19,0,0,3,0
427,FCR,50,2020-12-02 12:00:00,6.2,1,35.2,389,3,3,56,8,3,3,0,0,2.5,2.5,4.9,0.19,0,0,0,0
428,FCR,50,2020-12-02 12:00:00,8,1,35,393,3,3,60,10,3,3,0,0,2.9,2.7,5.6,0.22,0,0,0,0
429,FCR,50,2020-12-02 12:00:00,9,1,34.4,391,3,3,63,6,3,3,0,0,2.3,3.6,5.9,0.25,0,0,0,0
430,FCR,100,2020-12-02 12:00:00,0.1,1,17.8,189,3,3,16,9,41,3,0,0,1,2.3,3.3,0.12,0,0,0,0
431,FCR,200,2020-12-02 12:00:00,0.1,1,29.1,178,3,3,21,8,79,3,0,0,0.7,3.7,4.4,0.22,0,0,3,0