"com_date","miss","field_date","lab_date","upper_date","field_vial_number","lab_vial_number"
2025-12-04,"no_field_obs",NA,2025-12-04,NA,NA,"281"
2025-12-04,"no_field_obs",NA,2025-12-04,NA,NA,"66"
2025-12-04,"no_field_obs",NA,2025-12-04,NA,NA,"159"
2025-12-04,"no_field_obs",NA,2025-12-04,NA,NA,"129"
2025-12-04,"no_field_obs",NA,2025-12-04,NA,NA,"33"
2025-12-04,"no_field_obs",NA,2025-12-04,NA,NA,"358"
2025-12-04,"no_field_obs",NA,2025-12-04,NA,NA,"274"
2025-12-04,"no_field_obs",NA,2025-12-04,NA,NA,"150"
2025-12-04,"no_field_obs",NA,2025-12-04,NA,NA,"92"
2025-12-04,"no_field_obs",NA,2025-12-04,NA,NA,"127"
2025-12-04,"no_field_obs",NA,2025-12-04,NA,NA,"143"
2025-12-04,"no_field_obs",NA,2025-12-04,NA,NA,"285"
2025-12-04,"no_field_obs",NA,2025-12-04,NA,NA,"292"
2025-12-04,"no_field_obs",NA,2025-12-04,NA,NA,"185"
2026-02-09,"no_lab_obs",2026-02-09,NA,2026-02-13,214,NA
2026-02-10,"no_field_obs",NA,2026-02-10,NA,NA,"314"
2026-03-16,"no_field_obs",NA,2026-03-16,NA,NA,"129"
2026-03-16,"no_field_obs",NA,2026-03-16,NA,NA,"151"
2026-03-31,"no_field_obs",NA,2026-03-31,NA,NA,"33"
2026-03-31,"no_lab_obs",2026-03-31,NA,2026-04-04,316,NA
2026-03-31,"no_lab_obs",2026-03-31,NA,2026-04-04,45,NA
2026-04-20,"no_field_obs",NA,2026-04-20,NA,NA,"173"
2026-04-20,"no_field_obs",NA,2026-04-20,NA,NA,"247"
2026-04-20,"no_lab_obs",2026-04-20,NA,2026-04-24,47,NA
2026-05-04,"no_field_obs",NA,2026-05-04,NA,NA,"252"
2026-05-04,"no_field_obs",NA,2026-05-04,NA,NA,"78"
2026-05-04,"no_field_obs",NA,2026-05-04,NA,NA,"238"
2026-05-04,"no_field_obs",NA,2026-05-04,NA,NA,"337"
2026-05-04,"no_field_obs",NA,2026-05-04,NA,NA,"277"
2026-05-04,"no_field_obs",NA,2026-05-04,NA,NA,"71"
2026-05-04,"no_field_obs",NA,2026-05-04,NA,NA,"130"
2026-05-04,"no_field_obs",NA,2026-05-04,NA,NA,"319"
2026-05-04,"no_field_obs",NA,2026-05-04,NA,NA,"186"
2026-05-04,"no_field_obs",NA,2026-05-04,NA,NA,"311"
2026-05-04,"no_field_obs",NA,2026-05-04,NA,NA,"179"
2026-05-04,"no_field_obs",NA,2026-05-04,NA,NA,"360"
2026-05-04,"no_field_obs",NA,2026-05-04,NA,NA,"368"
2026-05-04,"no_field_obs",NA,2026-05-04,NA,NA,"363"
2026-05-04,"no_field_obs",NA,2026-05-04,NA,NA,"315"
2026-05-04,"no_field_obs",NA,2026-05-04,NA,NA,"390"
2026-05-11,"no_lab_obs",2026-05-11,NA,2026-05-15,131,NA
2026-05-11,"no_lab_obs",2026-05-11,NA,2026-05-15,125,NA
2026-05-26,"no_field_obs",NA,2026-05-26,NA,NA,"99"
2026-06-08,"no_lab_obs",2026-06-08,NA,2026-06-12,280,NA
2026-06-08,"no_lab_obs",2026-06-08,NA,2026-06-12,290,NA
2026-06-08,"no_lab_obs",2026-06-08,NA,2026-06-12,245,NA
2026-06-08,"no_lab_obs",2026-06-08,NA,2026-06-12,259,NA
2026-06-09,"no_field_obs",NA,2026-06-09,NA,NA,"377"
2026-06-22,"no_lab_obs",2026-06-22,NA,2026-06-26,199,NA
2026-06-23,"no_field_obs",NA,2026-06-23,NA,NA,"299"
2026-06-23,"no_field_obs",NA,2026-06-23,NA,NA,"140"
2026-06-23,"no_field_obs",NA,2026-06-23,NA,NA,"218"
2026-06-30,"no_field_obs",NA,2026-06-30,NA,NA,"222"
2026-06-30,"no_field_obs",NA,2026-06-30,NA,NA,"407"
2026-06-30,"no_field_obs",NA,2026-06-30,NA,NA,"334"
2026-06-30,"no_field_obs",NA,2026-06-30,NA,NA,"72"
2026-06-30,"no_field_obs",NA,2026-06-30,NA,NA,"261"
2026-06-30,"no_field_obs",NA,2026-06-30,NA,NA,"336"
2026-06-30,"no_field_obs",NA,2026-06-30,NA,NA,"358"
2026-06-30,"no_field_obs",NA,2026-06-30,NA,NA,"21"
2026-07-20,"no_field_obs",NA,2026-07-20,NA,NA,"290"
2026-07-20,"no_field_obs",NA,2026-07-20,NA,NA,"377"
2026-07-20,"no_field_obs",NA,2026-07-20,NA,NA,"194"
2026-07-20,"no_field_obs",NA,2026-07-20,NA,NA,"30"
2026-07-20,"no_field_obs",NA,2026-07-20,NA,NA,"62"
2026-07-20,"no_lab_obs",2026-07-20,NA,2026-07-24,33,NA
2026-08-03,"no_lab_obs",2026-08-03,NA,2026-08-07,21,NA
2026-08-04,"no_field_obs",NA,2026-08-04,NA,NA,"82"
2026-08-04,"no_field_obs",NA,2026-08-04,NA,NA,"224"
2026-08-06,"no_field_obs",NA,2026-08-06,NA,NA,"259"
2026-08-06,"no_field_obs",NA,2026-08-06,NA,NA,"245"
2026-08-11,"no_field_obs",NA,2026-08-11,NA,NA,"372"
2026-08-11,"no_field_obs",NA,2026-08-11,NA,NA,"258"
2026-08-11,"no_field_obs",NA,2026-08-11,NA,NA,"316"
2026-08-11,"no_field_obs",NA,2026-08-11,NA,NA,"350"
2026-08-11,"no_field_obs",NA,2026-08-11,NA,NA,"274"
2026-08-11,"no_field_obs",NA,2026-08-11,NA,NA,"230"
2026-08-11,"no_field_obs",NA,2026-08-11,NA,NA,"293"
2026-08-11,"no_field_obs",NA,2026-08-11,NA,NA,"382"
2026-08-11,"no_field_obs",NA,2026-08-11,NA,NA,"113"
2026-08-11,"no_field_obs",NA,2026-08-11,NA,NA,"173"
2026-08-11,"no_field_obs",NA,2026-08-11,NA,NA,"363"
2026-08-11,"no_field_obs",NA,2026-08-11,NA,NA,"254"
2026-08-17,"no_lab_obs",2026-08-17,NA,2026-08-21,25,NA
2026-08-17,"no_lab_obs",2026-08-17,NA,2026-08-21,301,NA
2026-08-17,"no_lab_obs",2026-08-17,NA,2026-08-21,164,NA
2026-08-17,"no_lab_obs",2026-08-17,NA,2026-08-21,167,NA
2026-08-17,"no_lab_obs",2026-08-17,NA,2026-08-21,119,NA
2026-08-17,"no_lab_obs",2026-08-17,NA,2026-08-21,175,NA
2026-08-17,"no_lab_obs",2026-08-17,NA,2026-08-21,191,NA
2026-08-17,"no_lab_obs",2026-08-17,NA,2026-08-21,140,NA
2026-08-17,"no_lab_obs",2026-08-17,NA,2026-08-21,326,NA
2026-08-17,"no_lab_obs",2026-08-17,NA,2026-08-21,134,NA
2026-08-17,"no_lab_obs",2026-08-17,NA,2026-08-21,203,NA
2026-08-17,"no_lab_obs",2026-08-17,NA,2026-08-21,414,NA
2026-08-17,"no_lab_obs",2026-08-17,NA,2026-08-21,122,NA
2026-08-17,"no_lab_obs",2026-08-17,NA,2026-08-21,15,NA
2026-08-17,"no_lab_obs",2026-08-17,NA,2026-08-21,225,NA
2026-08-17,"no_lab_obs",2026-08-17,NA,2026-08-21,133,NA
2026-08-17,"no_lab_obs",2026-08-17,NA,2026-08-21,324,NA
2026-08-17,"no_lab_obs",2026-08-17,NA,2026-08-21,163,NA
2026-08-17,"no_lab_obs",2026-08-17,NA,2026-08-21,410,NA
2026-08-17,"no_lab_obs",2026-08-17,NA,2026-08-21,151,NA
2026-08-17,"no_lab_obs",2026-08-17,NA,2026-08-21,235,NA
2026-08-17,"no_lab_obs",2026-08-17,NA,2026-08-21,14,NA
2026-08-20,"no_lab_obs",2026-08-20,NA,2026-08-24,31,NA
2026-08-20,"no_lab_obs",2026-08-20,NA,2026-08-24,292,NA
2026-08-20,"no_lab_obs",2026-08-20,NA,2026-08-24,237,NA
2026-08-20,"no_lab_obs",2026-08-20,NA,2026-08-24,132,NA
2026-08-20,"no_lab_obs",2026-08-20,NA,2026-08-24,232,NA
2026-08-20,"no_lab_obs",2026-08-20,NA,2026-08-24,306,NA
2026-08-20,"no_lab_obs",2026-08-20,NA,2026-08-24,322,NA
2026-08-20,"no_lab_obs",2026-08-20,NA,2026-08-24,241,NA
2026-08-20,"no_lab_obs",2026-08-20,NA,2026-08-24,152,NA
2026-08-20,"no_lab_obs",2026-08-20,NA,2026-08-24,313,NA
2026-08-25,"no_lab_obs",2026-08-25,NA,2026-08-29,137,NA
2026-08-25,"no_lab_obs",2026-08-25,NA,2026-08-29,239,NA
2026-08-25,"no_lab_obs",2026-08-25,NA,2026-08-29,179,NA
2026-08-25,"no_lab_obs",2026-08-25,NA,2026-08-29,190,NA
2026-08-25,"no_lab_obs",2026-08-25,NA,2026-08-29,26,NA
2026-08-25,"no_lab_obs",2026-08-25,NA,2026-08-29,34,NA
2026-08-25,"no_lab_obs",2026-08-25,NA,2026-08-29,193,NA
2026-08-25,"no_lab_obs",2026-08-25,NA,2026-08-29,236,NA
2026-08-25,"no_lab_obs",2026-08-25,NA,2026-08-29,218,NA
2026-08-25,"no_lab_obs",2026-08-25,NA,2026-08-29,227,NA
2026-08-25,"no_lab_obs",2026-08-25,NA,2026-08-29,195,NA
2026-08-25,"no_lab_obs",2026-08-25,NA,2026-08-29,282,NA
2026-08-25,"no_lab_obs",2026-08-25,NA,2026-08-29,76,NA
2026-08-25,"no_lab_obs",2026-08-25,NA,2026-08-29,345,NA
2026-08-25,"no_lab_obs",2026-08-25,NA,2026-08-29,205,NA
2026-08-25,"no_lab_obs",2026-08-25,NA,2026-08-29,371,NA
2026-08-25,"no_lab_obs",2026-08-25,NA,2026-08-29,22,NA
2026-08-25,"no_lab_obs",2026-08-25,NA,2026-08-29,211,NA
2026-08-25,"no_lab_obs",2026-08-25,NA,2026-08-29,231,NA
2026-08-25,"no_lab_obs",2026-08-25,NA,2026-08-29,416,NA
2026-08-25,"no_lab_obs",2026-08-25,NA,2026-08-29,12,NA
2026-08-25,"no_lab_obs",2026-08-25,NA,2026-08-29,186,NA
2026-08-25,"no_lab_obs",2026-08-25,NA,2026-08-29,68,NA
2026-08-25,"no_lab_obs",2026-08-25,NA,2026-08-29,397,NA
2026-08-31,"no_lab_obs",2026-08-31,NA,2026-09-04,328,NA
2026-08-31,"no_lab_obs",2026-08-31,NA,2026-09-04,381,NA
2026-08-31,"no_lab_obs",2026-08-31,NA,2026-09-04,104,NA
2026-08-31,"no_lab_obs",2026-08-31,NA,2026-09-04,204,NA
2026-08-31,"no_lab_obs",2026-08-31,NA,2026-09-04,332,NA
2026-08-31,"no_lab_obs",2026-08-31,NA,2026-09-04,398,NA
2026-08-31,"no_lab_obs",2026-08-31,NA,2026-09-04,417,NA
2026-08-31,"no_lab_obs",2026-08-31,NA,2026-09-04,145,NA
2026-08-31,"no_lab_obs",2026-08-31,NA,2026-09-04,280,NA
