<?xml version="1.0" encoding="UTF-8"?>
<metadata xml:lang="en"><Esri><CreaDate>20240423</CreaDate><CreaTime>15564100</CreaTime><ArcGISFormat>1.0</ArcGISFormat><SyncOnce>TRUE</SyncOnce><DataProperties><lineage><Process ToolSource="c:\program files\arcgis\pro\Resources\ArcToolbox\toolboxes\3D Analyst Tools.tbx\CreateTin" Date="20240423" Time="155641">CreateTin "C:\Users\jrkri\Desktop\Carey Lab\Bathymetry\BVR_FCR_Bathymetry_04-2023\BVR_TIN_19apr24_ADCP_06oct23_manual_23apr24" PROJCS["WGS_1984_UTM_Zone_17N",GEOGCS["GCS_WGS_1984",DATUM["D_WGS_1984",SPHEROID["WGS_1984",6378137.0,298.257223563]],PRIMEM["Greenwich",0.0],UNIT["Degree",0.0174532925199433]],PROJECTION["Transverse_Mercator"],PARAMETER["False_Easting",500000.0],PARAMETER["False_Northing",0.0],PARAMETER["Central_Meridian",-81.0],PARAMETER["Scale_Factor",0.9996],PARAMETER["Latitude_Of_Origin",0.0],UNIT["Meter",1.0]],VERTCS["WGS_1984",DATUM["D_WGS_1984",SPHEROID["WGS_1984",6378137.0,298.257223563]],PARAMETER["Vertical_Shift",0.0],PARAMETER["Direction",1.0],UNIT["Meter",1.0]] "BVR_manual_06oct23_points_reproj Elev_m_adjusted Mass_Points &lt;None&gt;;BVR_VMTprocessed_19apr24_points Elev_adjusted_m Mass_Points &lt;None&gt;;BVR_GPXoutline_19apr24_height_adjusted Z_Mean Hard_Line &lt;None&gt;" DELAUNAY</Process><Process ToolSource="c:\program files\arcgis\pro\Resources\ArcToolbox\toolboxes\Maritime Tools.tbx\SmoothBathymetricTIN" Date="20240423" Time="160611">SmoothBathymetricTIN BVR_TIN_19apr24_ADCP_06oct23_manual_23apr24 "C:\Users\jrkri\Desktop\Carey Lab\Bathymetry\BVR_FCR_Bathymetry_04-2023\BVR_TIN_smooth_50" "Positive Up" 50</Process></lineage></DataProperties></Esri></metadata>
