Reservoir,Site,DateTime,Depth_m,Rep,RunDate_DOC,DOC_mgL,DIC_mgL,DC_mgL,DN_mgL,Notes_DOC,SampleID_DOC,Date NOTES
BVR,40,7/18/22 10:23,0.1,1,8/15/22,5.3,3.21,8.51,0.6,,B40 18jul22 0.1,
BVR,40,7/18/22 10:38,3,1,8/15/22,4.72,3.45,8.18,0.63,,B40 18jul22 3.0,
BVR,50,8/8/22 10:00,0.1,1,8/15/22,4.16,3,7.16,0.31,,B50 08aug22 0.1,
BVR,50,8/8/22 10:08,3,1,8/15/22,4.19,3.49,7.68,0.36,,B50 08aug22 3.0,
BVR,50,8/8/22 10:16,6,1,8/15/22,3.09,5.08,8.18,1.16,,B50 08aug22 6.0,
BVR,50,7/18/22 11:06,0.1,1,8/15/22,5.57,3.12,8.69,0.7,,B50 18jul22 0.1,
BVR,50,7/18/22 11:31,3,1,8/15/22,3.86,3.49,7.35,0.41,,B50 18jul22 3.0,
BVR,50,7/18/22 11:46,6,1,8/15/22,2.63,4.6,7.22,0.88,,B50 18jul22 6.0,
BVR,50,7/18/22 11:54,8,1,8/15/22,2.83,5.24,8.06,1.59,,B50 18jul22 8.0,
BVR,50,7/25/22 10:01,0.1,1,8/15/22,5.24,3.3,8.54,0.58,,B50 25jul22 0.1,
BVR,50,7/25/22 10:05,3,1,8/15/22,3.89,3.76,7.65,0.35,,B50 25jul22 3.0,
BVR,50,7/25/22 10:14,6,1,8/15/22,2.95,5.12,8.08,1.27,,B50 25jul22 6.0,
BVR,50,7/25/22 10:33,8,1,8/15/22,3.81,5.41,9.21,1.93,,B50 25jul22 8.0,
CCR,50,7/14/22 10:26,0.1,1,8/15/22,3.18,8.75,11.93,0.19,,C 14jul22 0.1,
CCR,50,7/14/22 12:00,6,1,8/15/22,2.9,8.86,11.76,0.21,,C 14jul22 6.0,
CCR,50,7/14/22 12:00,9,1,8/15/22,3.1,9.74,12.84,0.23,,C 14jul22 9.0,
CCR,50,7/28/22 9:43,0.1,1,8/15/22,3.07,8.38,11.45,0.22,,C50 28jul22 0.1,
CCR,50,7/28/22 10:00,1.5,1,8/15/22,2.86,8.4,11.27,0.19,,C50 28jul22 1.5,
CCR,50,7/28/22 10:30,15,1,8/15/22,2.88,10.39,13.27,0.26,,C50 28jul22 15.0,
CCR,50,7/28/22 10:43,21,1,8/15/22,3.52,12.72,16.25,0.53,,C50 28jul22 20.0,
CCR,50,7/28/22 10:10,6,1,8/15/22,3.08,8.66,11.74,0.18,,C50 28jul22 6.0,
CCR,50,7/28/22 10:18,9,1,8/15/22,2.56,10.13,12.68,0.24,,C50 28jul22 9.0,
FCR,50,8/1/22 11:13,8,1,8/15/22,2.58,6.47,9.05,0.81,,F 01aug22 8.0,
FCR,50,7/11/22 10:08,1.6,1,8/15/22,7.05,3.87,10.92,0.64,,F 11jul22 1.6,
FCR,50,7/11/22 10:25,3.8,1,8/15/22,3.58,4.76,8.34,0.39,,F 11jul22 3.8,
FCR,100,7/18/22 10:00,0.1,1,8/15/22,1.74,5.2,6.94,0.32,,F 18jul22 weir,
FCR,200,7/18/22 10:00,0.1,1,8/15/22,2.41,6.25,8.66,0.22,,F 18jul22 wet,
FCR,100,7/5/22 10:11,0.1,1,8/15/22,1.86,4.86,6.71,0.59,,F100 05jul22 0.1,
FCR,50,7/18/22 10:46,0.1,1,8/15/22,7.09,3.75,10.84,0.62,,F50 18jul22 0.1,
FCR,50,7/18/22 11:00,3.8,1,8/15/22,2.96,5.05,8,0.34,,F50 18jul22 3.8,
FCR,50,7/18/22 11:08,5,1,8/15/22,2.93,5.56,8.49,0.43,,F50 18jul22 5.0,
FCR,50,7/18/22 11:18,6.2,1,8/15/22,2.45,6.35,8.8,0.58,,F50 18jul22 6.2,
FCR,50,7/18/22 11:30,9,1,8/15/22,2.36,5.9,8.26,0.53,,F50 18jul22 9.0,
FCR,50,7/25/22 9:39,0.1,1,8/15/22,6.19,4.2,10.39,0.47,,F50 25jul22 0.1,
FCR,50,7/25/22 9:54,1.6,1,8/15/22,5.36,4.07,9.43,0.5,,F50 25jul22 1.6,
FCR,50,7/25/22 10:11,3.8,1,8/15/22,3.43,5.31,8.75,0.42,,F50 25jul22 3.8,
FCR,50,7/25/22 10:22,5,1,8/15/22,2.43,5.93,8.36,0.57,,F50 25jul22 5.0,
FCR,50,7/25/22 10:49,6.2,1,8/15/22,2.69,6.22,8.91,0.63,,F50 25jul22 6.2,
FCR,50,7/25/22 11:07,8,1,8/15/22,2.19,6.48,8.67,0.64,,F50 25jul22 8.0,
FCR,50,7/25/22 11:25,9,1,8/15/22,4.76,6.1,10.85,1.26,,F50 25jul22 9.0,
FCR,100.1,8/1/22 9:54,0.1,1,8/15/22,4.77,3.89,8.66,0.39,,ISCO A 01aug22 not filtered,
CCR,301,7/28/22 12:00,0.1,1,8/15/22,2.22,2.68,4.9,0.19,,SMB 28jul22 0.1,
FCR,50,3/17/22 10:50,0.1,1,9/6/22,3.3,4.08,7.38,0.19,,F 17mar22 0.1,
BVR,50,2/24/22 10:43,9,1,9/6/22,2.99,3.07,6.07,0.25,,B 24feb22 9.0,
CCR,500,2/28/22 12:00,0.1,1,9/6/22,2.25,12.52,14.77,0.19,,C 28feb22 CCT 0.1,
BVR,50,6/13/22 12:08,3,1,9/6/22,3.77,3.36,7.13,0.25,,B50 13jun22 3.0,
CCR,50,4/20/22 10:30,21,1,9/6/22,2.55,9.37,11.92,0.2,,C 20apr22 21.0,
BVR,50,5/23/22 11:50,0.1,1,9/6/22,2.98,3.13,6.12,0.17,,B50 23may22 0.1,
FCR,50,5/23/22 10:32,6.2,1,9/6/22,8.1,4.67,12.76,0.26,,F50 23may22 6.2,
FCR,50,3/17/22 11:40,9,1,9/6/22,3.96,4.08,8.04,0.21,,F 17mar22 9.0,
FCR,50,2/24/22 13:14,5,1,9/6/22,3.54,4.1,7.63,0.23,,F 24feb22 5.0,
FCR,50,1/31/22 11:05,0.1,1,9/6/22,3.61,4.5,8.11,0.24,,F 31jan22 0.1,
BVR,50,5/31/22 12:36,9,1,9/6/22,3.84,4.11,7.95,0.87,,B50 31may22 9.0,
CCR,50,6/9/22 10:20,1.5,1,9/6/22,3.29,8.3,11.58,0.24,,C50 09jun22 1.5,
BVR,50,2/24/22 10:02,0.1,1,9/6/22,3,3.27,6.27,0.26,,B 24feb22 0.1,
BVR,50,5/31/22 12:46,6,1,9/6/22,2.54,3.25,5.79,0.17,,B50 31may22 6.0,
FCR,50,6/13/22 10:15,5,1,9/6/22,6.3,4.01,10.31,0.29,,F50 13jun22 5.0,
BVR,50,5/9/22 12:00,6,1,9/6/22,2.03,1.76,3.79,0.14,Flag_DateTime,B50 09may22 6.0,
BVR,50,5/31/22 12:27,3,1,9/6/22,3.62,2.7,6.32,0.22,,B50 31may22 3.0,
FCR,200,6/7/22 12:00,0.1,1,9/6/22,2.95,5.27,8.23,0.18,Flag_DateTime,F200 07jun22 wet,
FCR,100,6/13/22 15:50,0.1,1,9/6/22,2.37,3.31,5.68,0.23,,? 13jun22 weir 0.1,
FCR,50,1/31/22 11:30,6.2,1,9/6/22,3.39,4.57,7.96,0.27,,F 31jan22 6.2,
FCR,200,5/23/22 13:57,0.1,1,9/7/22,3.99,5.75,9.75,0.22,,F 23may22 wet,
BVR,50,5/2/22 10:26,0.1,1,9/7/22,3.78,3.2,6.98,0.18,,B 02may22 0.1,
BVR,50,6/7/22 11:48,9,1,9/7/22,3.92,4.44,8.36,0.9,,B50 07jun22 9.0,
BVR,50,5/9/22 11:48,3,1,9/7/22,3.86,3.07,6.92,0.22,,B50 09may22 3.0,
FCR,50,5/17/22 14:45,1.6,1,9/7/22,4.43,4.24,8.67,0.2,,F 17may22 1.6,
BVR,50,6/13/22 12:00,0.1,1,9/7/22,6.95,2.92,9.87,0.4,Flag_DateTime,B50 13jun22 0.1,
BVR,50,4/12/22 14:48,6,1,9/7/22,4.4,3.07,7.47,0.23,,B 12apr22 6.0,
BVR,50,1/26/22 13:32,3,1,9/7/22,3.5,3.37,6.87,0.21,26-Jan,B 25jan22 3.0,
BVR,50,6/13/22 12:37,8,1,9/7/22,4.04,4.3,8.34,1.08,,B50 13jun22 8.0,
BVR,50,4/12/22 14:23,0.1,1,9/7/22,3.88,3.14,7.02,0.21,,B 12apr22 0.1,
FCR,50,3/29/22 10:10,0.1,1,9/7/22,4.58,4.45,9.03,0.27,,F 29mar22 0.1,
FCR,50,3/29/22 10:50,8,1,9/7/22,3.88,4.37,8.25,0.21,,F 29mar22 8.0,
FCR,50,1/31/22 11:16,3.8,1,9/7/22,4.26,4.75,9.01,0.27,,F 31jan22 3.8,
BVR,50,5/17/22 13:15,6,1,9/7/22,3.22,3.63,6.85,0.19,,B50 17may22 6.0,
FCR,50,1/31/22 11:35,8,1,9/7/22,3.88,5.2,9.07,0.41,,F 31jan22 8.0,
FCR,50,5/23/22 10:57,9,1,9/7/22,3.67,5.39,9.06,0.19,,F50 23may22 9.0,
FCR,50,3/29/22 10:45,6.2,1,9/7/22,3.86,4.5,8.36,0.21,,F 29mar22 6.2,
BVR,50,3/22/22 12:00,9,1,9/7/22,3.56,3.25,6.81,0.28,Flag_DateTime,B 22mar 9.0,
BVR,50,5/17/22 12:25,0.1,1,9/7/22,3.57,3.1,6.67,0.19,,B50 17may22 0.1,
FCR,100,6/7/22 15:27,0.1,1,9/7/22,2.91,3.45,6.36,0.19,,F100 07jun22 weir,
FCR,50,3/29/22 11:00,9,1,9/8/22,3.6,4.32,7.93,0.22,,F 29mar 9.0,
FCR,50,1/31/22 11:42,9,1,9/8/22,3.5,5.43,8.92,0.54,,F 31jan 9.0,
FCR,50,5/17/22 15:03,5,1,9/8/22,4.52,4.52,9.04,0.29,,F 17may 5.0,
CCR,100,4/20/22 12:00,0.1,1,9/8/22,2.6,1.48,4.08,0.13,Flag_DateTime,C 20apr HPB,
FCR,200,5/17/22 16:34,0.1,1,9/8/22,2.83,5.07,7.9,0.19,,F 17may wet,
FCR,50,5/31/22 9:57,1.6,1,9/8/22,4.48,3.74,8.22,0.3,,F50 31may 1.6,
FCR,50,5/17/22 15:25,8,1,9/8/22,2.82,5,7.81,0.2,,F 17may 8.0,
BVR,50,5/31/22 12:20,1.6,1,9/8/22,5.66,2.87,8.53,0.43,,B50 31may 1.6,
BVR,50,5/17/22 12:50,3,1,9/8/22,3.48,2.97,6.45,0.22,17-May,B50 12may 3.0,
FCR,50,2/24/22 13:07,3.8,1,9/8/22,3.54,4.23,7.76,0.25,,F 24feb 3.8,
FCR,50,6/13/22 11:01,9,1,9/8/22,3.92,5.97,9.9,0.33,,F50 13jun 9.0,
FCR,50,2/24/22 12:52,1.6,1,9/8/22,3.53,4.23,7.76,0.22,,F 24feb 1.6,
BVR,50,6/7/22 11:26,3,1,9/8/22,4.26,3,7.26,0.26,,B50 07jun 3.0,
CCR,50,2/28/22 11:15,20,1,9/8/22,2.43,10.23,12.66,0.23,20m,C 28feb 21.0,
FCR,50,3/17/22 11:10,3.8,1,9/8/22,3.37,4.47,7.84,0.2,,F 17mar 3.8,
CCR,50,2/28/22 10:31,0.1,1,9/8/22,2.42,10.28,12.7,0.23,,C 28feb 0.1,
FCR,100,3/17/22 12:00,0.1,1,9/8/22,1.59,3.91,5.5,0.1,Flag_DateTime,F 17mar weir,
FCR,50,4/12/22 11:34,6.2,1,9/8/22,3.41,4.24,7.65,0.24,,F 12apr 6.2,
CCR,301,2/28/22 12:00,0.1,1,9/8/22,1.82,0.7,2.52,0.08,Flag_DateTime,C 28feb SMB 0.1,
FCR,50,6/7/22 14:40,9,1,9/8/22,5.05,5.57,10.63,0.25,,"F50 07jun 9.,0",
BVR,50,1/26/22 13:50,9,1,9/12/22,3.22,3.6,6.82,0.23,,B 26jan 9.0,
FCR,50,5/31/22 10:08,3.8,1,9/12/22,3.63,4.36,7.99,0.22,,F50 31may 3.4,
FCR,50,3/17/22 11:22,6.2,1,9/12/22,3.63,4.37,8,0.24,,F 17mar 6.2,
FCR,50,6/13/22 10:41,8,1,9/12/22,7.52,6,13.52,0.34,,F50 13jun 8.0,
FCR,50,5/17/22 14:30,0.1,1,9/12/22,4.13,4.49,8.62,0.24,,F 17may 0.1,
CCR,400,2/28/22 12:00,0.1,1,9/12/22,1.34,11.55,12.89,0.19,Flag_DateTime,C 28feb TCT 0.1,
BVR,50,5/5/22 14:36,0.1,1,9/12/22,3.23,3.6,6.83,0.2,,B50 05may 0.1,
BVR,50,6/13/22 12:18,6,1,9/12/22,2.42,4.41,6.83,0.42,,B50 13jun 6.0,
BVR,50,2/24/22 10:30,6,1,9/12/22,3.02,3.38,6.4,0.25,,B 24feb 6.0,
FCR,50,3/17/22 11:30,8,1,9/12/22,3.22,4.35,7.57,0.2,,F 17mar 8.0,
BVR,40,5/5/22 11:47,4,1,9/12/22,3.25,3.63,6.88,0.22,4m,B01 05may 6.0,
FCR,50,1/31/22 10:55,1.6,1,9/12/22,3.99,4.74,8.73,0.28,,F 31jan 1.6,
FCR,50,6/7/22 13:42,1.6,1,9/12/22,4.86,4.12,8.98,0.35,,F50 07jun 1.6,
BVR,50,1/26/22 13:40,6,1,9/12/22,3.11,3.48,6.59,0.22,,B 26jan 6.0,
FCR,50,5/23/22 10:13,3.8,1,9/12/22,3.92,4.44,8.36,0.22,,F50 23may 3.8,
BVR,50,5/31/22 12:00,0.1,1,9/12/22,5.26,3.19,8.45,0.5,Flag_DateTime,B50 31may 0.1,
BVR,50,6/7/22 11:13,0.1,1,9/12/22,5.2,3.05,8.25,0.33,,B50 07jun 0.1,
FCR,50,5/9/22 11:50,0.1,1,9/12/22,3.77,4.4,8.17,0.21,,F50 09may 0.1,
FCR,50,1/31/22 11:23,5,1,9/12/22,3.74,4.71,8.46,0.25,,F 31jan 5.0,
FCR,50,3/17/22 11:00,1.6,1,9/12/22,3.31,4.39,7.7,0.19,,F 17mar 1.6,
BVR,50,5/2/22 10:32,3,1,9/13/22,3.91,3.05,6.97,0.28,,B 02may 3.0,
BVR,50,5/23/22 12:28,9,1,9/13/22,2.52,3.84,6.35,0.49,,B600 23may 9.0,
FCR,50,2/24/22 13:00,0.1,1,9/13/22,3.34,4.05,7.39,0.22,,F 24feb 0.1,
FCR,50,2/24/22 13:23,8,1,9/13/22,3.35,4.07,7.43,0.2,,F 24feb 8.0,
FCR,50,2/24/22 13:18,6.2,1,9/13/22,3.47,4.05,7.52,0.21,,F 24feb 6.2,
FCR,50,2/24/22 13:28,9,1,9/13/22,3.3,4.07,7.37,0.19,,F 24feb 9.0,
FCR,50,5/31/22 10:44,8,1,9/13/22,12.19,5.56,17.75,0.29,,F50 31may 8.0,
FCR,100,1/26/22 11:25,0.1,1,9/13/22,1.81,3.95,5.77,0.06,26-Jan,F 25jan weir,
BVR,40,5/31/22 11:28,1.6,1,9/13/22,4.12,2.75,6.87,0.23,,B 31may 1.8? 1.6?,
FCR,50,6/13/22 9:45,0.1,1,9/13/22,5.17,3.59,8.76,0.3,,F15 13jun 0.1,
BVR,50,2/24/22 10:14,3,1,9/13/22,3.14,3.31,6.45,0.26,,B 24feb 3.0,
CCR,50,2/28/22 10:40,1.5,1,9/13/22,2.65,9.72,12.38,0.19,,C 28feb 1.5,
CCR,50,2/28/22 11:00,9,1,9/13/22,2.5,10.08,12.58,0.18,,C 28feb 9.0,
BVR,50,1/26/22 13:25,0.1,1,9/13/22,3.07,3.41,6.48,0.19,26-Jan,B 25jan 0.1,
CCR,50,2/28/22 10:50,6,1,9/13/22,2.53,9.75,12.28,0.18,,C 28feb 6.0,
FCR,50,6/7/22 14:02,5,1,9/13/22,3.32,5.02,8.34,0.21,,F50 07jun 5.0,
FCR,50,5/31/22 10:20,6.2,1,9/13/22,3.49,4.88,8.37,0.19,,F50 31may 6.2,
CCR,100,2/28/22 12:00,0.1,1,9/13/22,2.1,1.58,3.69,0.09,Flag_DateTime,C 28feb HPB 0.1,
BVR,50,3/22/22 11:30,3,1,9/13/22,3.36,2.82,6.18,0.18,,B 22mar 3.0,
FCR,200,3/17/22 12:00,0.1,1,9/13/22,2.02,3.53,5.54,0.13,Flag_DateTime,F 17mar wet,
FCR,200,6/20/22 11:15,0.1,1,9/20/22,2.12,5.19,7.31,0.16,,? 20jun 235 0.1,
FCR,100,6/20/22 10:49,0.1,1,9/20/22,4.02,3.24,7.26,0.41,,? 20jun weir 0.1,
BVR,50,5/2/22 10:39,6,1,9/20/22,3.26,3.32,6.58,0.23,,B 02may 6.0,
BVR,50,5/2/22 10:48,9,1,9/20/22,2.11,3.36,5.48,0.17,,B 02may 9.0,
BVR,50,3/22/22 11:14,0.1,1,9/20/22,3.5,2.78,6.28,0.2,,B 22mar 0.1,
BVR,50,3/22/22 11:40,6,1,9/20/22,3.73,2.98,6.7,0.24,,B 22mar 6.0,
BVR,50,7/5/22 11:59,0.1,1,9/20/22,10.84,2.93,13.77,0.92,,B50 05jul 0.1,
BVR,50,7/5/22 12:10,3,1,9/20/22,5.85,2.99,8.85,0.53,,B50 05jul 3.0,
BVR,50,7/5/22 12:20,6,1,9/20/22,2.51,4.38,6.89,0.87,,B50 05jul 6.0,
BVR,50,7/5/22 12:30,8,1,9/20/22,3.51,3.15,6.67,1.39,,B50 05jul 8.0,
BVR,50,9/5/22 10:30,7,1,9/20/22,3.89,6.01,9.9,2.79,,B50 05sep 7.0,
BVR,50,5/9/22 12:15,9,1,9/20/22,3.11,2.31,5.42,0.2,,B50 09may 9.0,
BVR,50,7/11/22 11:05,0.1,1,9/20/22,6.46,3.6,10.06,0.8,,B50 11jul 0.1,
BVR,50,7/11/22 11:20,3,1,9/20/22,4.43,3.42,7.85,0.44,,B50 11jul 3.0,
BVR,50,7/11/22 11:31,6,1,9/20/22,2.64,4.54,7.18,0.83,,B50 11jul 6.0,
BVR,50,7/11/22 11:40,8,1,9/20/22,2.61,4.73,7.34,1.37,,B50 11jul 8.0,
BVR,50,5/17/22 15:32,9,1,9/20/22,1.8,4,5.8,0.39,,B50 17may 9.0,
BVR,50,6/20/22 12:05,0.1,1,9/20/22,6.68,2.94,9.62,0.49,,B50 20jun 0.1,
BVR,50,6/20/22 12:15,3,1,9/20/22,4.96,2.67,7.62,0.33,,B50 20jun 3.0,
BVR,50,6/20/22 12:30,6,1,9/20/22,2.48,3.95,6.43,0.55,,B50 20jun 6.0,
BVR,50,6/20/22 12:40,8,1,9/20/22,2.45,2.47,4.91,0.68,,B50 20jun 8.0,
BVR,50,5/23/22 12:16,6,1,9/20/22,2.16,3.02,5.18,0.15,,B50 23may 6.0,
BVR,50,6/27/22 10:31,0.1,1,9/20/22,8.56,2.52,11.08,0.74,,B50 27jun 0.1,
BVR,50,6/27/22 10:41,3,1,9/20/22,6.77,3.15,9.93,0.78,,B50 27jun 3.0,
BVR,50,6/27/22 10:52,6,1,9/20/22,2.69,3.97,6.66,0.67,,B50 27jun 6.0,
BVR,50,6/27/22 11:05,8,1,9/20/22,2.78,4.22,7,0.99,,B50 27jun 8.0,
CCR,50,7/14/22 10:30,1.5,1,9/20/22,3.13,7.96,11.09,0.19,,C 14jul 1.5,
CCR,50,7/14/22 12:00,20,1,9/20/22,2.31,10.9,13.21,0.29,Flag_DateTime,C 14jul 20.0,
CCR,50,4/20/22 10:12,1.5,1,9/20/22,2.66,8.35,11.01,0.18,,C 20apr 1.5,
CCR,50,4/20/22 10:22,6,1,9/20/22,4.8,5.61,10.41,0.14,,C 20apr 6.0,
CCR,50,4/20/22 10:25,9,1,9/20/22,2.32,9.62,11.94,0.17,,C 20apr 9.0,
CCR,50,6/30/22 9:53,0.1,1,9/20/22,2.83,8.3,11.13,0.19,,C50 30jun 0.1,
CCR,50,6/30/22 9:58,1.5,1,9/20/22,3.31,8.11,11.42,0.22,,C50 30jun 1.5,
CCR,50,6/30/22 10:35,21,1,9/20/22,2.9,11.78,14.68,0.49,,C50 30jun 21.0,
CCR,50,6/30/22 10:06,6,1,9/20/22,4.51,6.41,10.92,0.18,,C50 30jun 6.0,
CCR,50,6/30/22 10:16,9,1,9/20/22,2.49,9.49,11.97,0.18,,C50 30jun 9.0,
CCR,201,6/30/22 14:05,0.1,1,9/20/22,1.23,10.89,12.12,0.15,,CCS 30jun 0.1,
FCR,50,8/1/22 11:23,9,1,9/20/22,2.1,6.39,8.5,0.78,,F 01aug9.0,
FCR,50,5/2/22 14:50,3.8,1,9/20/22,5.65,3,8.66,0.32,,F 02may 3.8,
FCR,50,5/2/22 15:20,8,1,9/20/22,2.25,4.49,6.73,0.17,,F 02may 8.0,
FCR,50,5/2/22 15:28,9,1,9/20/22,3.25,4.8,8.05,0.29,,F 02may 9.0,
FCR,100,5/9/22 10:45,0.1,1,9/20/22,1.56,4.45,6.01,0.09,,F 09may weir,
FCR,50,7/11/22 9:55,0.1,1,9/20/22,7.64,3.71,11.35,0.93,,F 11jul 0.1,
FCR,50,7/11/22 10:48,5,1,9/20/22,2.43,5.54,7.96,0.42,,F 11jul 5.0,
FCR,50,7/11/22 11:04,6.2,1,9/20/22,2.83,5.81,8.63,0.69,,F 11jul 6.2,
FCR,50,7/11/22 11:18,8,1,9/20/22,1.9,6.51,8.41,0.52,,F 11jul 8.0,
FCR,50,7/11/22 11:50,9,1,9/20/22,2.75,6.02,8.77,0.62,,F 11jul 9.0,
FCR,50,4/12/22 11:00,1.6,1,9/20/22,2.95,4.04,6.99,0.17,,F 12 apr 1.6,
FCR,50,4/12/22 10:47,0.1,1,9/20/22,3.49,3.89,7.39,0.22,,F 12apr 0.1,
FCR,50,3/17/22 11:18,5,1,9/20/22,3.35,4.08,7.43,0.21,,F 17mar 5.0,
FCR,50,5/17/22 14:54,3.8,1,9/20/22,3.92,4.04,7.96,0.22,,F 17may 3.8,
FCR,50,5/17/22 15:15,6.2,1,9/20/22,3.63,4.6,8.24,0.2,,F 17may 6.2,
FCR,50,5/17/22 15:32,9,1,9/20/22,3.05,5.68,8.72,0.66,,F 17may 9.0,
FCR,100,5/17/22 17:02,0.1,1,9/20/22,1.74,5.05,6.78,0.12,,F 17may weir,
FCR,50,4/19/22 10:28,5,1,9/20/22,2.89,3.9,6.79,0.16,,F 19apr 5.0,
FCR,50,4/19/22 10:34,6.2,1,9/20/22,3.7,3,6.7,0.17,,F 19apr 6.2,
FCR,50,6/20/22 12:49,0.1,1,9/20/22,5.28,3.34,8.62,0.44,,F 20jun 0.1,
FCR,50,6/20/22 13:07,1.6,1,9/20/22,4.72,3.76,8.49,0.34,,F 20jun 1.6,
FCR,50,6/20/22 13:20,3.8,1,9/20/22,3.45,3.73,7.19,0.24,,F 20jun 3.8,
FCR,50,6/20/22 13:31,5,1,9/20/22,3.14,4.28,7.42,0.26,,F 20jun 5.0,
FCR,50,6/20/22 13:40,6.2,1,9/20/22,4.84,5.46,10.3,0.3,,F 20jun 6.2,
FCR,50,6/20/22 14:12,8,1,9/20/22,3.08,5.94,9.03,0.34,,F 20jun 8.0,
FCR,50,6/20/22 13:49,9,1,9/20/22,3.43,5.99,9.42,0.54,,F 20jun 9.0,
FCR,100,5/23/22 13:12,0.1,1,9/20/22,2.43,3.1,5.53,0.14,,F 23may weir,
FCR,50,3/29/22 10:25,1.6,1,9/20/22,3.69,3.35,7.04,0.21,,F 29mar 1.6,
FCR,50,3/29/22 10:35,3.8,1,9/20/22,3.71,3.98,7.69,0.22,,F 29mar 3.8,
FCR,50,3/29/22 10:40,5,1,9/20/22,3.06,3.99,7.05,0.16,,F 29mar 5.0,
FCR,100,6/27/22 13:06,0.1,1,9/20/22,3.61,3.35,6.96,0.36,,F100 27jun weir 0.1,
FCR,200,6/27/22 12:40,0.1,1,9/20/22,2.08,5.49,7.57,0.18,,F200 27jun wet 0.1,
FCR,50,7/5/22 10:52,0.1,1,9/20/22,7.85,3.27,11.12,0.79,,F50 05jul 0.1,
FCR,50,7/5/22 11:10,1.6,1,9/20/22,4.9,1.56,6.46,0.42,,F50 05jul 1.6,
FCR,50,7/5/22 11:20,3.8,1,9/20/22,4.1,4.76,8.86,0.41,,F50 05jul 3.8,
FCR,50,7/5/22 11:33,5,1,9/20/22,3.06,5.46,8.52,0.42,,F50 05jul 5.0,
FCR,50,7/5/22 11:48,6.2,1,9/20/22,2.65,5.55,8.2,0.42,,F50 05jul 6.2,
FCR,50,7/5/22 12:05,8,1,9/20/22,4.19,1.53,5.72,0.33,,F50 05jul 8.0,
FCR,50,7/5/22 12:20,9,1,9/20/22,2.3,6.39,8.69,0.43,,F50 05jul 9.0,
FCR,50,9/5/22 12:58,1.6,1,9/20/22,3.48,4.08,7.57,0.26,,F50 05sep 1.6,
FCR,50,9/5/22 13:11,6.2,1,9/20/22,2.29,6.34,8.63,1.14,,F50 05sep 6.2,
FCR,50,8/8/22 9:46,0.1,1,9/20/22,4.01,4.2,8.21,0.35,,F50 08aug 0.1,
FCR,50,5/9/22 12:20,3.8,1,9/20/22,3.18,4.25,7.44,0.25,,F50 09may 3.8,
FCR,50,5/9/22 12:32,5,1,9/20/22,3.75,4.11,7.86,0.2,,F50 09may 5.0,
FCR,50,5/9/22 12:44,6.2,1,9/20/22,2.92,4.69,7.61,0.2,,F50 09may 6.2,
FCR,50,5/9/22 13:14,9,1,9/20/22,2.55,4.34,6.89,0.19,,F50 09may 9.0,
FCR,50,8/18/22 10:00,3.8,1,9/20/22,3.04,5.04,8.08,0.29,,F50 18aug 3.8,
FCR,50,7/18/22 10:50,1.6,1,9/20/22,5.96,3.59,9.55,0.55,,F50 18jul 1.6,
FCR,50,7/18/22 11:23,8,1,9/20/22,2.15,5.76,7.91,0.49,,F50 18jul 8.0,
FCR,50,8/22/22 1:32,6.2,1,9/20/22,2.42,5.84,8.26,1.02,,F50 22aug 6.2,
FCR,50,5/23/22 10:03,1.6,1,9/20/22,4.1,4.57,8.67,0.27,,F50 23may 1.6,
FCR,50,6/27/22 9:43,0.1,1,9/20/22,5.99,3.11,9.11,0.51,,F50 27jun 0.1,
FCR,50,6/27/22 9:55,1.6,1,9/20/22,4.05,3.7,7.74,0.4,,F50 27jun 1.6,
FCR,50,6/27/22 10:05,3.8,1,9/20/22,2.99,4.17,7.16,0.25,,F50 27jun 3.8,
FCR,50,6/27/22 10:14,5,1,9/20/22,2.34,4.86,7.2,0.28,,F50 27jun 5.0,
FCR,50,6/27/22 10:23,6.2,1,9/20/22,2.26,5.44,7.7,0.29,,F50 27jun 6.2,
FCR,50,6/27/22 10:33,8,1,9/20/22,2.11,5.78,7.89,0.42,,F50 27jun 8.0,
FCR,50,6/27/22 10:48,9,1,9/20/22,2.69,5.86,8.54,0.34,,F50 27jun 9.0,
FCR,50,8/29/22 10:16,5,1,9/20/22,2.29,6.64,8.94,0.93,,F50 29aug 5.0,
FCR,50,8/29/22 10:19,6.2,1,9/20/22,1.88,7.23,9.11,1.21,,F50 29aug 6.2,
FCR,50,8/29/22 10:26,8,1,9/20/22,1.78,7.41,9.18,1.33,,F50 29aug 8.0,
FCR,100,8/29/22 10:53,0.1,1,9/20/22,1.35,5.55,6.91,0.25,,F50 29aug weir,
CCR,301,6/30/22 13:10,0.1,1,9/20/22,1.9,2.88,4.78,0.2,,SMB 30jun 0.1,
FCR,100,8/18/22 12:35,0.1,1,10/6/22,1.56,5.62,7.18,0.21,,? 18aug weir,
FCR,200,8/18/22 13:15,0.1,1,10/6/22,3.56,4.02,7.58,0.19,,? 18 aug wet,
BVR,50,4/12/22 14:34,3,1,10/6/22,3.3,3,6.3,0.18,,b 12apr 3.0,
BVR,50,4/12/22 14:56,9,1,10/6/22,2.58,3.11,5.69,0.19,,b 12apr 9.0,
BVR,50,8/1/22 10:28,0.1,1,10/6/22,3.43,3.16,6.6,0.3,,b50 01aug 0.1,
BVR,50,9/5/22 10:22,3,1,10/6/22,3.58,3.24,6.82,0.27,,b50 05sep 3.0,
BVR,50,9/5/22 10:25,6,1,10/6/22,2.62,5.51,8.13,1.24,,b50 05sep 6.0,
BVR,50,8/18/22 10:12,0.1,1,10/6/22,3.28,3.11,6.39,0.25,,b50 18aug 0.1,
BVR,50,8/18/22 10:18,3,1,10/6/22,2.78,3.3,6.07,0.2,,b50 18aug 3.0,
BVR,50,8/18/22 10:35,6,1,10/6/22,1.75,5.7,7.46,1.07,,b50 18aug 6.0,
BVR,50,8/18/22 10:47,7,1,10/6/22,3.34,5.47,8.81,2.19,,b50 18aug 7.0,
BVR,50,8/22/22 10:30,0.1,1,10/6/22,3.17,3.06,6.23,0.21,,b50 22aug 0.1,
BVR,50,8/22/22 10:39,3,1,10/6/22,2.63,3.24,5.86,0.22,,b50 22aug 3.0,
BVR,50,8/22/22 11:00,6,1,10/6/22,2.79,4.91,7.7,1.37,,b50 22aug 6.0,
BVR,50,8/22/22 11:14,7,1,10/6/22,3.24,5.43,8.67,1.92,,b50 22aug 7.0,
CCR,301,7/14/22 12:00,0.1,1,10/6/22,1.81,2.41,4.23,0.13,,c 14jul SMB,
CCR,50,4/20/22 10:04,0.1,1,10/6/22,3.06,8.96,12.02,0.16,,c 20apr 0.1,
CCR,,,0.1,1,10/6/22,2.91,1.21,4.12,0.13,,c 20apr Z,
CCR,50,6/9/22 11:27,21,1,10/6/22,2.42,10.39,12.82,0.31,,c50 09jul 21.0,
CCR,50,6/9/22 10:40,6,1,10/6/22,2.89,8.05,10.94,0.17,,c50 09jul 6.0,
CCR,50,6/9/22 10:13,0.1,1,10/6/22,3.55,7.46,11.02,0.14,,c50 09jun 0.1,
CCR,50,6/9/22 10:48,9,1,10/6/22,2.21,8.93,11.14,0.19,,c50 09jun 9.0,
CCR,50,8/19/22 9:30,0.1,1,10/6/22,3.09,7.66,10.75,0.18,,c50 19aug 0.1,
CCR,50,8/19/22 9:42,1.5,1,10/6/22,2.61,7.82,10.43,0.15,,c50 19aug 1.5,
CCR,50,8/19/22 10:38,20,1,10/6/22,3,12.93,15.93,0.66,,c50 19aug 20.0,
CCR,50,8/19/22 9:56,6,1,10/6/22,2.52,8.15,10.66,0.15,,c50 19aug 6.0,
CCR,50,8/19/22 10:11,9,1,10/6/22,2.4,9.75,12.16,0.18,,c50 19aug 9.0,
CCR,100,6/9/22 12:15,0.1,1,10/6/22,1.29,2.23,3.52,0.25,,ccr 09jun hbp,
CCR,201,6/9/22 12:53,0.1,1,10/6/22,1.55,7.19,8.74,0.11,,ccs 09jun 0.1,
CCR,201,7/14/22 12:00,0.1,1,10/6/22,1.9,8.77,10.68,0.13,,ccs 14jul 0.1,
CCR,201,8/19/22 13:32,0.1,1,10/6/22,1.89,7.63,9.52,0.11,,ccs 19aug 0.1,
CCR,500,6/9/22 12:20,0.1,1,10/6/22,1.14,25.8,26.94,0.2,,cct 09jun 0.1,
FCR,50,8/1/22 10:26,0.1,1,10/6/22,4.85,3.84,8.7,0.34,,f 01aug 0.1,
FCR,50,8/1/22 10:33,1.6,1,10/6/22,4.25,3.82,8.07,0.34,,f 01aug 1.6,
FCR,50,8/1/22 10:52,5,1,10/6/22,2.46,5.72,8.18,0.36,,f 01aug 5.0,
FCR,50,8/1/22 11:04,6.2,1,10/6/22,2,6.02,8.02,0.66,,f 01aug 6.2,
FCR,50,5/2/22 14:20,0.1,1,10/6/22,3.62,3.9,7.53,0.2,,f 02may 0.1,
FCR,50,5/2/22 14:35,1.6,1,10/6/22,11.94,4,15.94,0.32,,f 02may 1.6,
FCR,50,5/2/22 15:00,5,1,10/6/22,3.51,3.7,7.22,0.21,,f 02may 5.0,
FCR,50,5/2/22 15:13,6.2,1,10/6/22,2.84,3.83,6.67,0.18,,f 02may 6.2,
FCR,100,5/2/22 12:00,0.1,1,10/6/22,3.16,3.08,6.24,0.1,,f 02may weir,
FCR,200,5/2/22 12:00,0.1,1,10/6/22,2.35,4.29,6.64,0.1,,f 02may wet,
FCR,200,5/9/22 9:45,0.1,1,10/6/22,2.07,4.17,6.24,0.11,,f 09may wet,
FCR,50,4/12/22 11:10,3.8,1,10/6/22,3.68,2.52,6.2,0.17,,f 12apr 3.8,
FCR,50,4/12/22 11:26,5,1,10/6/22,2.93,3.99,6.92,0.18,,f 12apr 5.0,
FCR,50,4/12/22 11:48,8,1,10/6/22,3.3,4.13,7.42,0.26,,f 12apr 8.0,
FCR,50,4/12/22 11:59,9,1,10/6/22,3.97,3.06,7.03,0.23,,f 12apr 9.0,
FCR,50,4/19/22 10:01,0.1,1,10/6/22,3.07,3.89,6.96,0.16,,f 19apr 0.1,
FCR,50,4/19/22 10:11,1.6,1,10/6/22,3.8,4.02,7.82,0.22,,f 19apr 1.6,
FCR,50,4/19/22 10:19,3.8,1,10/6/22,3.94,3.78,7.72,0.27,,f 19apr 3.8,
FCR,50,4/19/22 10:48,8,1,10/6/22,2.6,4.17,6.78,0.19,,f 19apr 8.0,
FCR,50,4/19/22 11:01,9,1,10/6/22,2.59,4.3,6.89,0.26,,f 19apr 9.0,
FCR,100,4/19/22 12:45,0.1,1,10/6/22,2.06,3.31,5.37,0.09,,f 19apr weir,
FCR,200,4/19/22 13:36,0.1,1,10/6/22,2.44,3.61,6.05,0.15,,f 19apr wet,
FCR,100,5/31/22 12:05,0.1,1,10/6/22,2.88,3.09,5.96,0.17,,f 31may weir,
FCR,200,5/31/22 12:33,0.1,1,10/6/22,2.06,4.1,6.15,0.18,,f 31may wet,
FCR,100,8/1/22 9:54,0.1,1,10/6/22,2.84,4.15,6.99,0.27,,f100 01aug weir,
FCR,50,6/7/22 13:25,0.1,1,10/6/22,7.72,3.2,10.92,0.44,7-Jun,f50 03jun 0.1,
FCR,50,9/5/22 12:52,0.1,1,10/6/22,3.64,4.12,7.76,0.23,,f50 05sep 0.1,
FCR,50,9/5/22 13:02,3.8,1,10/6/22,2.57,5.75,8.31,0.3,,f50 05sep 3.8,
FCR,50,9/5/22 13:15,8,1,10/6/22,1.81,6.57,8.38,1.02,,f50 05sep 8.0,
FCR,50,9/5/22 13:22,9,1,10/6/22,0.6,6.28,6.88,1.05,,f50 05sep 9.0,
FCR,50,6/7/22 13:57,3.8,1,10/6/22,3.31,4.18,7.49,0.21,,f50 07jun 3.8,
FCR,50,6/7/22 14:13,6.2,1,10/6/22,9.77,5.46,15.23,0.34,,f50 07jun 6.2,
FCR,50,6/7/22 14:27,8,1,10/6/22,10.92,5.63,16.55,0.38,,f50 07jun 8.0,
FCR,50,8/8/22 9:50,1.6,1,10/6/22,4.26,4.15,8.42,0.37,,f50 08aug 1.6,
FCR,50,8/8/22 9:56,3.8,1,10/6/22,1.89,5.59,7.48,0.14,,f50 08aug 3.8,
FCR,50,8/8/22 10:03,5,1,10/6/22,1.51,6,7.51,0.58,,f50 08aug 5.0,
FCR,50,8/8/22 10:20,6.2,1,10/6/22,1.64,5.88,7.52,0.64,,f50 08aug 6.2,
FCR,50,8/8/22 10:40,8,1,10/6/22,1.31,6.03,7.34,0.78,,f50 08aug 8.0 or 9.0,
FCR,50,8/8/22 10:55,9,1,10/6/22,1.46,6.29,7.75,0.82,,f50 08aug 9.0,
FCR,50,5/9/22 12:06,1.6,1,10/6/22,3.08,3.88,6.96,0.14,,f50 09may 1.6,
FCR,50,5/9/22 12:58,8,1,10/6/22,2.54,4.5,7.04,0.17,,f50 09may 8.0,
FCR,50,6/13/22 9:55,1.6,1,10/6/22,2.82,4.77,7.59,0.18,,f50 13jun 1.6,
FCR,50,6/13/22 10:06,3.8,1,10/6/22,2.42,4.26,6.68,0.21,,f50 13jun 3.8,
FCR,50,6/13/22 10:32,6.2,1,10/6/22,2.78,4.77,7.55,0.33,,f50 13jun 6.2,
FCR,50,8/18/22 9:38,0.1,1,10/6/22,3.69,4.02,7.71,0.32,,f50 18aug 0.1,
FCR,50,8/18/22 9:50,1.6,1,10/6/22,3.55,4.18,7.73,0.38,,f50 18aug 1.6,
FCR,50,8/18/22 10:20,6.2,1,10/6/22,2.49,6.7,9.19,1,,f50 18aug 6.2,
FCR,50,8/18/22 10:30,8,1,10/6/22,2.31,6.7,9.01,1.14,,f50 18aug 8.0,
FCR,50,8/18/22 10:40,9,1,10/6/22,2.14,6.63,8.77,0.92,,f50 18aug 9.0,
FCR,50,8/22/22 12:00,0.1,1,10/6/22,3.45,4.03,7.48,0.22,,f50 22aug 0.1,
FCR,50,8/22/22 12:00,1.6,1,10/6/22,3.59,4.07,7.66,0.29,,f50 22aug 1.6,
FCR,50,8/22/22 12:00,3.8,1,10/6/22,2.32,5.54,7.86,0.22,,f50 22aug 3.8,
FCR,50,8/22/22 1:22,5,1,10/6/22,1.83,6.54,8.37,0.96,,f50 22aug 5.0,
FCR,50,8/22/22 1:50,8,1,10/6/22,1.33,6.09,7.43,0.9,,f50 22aug 8.0,
FCR,50,8/22/22 2:00,9,1,10/6/22,2.64,6.53,9.17,1.36,,f50 22aug 9.0,
FCR,50,5/23/22 9:51,0.1,1,10/6/22,3.82,4.65,8.47,0.2,,f50 23may 0.1,
FCR,50,5/23/22 10:22,5,1,10/6/22,5.01,4.19,9.2,0.37,,f50 23may 5.0,
FCR,50,5/23/22 10:48,8,1,10/6/22,3.95,5.06,9.01,0.2,,f50 23may 8.0,
FCR,50,8/29/22 9:52,0.1,1,10/6/22,3.19,3.93,7.13,0.24,,f50 29aug 0.1,
FCR,50,8/29/22 10:04,1.6,1,10/6/22,3.32,4.19,7.52,0.26,,f50 29aug 1.6,
FCR,50,8/29/22 10:09,3.8,1,10/6/22,3.14,5.15,8.29,0.24,,f50 29aug 3.8,
FCR,50,8/29/22 10:30,9,1,10/6/22,2.44,6.36,8.81,1.52,,f50 29aug 9.0,
FCR,50,5/31/22 9:48,0.1,1,10/6/22,3.36,3.26,6.62,0.2,,f50 31may 0.1,
FCR,50,5/31/22 10:17,5,1,10/6/22,3.2,4.07,7.27,0.18,,f50 31may 5.0,
FCR,50,5/31/22 11:00,9,1,10/6/22,3.54,5.76,9.29,0.22,,f50 31may 9.0,
CCR,301,6/9/22 11:34,0.1,1,10/6/22,1.45,1.52,2.97,0.08,,smb 09jun 0.1,
CCR,301,8/19/22 12:39,0.1,1,10/6/22,1.43,2.44,3.87,0.11,,smb 19aug 0.1,
CCR,400,6/9/22 10:12,0.1,1,10/6/22,2.86,8.27,11.13,0.2,,tct 09jun 0.1,
BVR,50,8/1/22 10:30,3,1,11/8/22,4.1,3.2,7.3,0.37,,b50 01aug 3.0,
BVR,50,8/1/22 10:48,6,1,11/8/22,2.7,5,7.8,0.98,,b50 01aug 6.0,
BVR,50,8/1/22 10:58,8,1,11/8/22,3.6,5.1,8.7,1.6,,b50 01aug 8.0,
BVR,50,9/5/22 10:15,0.1,1,11/8/22,3.4,3,6.4,0.32,,b50 05sep 0.1,
BVR,50,10/11/22 11:26,7,1,11/8/22,3.9,5,8.9,1.78,,b50 11 oct 7.0,
BVR,50,10/11/22 11:00,0.1,1,11/8/22,3.1,3.7,6.8,0.48,,b50 11oct 0.1,
BVR,50,10/11/22 11:10,3,1,11/8/22,3.5,3.6,7,0.42,,b50 11oct 3.0,
BVR,50,10/11/22 11:15,6,1,11/8/22,2.7,4.4,7.1,0.78,,b50 11oct 6.0,
BVR,50,9/19/22 10:02,0.1,1,11/8/22,3.8,2.8,6.6,0.24,,b50 19sep 0.1,
BVR,50,9/19/22 10:07,3,1,11/8/22,3.9,3,6.9,0.32,,b50 19sep 3.0,
BVR,50,9/19/22 10:12,6,1,11/8/22,2.8,5.6,8.3,1.92,,b50 19sep 6.0,
BVR,50,9/19/22 10:20,7,1,11/8/22,2.8,6.8,9.6,3.3,,b50 19sep 7.0,
BVR,50,10/24/22 10:53,0.1,1,11/8/22,3.6,3.4,7,0.52,,b50 24oct 0.1,
BVR,50,10/24/22 11:00,3,1,11/8/22,3.1,2.4,5.6,0.24,,b50 24oct 3.0,
BVR,50,10/24/22 11:10,6,1,11/8/22,3,3.9,6.9,0.5,,b50 24oct 6.0,
BVR,50,10/24/22 11:21,7,1,11/8/22,3.8,3.7,7.5,0.65,,b50 24oct 7.0,
CCR,400,10/14/22 12:25,0.1,1,11/8/22,8.8,66.2,75.1,1.14,rerun so delete,c 14oct tct,
CCR,301,9/29/22 10:34,0.1,1,11/8/22,1,3,4.1,0.11,,c?? 29sep smb,
CCR,50,9/29/22 12:30,0.1,1,11/8/22,2.7,8.6,11.3,0.14,,c50 29sep 0.1,
CCR,50,9/29/22 12:37,1.5,1,11/8/22,2.6,8.8,11.4,0.17,,c50 29sep 1.5,
CCR,50,9/29/22 15:22,15,1,11/8/22,2,10.2,12.2,0.22,,c50 29sep 15.0,
CCR,50,9/29/22 14:30,20,1,11/8/22,2.3,10.9,13.2,0.34,,c50 29sep 21.0,
CCR,50,9/29/22 12:55,6,1,11/8/22,2.8,8.6,11.3,0.15,,c50 29sep 6.0,
CCR,50,9/29/22 13:07,9,1,11/8/22,2.3,9.4,11.6,0.19,,c50 29sep 9.0,
CCR,50,10/14/22 14:01,0.1,1,11/8/22,2.5,9.4,11.9,0.17,,ccr 14oct 0.1,
CCR,50,10/14/22 14:11,1.5,1,11/8/22,2.1,9.8,11.9,0.21,,ccr 14oct 1.5,
CCR,50,10/14/22 14:45,15,1,11/8/22,2.2,10,12.1,0.22,,ccr 14oct 15.0,
CCR,50,10/14/22 14:21,6,1,11/8/22,2.6,9.5,12.1,0.15,,ccr 14oct 6.0,
CCR,50,10/14/22 14:31,9,1,11/8/22,2.5,9.3,11.8,0.16,,ccr 14oct 9.0,
CCR,201,10/14/22 10:20,0.1,1,11/8/22,2,9.5,11.4,0.09,,ccr 14oct ccs,
CCR,301,10/14/22 11:25,0.1,1,11/8/22,2,2.6,4.5,0.11,,ccr 14oct smb,
FCR,100,10/3/22 14:00,0.1,1,11/8/22,2,3.7,5.8,0.16,,f 03oct weir,
FCR,50,10/17/22 11:05,0.1,1,11/8/22,3.3,4.4,7.7,0.27,,f 17oct 0.1,
FCR,100,9/13/22 13:10,0.1,1,11/8/22,1.6,4.7,6.3,0.26,,f100 13sep weir,
FCR,200,9/26/22 14:30,0.1,1,11/8/22,1.9,5.4,7.3,0.14,,f200 26sep wet,
FCR,50,10/3/22 10:54,0.1,1,11/8/22,2.8,4.6,7.4,0.35,,f50 03oct 0.1,
FCR,50,10/3/22 11:00,1.6,1,11/8/22,2.9,4.7,7.7,0.38,,f50 03oct 1.6,
FCR,50,10/3/22 11:05,3.8,1,11/8/22,2.9,4.8,7.6,0.38,,f50 03oct 3.8,
FCR,50,10/3/22 11:10,5,1,11/8/22,3.2,4.5,7.7,0.31,,f50 03oct 5.0,
FCR,50,10/3/22 11:15,6.2,1,11/8/22,2,6.9,8.8,1.33,,f50 03oct 6.2,
FCR,50,10/3/22 11:21,8,1,11/8/22,1.7,7.9,9.7,1.67,,f50 03oct 8.0,
FCR,50,10/3/22 11:30,9,1,11/8/22,1.9,8.4,10.3,2.11,,f50 03oct 9.0,
FCR,50,9/5/22 13:08,5,1,11/8/22,2,6.7,8.7,1.17,,f50 05sep 5.0,
FCR,50,10/11/22 13:35,0.1,1,11/8/22,2.3,4.5,6.8,0.3,,f50 11oct 0.1,
FCR,50,10/11/22 13:49,1.6,1,11/8/22,3.1,4.4,7.4,0.32,,f50 11oct 1.6,
FCR,50,10/11/22 14:01,3.8,1,11/8/22,2.8,4.5,7.4,0.34,,f50 11oct 3.8,
FCR,50,10/11/22 14:07,5,1,11/8/22,2.8,4.6,7.4,0.38,,f50 11oct 5.0,
FCR,50,10/11/22 14:14,6.2,1,11/8/22,2.7,5.9,8.6,1.01,,f50 11oct 6.2,
FCR,50,10/11/22 14:21,8,1,11/8/22,2,7.2,9.2,1.37,,f50 11oct 8.0,
FCR,50,10/11/22 14:29,9,1,11/8/22,1.7,7.7,9.4,1.68,,f50 11oct 9.0,
FCR,200,10/17/22 13:19,0.1,1,11/8/22,3.3,5.7,9,0.16,,f50 12oct wet  or 17oct?,
FCR,50,9/13/22 9:55,0.1,1,11/8/22,3.6,3.9,7.5,0.26,,f50 13sep 0.1,
FCR,50,9/13/22 10:07,1.6,1,11/8/22,3.6,4.2,7.8,0.28,,f50 13sep 1.6,
FCR,50,9/13/22 10:18,3.8,1,11/8/22,2.7,5.3,8,0.3,,f50 13sep 3.8,
FCR,50,9/13/22 10:30,5,1,11/8/22,2.2,6.4,8.6,0.77,,f50 13sep 5.0,
FCR,50,9/13/22 10:40,6.2,1,11/8/22,1.7,7,8.7,1.35,,f50 13sep 6.2,
FCR,50,9/13/22 10:50,8,1,11/8/22,2.5,7.1,9.5,1.52,,f50 13sep 8.0,
FCR,50,9/13/22 11:00,9,1,11/8/22,2.8,6.2,8.9,1.43,,f50 13sep 9.0,
FCR,50,10/17/22 11:15,1.6,1,11/8/22,4.4,4.3,8.6,0.38,,f50 17oct 1.6,
FCR,50,10/17/22 11:22,3.8,1,11/8/22,2.9,4.7,7.6,0.33,,f50 17oct 3.8,
FCR,50,10/17/22 11:28,5,1,11/8/22,3.2,4.5,7.8,0.36,,f50 17oct 5.0,
FCR,50,10/17/22 11:33,6.2,1,11/8/22,3,6.2,9.2,1.19,,f50 17oct 6.2,
FCR,50,10/17/22 11:39,8,1,11/8/22,2.5,6.5,9,1.23,,f50 17oct 8.0,
FCR,50,10/17/22 11:45,9,1,11/8/22,2.7,7,9.7,1.59,,f50 17oct 9.0,
FCR,100,10/17/22 13:08,0.1,1,11/8/22,3.1,5.6,8.7,0.15,,f50 17oct weir,
FCR,50,8/18/22 10:11,5,1,11/8/22,2.7,5.2,7.8,0.56,,f50 18aug 5.0,
FCR,50,9/19/22 12:23,0.1,1,11/8/22,3.5,4.2,7.8,0.23,,f50 19sep 0.1,
FCR,50,9/19/22 12:33,1.6,1,11/8/22,3.4,4.1,7.5,0.26,,f50 19sep 1.6,
FCR,50,9/19/22 12:43,3.8,1,11/8/22,2.8,6.7,9.6,0.26,,f50 19sep 3.8,
FCR,50,9/19/22 12:53,5,1,11/8/22,2.1,6.4,8.5,0.72,,f50 19sep 5.0,
FCR,50,9/19/22 13:03,6.2,1,11/8/22,1.8,6.8,8.6,1.41,,f50 19sep 6.2,
FCR,50,9/19/22 13:13,8,1,11/8/22,2.3,6.7,9,1.46,,f50 19sep 8.0,
FCR,50,9/19/22 13:23,9,1,11/8/22,1.6,7.4,9,1.71,,f50 19sep 9.0,
FCR,50,10/24/22 14:20,0.1,1,11/8/22,3.2,4.7,7.9,0.37,,f50 24oct 0.1,
FCR,50,10/24/22 14:30,1.6,1,11/8/22,2.8,5,7.8,0.39,,f50 24oct 1.6,
FCR,50,10/24/22 14:40,3.8,1,11/8/22,2.4,5,7.3,0.37,,f50 24oct 3.8,
FCR,50,10/24/22 14:50,5,1,11/8/22,2.9,4.9,7.8,0.4,,f50 24oct 5.0,
FCR,50,10/24/22 15:00,6.2,1,11/8/22,2.7,5.1,7.8,0.41,,f50 24oct 6.2,
FCR,50,10/24/22 15:10,8,1,11/8/22,2.8,5.1,7.9,0.4,,f50 24oct 8.0,
FCR,50,10/24/22 15:20,9,1,11/8/22,3.1,4.5,7.6,0.39,,f50 24oct 9.0,
FCR,50,9/26/22 11:22,0.1,1,11/8/22,3.1,4.7,7.8,0.21,,f50 26sep 0.1,
FCR,50,9/26/22 11:27,1.6,1,11/8/22,3.2,4.3,7.5,0.21,,f50 26sep 1.6,
FCR,50,9/26/22 11:33,3.8,1,11/8/22,3.2,4.6,7.8,0.24,,f50 26sep 3.8,
FCR,50,9/26/22 11:40,5,1,11/8/22,2.3,5.9,8.1,0.83,,f50 26sep 5.0,
FCR,50,9/26/22 11:47,6.2,1,11/8/22,2.2,7.7,9.8,1.58,,f50 26sep 6.2,
FCR,50,9/26/22 11:57,8,1,11/8/22,1.9,7.1,9,1.58,,f50 26sep 8.0,
FCR,50,9/26/22 12:09,9,1,11/8/22,2.2,7.1,9.3,1.66,,f50 26sep 9.0,
FCR,100,9/26/22 13:34,0.1,1,11/8/22,1.5,4.9,6.3,0.12,,f50 26sep weir,
FCR,50,8/1/22 10:43,3.8,1,11/8/22,3.4,4.3,7.7,0.3,,fcr 01aug 3.8,
FCR,50,2/3/23 12:37,1.6,1,3/24/23,3.3,4.5,7.8,0.25,,F3feb23 1.6m S,
FCR,50,2/3/23 12:43,3.8,1,3/24/23,3.2,4.3,7.5,0.25,,F3feb23 3.8m S,
FCR,50,2/3/23 12:03,9,1,3/24/23,3.2,4.2,7.4,0.21,,F50 3feb23 9m S,
BVR,50,3/21/23 10:55,0.1,1,3/24/23,3.1,2.7,5.8,0.31,,B50 21mar23 0.1m S,
BVR,50,11/16/22 10:35,3,1,3/24/23,3.8,3.9,7.6,0.72,,B50 16nov22 3m S,
FCR,50,11/8/22 13:05,5,1,3/24/23,3.3,5.1,8.4,0.56,,F50 8nov22 5m S,
BVR,50,3/21/23 11:25,3,1,3/24/23,3,2.8,5.7,0.33,,B50 21mar23 3m S,
BVR,50,3/21/23 11:58,9,1,3/24/23,2.9,2.8,5.7,0.31,,B50 21mar23 9m S,
FCR,50,2/3/23 12:30,0.1,1,3/24/23,3,4.1,7.1,0.22,,F3feb23 0.1m S,
FCR,50,2/3/23 12:53,6.2,1,3/24/23,3.2,4.2,7.4,0.23,,F3feb23 6.2m S,
BVR,50,11/16/22 10:23,0.1,1,3/24/23,3.25,4.41,7.66,0.7,,B50 16nov22 0.1m S,
FCR,50,11/28/22 11:35,0.1,1,3/24/23,3.83,4.7,8.54,0.28,,F50 28nov22 0.1m S,
BVR,50,11/8/22 10:40,7,1,3/24/23,3.84,4.72,8.56,1.12,,B50 8nov22 7m S,
BVR,50,11/8/22 10:05,0.1,1,3/24/23,4.13,4.09,8.22,0.56,,B50 8nov22 0.1m S,
CCR,50,11/17/22 13:45,21,1,3/24/23,3.7,14.16,17.86,0.36,,C50 17nov22 21m S,
BVR,50,12/16/22 11:20,8,1,3/24/23,3.19,4.25,7.44,0.66,,B50 16dec22 8m S,
FCR,50,12/12/22 11:20,9,1,3/24/23,3.9,4.62,8.53,0.28,,F50 12dec22 9m S,
FCR,50,11/28/22 11:40,1.6,1,3/24/23,3.67,4.72,8.39,0.25,,F50 28nov22 1.6m S,
BVR,50,12/16/22 10:50,0.1,1,3/24/23,3.54,3.72,7.27,0.66,,B50 16dec22 0.1m S,
FCR,50,2/3/23 12:58,8,1,3/24/23,3.07,4.1,7.17,0.23,,F3feb23 8m S,
FCR,100,11/16/22 15:15,0.1,1,3/27/23,2.9,3.71,6.61,0.13,,F100 16nov22 0.1m S,
FCR,50,11/16/22 14:17,8,1,3/27/23,4.09,4.7,8.79,0.38,,F50 16nov22 8m S,
CCR,301,11/17/22 11:00,0.1,1,3/27/23,2.26,0.54,2.8,0.14,,CCR 17nov22 SMB S,
FCR,50,11/8/22 13:00,3.8,1,3/27/23,3.53,4.92,8.44,0.37,,F50 8nov22 3.8m S,
FCR,100,11/28/22 13:40,0.1,1,3/27/23,1.86,4.1,5.96,0.1,,F100 28nov22 0.1m S,
FCR,50,11/28/22 11:57,8,1,3/27/23,4.09,4.66,8.74,0.32,,F50 28nov22 8m,
FCR,50,12/12/22 11:15,8,1,3/27/23,4.12,4.72,8.84,0.3,,F50 12dec22 8m,
FCR,50,12/12/22 10:54,5,1,3/27/23,3.98,4.58,8.56,0.3,,F50 12dec22 5m,
FCR,50,11/28/22 11:45,3.8,1,3/27/23,3.83,4.74,8.56,0.28,,F50 28nov22 3.8m,
FCR,50,11/28/22 11:50,5,1,3/27/23,4.02,4.74,8.76,0.29,,F50 28nov22 5m,
BVR,50,11/28/22 10:15,8,1,3/27/23,3.51,4.22,7.73,0.77,,B50 28nov22 8m,
FCR,50,11/16/22 13:37,3.8,1,3/27/23,3.83,4.88,8.7,0.39,,F50 16nov22 3.8m,
CCR,50,11/17/22 13:39,9,1,3/27/23,2.97,11.19,14.16,0.27,,C50 17nov22 9m,
FCR,50,11/8/22 13:10,6.2,1,3/27/23,3.35,5.55,8.91,0.62,,F50 8nov22 6.2m,
BVR,50,11/28/22 10:05,6,1,3/27/23,3.48,3.91,7.39,0.78,,B50 28nov22 6m,
FCR,50,11/8/22 13:20,8,1,3/27/23,3.2,5.25,8.45,0.65,,F50 8nov22 8m,
FCR,50,11/28/22 12:01,9,1,3/27/23,4.04,4.75,8.79,0.32,,F50 28nov22 9m,
CCR,201,11/17/22 9:30,0.1,1,3/27/23,3.15,3.36,6.51,0.17,,CCR 17nov22 CCS,
BVR,50,12/16/22 11:00,3,1,3/27/23,3.28,3.63,6.9,0.74,,B50 16dec22 3m,
BVR,50,8/8/22 10:24,8,1,3/27/23,3.25,5.3,8.55,2.11,,B50 8aug22 8m,
FCR,50,2/3/23 12:48,5,1,3/27/23,2.95,4.31,7.26,0.26,,F50 3feb23 5m,
FCR,50,11/16/22 13:30,1.6,1,3/27/23,3.68,4.82,8.51,0.37,,F50 16nov22 1.6m,
FCR,50,11/16/22 13:45,5,1,3/27/23,3.87,4.99,8.86,0.38,,F50 16nov22 5m,
BVR,50,11/8/22 10:35,6,1,3/27/23,3.76,4.87,8.62,1.14,,B50 8nov22 6m,
CCR,50,11/17/22 13:34,6,1,3/27/23,3.16,10.82,13.98,0.31,,C50 17nov22 6m,
FCR,50,11/28/22 11:53,6.2,1,3/27/23,3.9,5.02,8.92,0.3,,F50 28nov22 6.2m,
BVR,50,11/8/22 10:25,3,1,3/28/23,3.42,4.33,7.76,0.61,,B50 8Nov22 3m,
FCR,50,11/16/22 13:20,0.1,1,3/28/23,4.15,4.73,8.87,0.44,,F50 16Nov22 0.1m,
FCR,50,12/12/22 10:39,3.8,1,3/28/23,3.79,4.48,8.26,0.27,,F50 12Dec22 3.8m,
FCR,50,12/12/22 11:03,6.2,1,3/28/23,4.63,4.49,9.11,0.25,,F50 12Dec22 6.2m,
BVR,50,11/28/22 9:49,0.1,1,3/28/23,3.35,3.73,7.08,0.7,,B50 28Nov22 0.1m,
FCR,50,11/16/22 14:05,6.2,1,3/28/23,3.92,4.66,8.58,0.34,,F50 16Nov22 6.2m,
BVR,50,11/16/22 10:54,8,1,3/28/23,3.51,3.84,7.35,0.71,8m,B50 16Nov22 7m,
FCR,50,12/12/22 10:14,0.1,1,3/28/23,4.01,4.47,8.48,0.31,,F50 12Dec22 0.1m,
FCR,200,12/12/22 10:41,0.1,1,3/28/23,1.88,3.98,5.86,0.16,,F200 12Dec22 wet,
FCR,100,2/3/23 10:20,0.1,1,3/28/23,1.44,3.36,4.81,0.08,,F50 03Feb23 weir,
FCR,50,12/12/22 10:30,1.6,1,3/28/23,3.62,4.76,8.38,0.25,,F50 12Dec22 1.6m,
FCR,50,11/8/22 12:40,0.1,1,3/28/23,3.88,4.78,8.66,0.3,,F50 8Nov22 0.1,
FCR,100,11/8/22 14:30,0.1,1,3/28/23,2.67,4.89,7.56,0.13,,F50 8Nov22 weir,
BVR,50,3/21/23 11:46,6,1,3/28/23,2.86,2.74,5.6,0.3,,B50 21Mar23 6m,
FCR,200,11/28/22 13:55,0.1,1,3/28/23,1.84,4.54,6.38,0.13,,F200 28Nov22 0.1m,
BVR,50,11/28/22 9:56,3,1,3/28/23,3.18,3.85,7.03,0.72,,B50 28Nov22 3m,
FCR,100,12/12/22 11:04,0.1,1,3/28/23,1.73,3.54,5.27,0.12,,F100 12Dec22 weir,
FCR,50,11/8/22 13:30,9,1,3/28/23,3.05,5.11,8.16,0.64,,F50 8Nov22 9m,
CCR,50,11/17/22 13:28,1.5,1,3/28/23,3.22,10.82,14.04,0.26,,C50 17Nov22 1.5m,
BVR,50,6/7/22 11:34,6,1,3/28/23,2.8,3.8,6.59,0.25,,B50 7Jun22 6m,
FCR,50,11/8/22 12:50,1.6,1,3/28/23,3.77,5.01,8.78,0.3,,F50 8nov22 1.6m S,
CCR,50,11/17/22 13:23,0.1,1,3/28/23,3.19,10.83,14.02,0.26,,C50 17nov22 0.1m S,
BVR,50,12/16/22 11:10,6,1,3/28/23,3.1,3.88,6.98,0.67,16-Dec,B50 12dec22 6m S,
BVR,50,11/16/22 10:45,6,1,3/28/23,3.36,3.91,7.27,0.73,,B50 16nov22 6m S,
FCR,50,11/16/22 14:27,9,1,3/28/23,3.84,4.6,8.43,0.36,,F50 16nov22 9m S,